$MeshFormat
4.1 0 8
$EndMeshFormat
$PhysicalNames
4
2 10 "wire_bottom"
2 11 "wire_top"
3 1 "wire"
3 2 "air"
$EndPhysicalNames
$Entities
56 84 32 2
1 -1 -1 0 0 
2 1 -1 0 0 
3 1 1 0 0 
4 -1 1 0 0 
100 0.2 0 0 0 
101 0.1931851652578137 0.05176380902050415 0 0 
102 0.1732050807568878 0.09999999999999999 0 0 
103 0.1414213562373095 0.1414213562373095 0 0 
104 0.1 0.1732050807568877 0 0 
105 0.05176380902050415 0.1931851652578137 0 0 
106 1.224606353822377e-17 0.2 0 0 
107 -0.05176380902050413 0.1931851652578137 0 0 
108 -0.09999999999999996 0.1732050807568878 0 0 
109 -0.1414213562373095 0.1414213562373095 0 0 
110 -0.1732050807568878 0.09999999999999999 0 0 
111 -0.1931851652578137 0.0517638090205042 0 0 
112 -0.2 2.449212707644755e-17 0 0 
113 -0.1931851652578137 -0.05176380902050416 0 0 
114 -0.1732050807568878 -0.09999999999999995 0 0 
115 -0.1414213562373096 -0.1414213562373094 0 0 
116 -0.1000000000000001 -0.1732050807568877 0 0 
117 -0.05176380902050413 -0.1931851652578137 0 0 
118 -3.673819061467132e-17 -0.2 0 0 
119 0.05176380902050406 -0.1931851652578137 0 0 
120 0.1 -0.1732050807568877 0 0 
121 0.1414213562373095 -0.1414213562373095 0 0 
122 0.1732050807568877 -0.1000000000000001 0 0 
123 0.1931851652578136 -0.05176380902050431 0 0 
124 0.2 0 1 0 
125 0.1931851652578137 0.05176380902050415 1 0 
129 0.1732050807568878 0.09999999999999999 1 0 
133 0.1414213562373095 0.1414213562373095 1 0 
137 0.1 0.1732050807568877 1 0 
141 0.05176380902050415 0.1931851652578137 1 0 
145 1.224606353822377e-17 0.2 1 0 
149 -0.05176380902050413 0.1931851652578137 1 0 
153 -0.09999999999999996 0.1732050807568878 1 0 
157 -0.1414213562373095 0.1414213562373095 1 0 
161 -0.1732050807568878 0.09999999999999999 1 0 
165 -0.1931851652578137 0.0517638090205042 1 0 
169 -0.2 2.449212707644755e-17 1 0 
173 -0.1931851652578137 -0.05176380902050416 1 0 
177 -0.1732050807568878 -0.09999999999999995 1 0 
181 -0.1414213562373096 -0.1414213562373094 1 0 
185 -0.1000000000000001 -0.1732050807568877 1 0 
189 -0.05176380902050413 -0.1931851652578137 1 0 
193 -3.673819061467132e-17 -0.2 1 0 
197 0.05176380902050406 -0.1931851652578137 1 0 
201 0.1 -0.1732050807568877 1 0 
205 0.1414213562373095 -0.1414213562373095 1 0 
209 0.1732050807568877 -0.1000000000000001 1 0 
213 0.1931851652578136 -0.05176380902050431 1 0 
214 -1 -1 1 0 
215 1 -1 1 0 
219 1 1 1 0 
223 -1 1 1 0 
1 -1 -1 0 1 -1 0 0 2 1 -2 
2 1 -1 0 1 1 0 0 2 2 -3 
3 -1 1 0 1 1 0 0 2 3 -4 
4 -1 -1 0 -1 1 0 0 2 4 -1 
100 0.1931851652578137 0 0 0.2 0.05176380902050415 0 0 2 100 -101 
101 0.1732050807568878 0.05176380902050415 0 0.1931851652578137 0.09999999999999999 0 0 2 101 -102 
102 0.1414213562373095 0.09999999999999999 0 0.1732050807568878 0.1414213562373095 0 0 2 102 -103 
103 0.1 0.1414213562373095 0 0.1414213562373095 0.1732050807568877 0 0 2 103 -104 
104 0.05176380902050415 0.1732050807568877 0 0.1 0.1931851652578137 0 0 2 104 -105 
105 1.387778780781446e-17 0.1931851652578137 0 0.05176380902050415 0.2 0 0 2 105 -106 
106 -0.05176380902050413 0.1931851652578137 0 1.387778780781446e-17 0.2 0 0 2 106 -107 
107 -0.09999999999999996 0.1732050807568878 0 -0.05176380902050413 0.1931851652578137 0 0 2 107 -108 
108 -0.1414213562373095 0.1414213562373095 0 -0.09999999999999996 0.1732050807568878 0 0 2 108 -109 
109 -0.1732050807568878 0.09999999999999999 0 -0.1414213562373095 0.1414213562373095 0 0 2 109 -110 
110 -0.1931851652578137 0.0517638090205042 0 -0.1732050807568878 0.09999999999999999 0 0 2 110 -111 
111 -0.2 2.775557561562891e-17 0 -0.1931851652578137 0.0517638090205042 0 0 2 111 -112 
112 -0.2 -0.05176380902050416 0 -0.1931851652578137 2.42861286636753e-17 0 0 2 112 -113 
113 -0.1931851652578137 -0.09999999999999995 0 -0.1732050807568878 -0.05176380902050416 0 0 2 113 -114 
114 -0.1732050807568878 -0.1414213562373094 0 -0.1414213562373096 -0.09999999999999995 0 0 2 114 -115 
115 -0.1414213562373096 -0.1732050807568877 0 -0.1000000000000001 -0.1414213562373094 0 0 2 115 -116 
116 -0.1000000000000001 -0.1931851652578137 0 -0.05176380902050413 -0.1732050807568877 0 0 2 116 -117 
117 -0.05176380902050413 -0.2 0 -3.469446951953614e-17 -0.1931851652578137 0 0 2 117 -118 
118 -3.816391647148976e-17 -0.2 0 0.05176380902050406 -0.1931851652578137 0 0 2 118 -119 
119 0.05176380902050406 -0.1931851652578137 0 0.1 -0.1732050807568877 0 0 2 119 -120 
120 0.1 -0.1732050807568877 0 0.1414213562373095 -0.1414213562373095 0 0 2 120 -121 
121 0.1414213562373095 -0.1414213562373095 0 0.1732050807568877 -0.1000000000000001 0 0 2 121 -122 
122 0.1732050807568877 -0.1000000000000001 0 0.1931851652578136 -0.05176380902050431 0 0 2 122 -123 
123 0.1931851652578136 -0.05176380902050431 0 0.2 0 0 0 2 123 -100 
125 0.1931851652578137 0 1 0.2 0.05176380902050415 1 0 2 124 -125 
126 0.1732050807568878 0.05176380902050415 1 0.1931851652578137 0.09999999999999999 1 0 2 125 -129 
127 0.1414213562373095 0.09999999999999999 1 0.1732050807568878 0.1414213562373095 1 0 2 129 -133 
128 0.1 0.1414213562373095 1 0.1414213562373095 0.1732050807568877 1 0 2 133 -137 
129 0.05176380902050415 0.1732050807568877 1 0.1 0.1931851652578137 1 0 2 137 -141 
130 1.387778780781446e-17 0.1931851652578137 1 0.05176380902050415 0.2 1 0 2 141 -145 
131 -0.05176380902050413 0.1931851652578137 1 1.387778780781446e-17 0.2 1 0 2 145 -149 
132 -0.09999999999999996 0.1732050807568878 1 -0.05176380902050413 0.1931851652578137 1 0 2 149 -153 
133 -0.1414213562373095 0.1414213562373095 1 -0.09999999999999996 0.1732050807568878 1 0 2 153 -157 
134 -0.1732050807568878 0.09999999999999999 1 -0.1414213562373095 0.1414213562373095 1 0 2 157 -161 
135 -0.1931851652578137 0.0517638090205042 1 -0.1732050807568878 0.09999999999999999 1 0 2 161 -165 
136 -0.2 2.775557561562891e-17 1 -0.1931851652578137 0.0517638090205042 1 0 2 165 -169 
137 -0.2 -0.05176380902050416 1 -0.1931851652578137 2.42861286636753e-17 1 0 2 169 -173 
138 -0.1931851652578137 -0.09999999999999995 1 -0.1732050807568878 -0.05176380902050416 1 0 2 173 -177 
139 -0.1732050807568878 -0.1414213562373094 1 -0.1414213562373096 -0.09999999999999995 1 0 2 177 -181 
140 -0.1414213562373096 -0.1732050807568877 1 -0.1000000000000001 -0.1414213562373094 1 0 2 181 -185 
141 -0.1000000000000001 -0.1931851652578137 1 -0.05176380902050413 -0.1732050807568877 1 0 2 185 -189 
142 -0.05176380902050413 -0.2 1 -3.469446951953614e-17 -0.1931851652578137 1 0 2 189 -193 
143 -3.816391647148976e-17 -0.2 1 0.05176380902050406 -0.1931851652578137 1 0 2 193 -197 
144 0.05176380902050406 -0.1931851652578137 1 0.1 -0.1732050807568877 1 0 2 197 -201 
145 0.1 -0.1732050807568877 1 0.1414213562373095 -0.1414213562373095 1 0 2 201 -205 
146 0.1414213562373095 -0.1414213562373095 1 0.1732050807568877 -0.1000000000000001 1 0 2 205 -209 
147 0.1732050807568877 -0.1000000000000001 1 0.1931851652578136 -0.05176380902050431 1 0 2 209 -213 
148 0.1931851652578136 -0.05176380902050431 1 0.2 0 1 0 2 213 -124 
150 0.2 0 0 0.2 0 1 0 2 100 -124 
151 0.1931851652578137 0.05176380902050415 0 0.1931851652578137 0.05176380902050415 1 0 2 101 -125 
155 0.1732050807568878 0.09999999999999999 0 0.1732050807568878 0.09999999999999999 1 0 2 102 -129 
159 0.1414213562373095 0.1414213562373095 0 0.1414213562373095 0.1414213562373095 1 0 2 103 -133 
163 0.1 0.1732050807568877 0 0.1 0.1732050807568877 1 0 2 104 -137 
167 0.05176380902050415 0.1931851652578137 0 0.05176380902050415 0.1931851652578137 1 0 2 105 -141 
171 1.224606353822377e-17 0.2 0 1.224606353822377e-17 0.2 1 0 2 106 -145 
175 -0.05176380902050413 0.1931851652578137 0 -0.05176380902050413 0.1931851652578137 1 0 2 107 -149 
179 -0.09999999999999996 0.1732050807568878 0 -0.09999999999999996 0.1732050807568878 1 0 2 108 -153 
183 -0.1414213562373095 0.1414213562373095 0 -0.1414213562373095 0.1414213562373095 1 0 2 109 -157 
187 -0.1732050807568878 0.09999999999999999 0 -0.1732050807568878 0.09999999999999999 1 0 2 110 -161 
191 -0.1931851652578137 0.0517638090205042 0 -0.1931851652578137 0.0517638090205042 1 0 2 111 -165 
195 -0.2 2.449212707644755e-17 0 -0.2 2.449212707644755e-17 1 0 2 112 -169 
199 -0.1931851652578137 -0.05176380902050416 0 -0.1931851652578137 -0.05176380902050416 1 0 2 113 -173 
203 -0.1732050807568878 -0.09999999999999995 0 -0.1732050807568878 -0.09999999999999995 1 0 2 114 -177 
207 -0.1414213562373096 -0.1414213562373094 0 -0.1414213562373096 -0.1414213562373094 1 0 2 115 -181 
211 -0.1000000000000001 -0.1732050807568877 0 -0.1000000000000001 -0.1732050807568877 1 0 2 116 -185 
215 -0.05176380902050413 -0.1931851652578137 0 -0.05176380902050413 -0.1931851652578137 1 0 2 117 -189 
219 -3.673819061467132e-17 -0.2 0 -3.673819061467132e-17 -0.2 1 0 2 118 -193 
223 0.05176380902050406 -0.1931851652578137 0 0.05176380902050406 -0.1931851652578137 1 0 2 119 -197 
227 0.1 -0.1732050807568877 0 0.1 -0.1732050807568877 1 0 2 120 -201 
231 0.1414213562373095 -0.1414213562373095 0 0.1414213562373095 -0.1414213562373095 1 0 2 121 -205 
235 0.1732050807568877 -0.1000000000000001 0 0.1732050807568877 -0.1000000000000001 1 0 2 122 -209 
239 0.1931851652578136 -0.05176380902050431 0 0.1931851652578136 -0.05176380902050431 1 0 2 123 -213 
247 -1 -1 1 1 -1 1 0 2 214 -215 
248 1 -1 1 1 1 1 0 2 215 -219 
249 -1 1 1 1 1 1 0 2 219 -223 
250 -1 -1 1 -1 1 1 0 2 223 -214 
276 -1 -1 0 -1 -1 1 0 2 1 -214 
277 1 -1 0 1 -1 1 0 2 2 -215 
281 1 1 0 1 1 1 0 2 3 -219 
285 -1 1 0 -1 1 1 0 2 4 -223 
1 -0.2 -0.2 0 0.2 0.2 0 1 10 24 100 101 102 103 104 105 106 107 108 109 110 111 112 113 114 115 116 117 118 119 120 121 122 123 
2 -1 -1 0 1 1 0 0 28 1 2 3 4 -123 -122 -121 -120 -119 -118 -117 -116 -115 -114 -113 -112 -111 -110 -109 -108 -107 -106 -105 -104 -103 -102 -101 -100 
152 0.1931851652578137 0 0 0.2 0.05176380902050415 1 0 4 100 151 -125 -150 
156 0.1732050807568878 0.05176380902050415 0 0.1931851652578137 0.09999999999999999 1 0 4 101 155 -126 -151 
160 0.1414213562373095 0.09999999999999999 0 0.1732050807568878 0.1414213562373095 1 0 4 102 159 -127 -155 
164 0.1 0.1414213562373095 0 0.1414213562373095 0.1732050807568877 1 0 4 103 163 -128 -159 
168 0.05176380902050415 0.1732050807568877 0 0.1 0.1931851652578137 1 0 4 104 167 -129 -163 
172 1.387778780781446e-17 0.1931851652578137 0 0.05176380902050415 0.2 1 0 4 105 171 -130 -167 
176 -0.05176380902050413 0.1931851652578137 0 1.387778780781446e-17 0.2 1 0 4 106 175 -131 -171 
180 -0.09999999999999996 0.1732050807568878 0 -0.05176380902050413 0.1931851652578137 1 0 4 107 179 -132 -175 
184 -0.1414213562373095 0.1414213562373095 0 -0.09999999999999996 0.1732050807568878 1 0 4 108 183 -133 -179 
188 -0.1732050807568878 0.09999999999999999 0 -0.1414213562373095 0.1414213562373095 1 0 4 109 187 -134 -183 
192 -0.1931851652578137 0.0517638090205042 0 -0.1732050807568878 0.09999999999999999 1 0 4 110 191 -135 -187 
196 -0.2 2.42861286636753e-17 0 -0.1931851652578137 0.0517638090205042 1 0 4 111 195 -136 -191 
200 -0.2 -0.05176380902050416 0 -0.1931851652578137 2.42861286636753e-17 1 0 4 112 199 -137 -195 
204 -0.1931851652578137 -0.09999999999999995 0 -0.1732050807568878 -0.05176380902050416 1 0 4 113 203 -138 -199 
208 -0.1732050807568878 -0.1414213562373094 0 -0.1414213562373096 -0.09999999999999995 1 0 4 114 207 -139 -203 
212 -0.1414213562373096 -0.1732050807568877 0 -0.1000000000000001 -0.1414213562373094 1 0 4 115 211 -140 -207 
216 -0.1000000000000001 -0.1931851652578137 0 -0.05176380902050413 -0.1732050807568877 1 0 4 116 215 -141 -211 
220 -0.05176380902050413 -0.2 0 -3.469446951953614e-17 -0.1931851652578137 1 0 4 117 219 -142 -215 
224 -3.816391647148976e-17 -0.2 0 0.05176380902050406 -0.1931851652578137 1 0 4 118 223 -143 -219 
228 0.05176380902050406 -0.1931851652578137 0 0.1 -0.1732050807568877 1 0 4 119 227 -144 -223 
232 0.1 -0.1732050807568877 0 0.1414213562373095 -0.1414213562373095 1 0 4 120 231 -145 -227 
236 0.1414213562373095 -0.1414213562373095 0 0.1732050807568877 -0.1000000000000001 1 0 4 121 235 -146 -231 
240 0.1732050807568877 -0.1000000000000001 0 0.1931851652578136 -0.05176380902050431 1 0 4 122 239 -147 -235 
244 0.1931851652578136 -0.05176380902050431 0 0.2 0 1 0 4 123 150 -148 -239 
245 -0.2 -0.2 1 0.2 0.2 1 1 11 24 125 126 127 128 129 130 131 132 133 134 135 136 137 138 139 140 141 142 143 144 145 146 147 148 
278 -1 -1 0 1 -1 1 0 4 1 277 -247 -276 
282 1 -1 0 1 1 1 0 4 2 281 -248 -277 
286 -1 1 0 1 1 1 0 4 3 285 -249 -281 
290 -1 -1 0 -1 1 1 0 4 4 276 -250 -285 
387 -1 -1 1 1 1 1 0 28 247 248 249 250 -148 -147 -146 -145 -144 -143 -142 -141 -140 -139 -138 -137 -136 -135 -134 -133 -132 -131 -130 -129 -128 -127 -126 -125 
1 -0.2 -0.2 0 0.2 0.2 1 1 1 26 -1 245 152 156 160 164 168 172 176 180 184 188 192 196 200 204 208 212 216 220 224 228 232 236 240 244 
2 -1 -1 0 1 1 1 1 2 30 -2 387 278 282 286 290 -244 -240 -236 -232 -228 -224 -220 -216 -212 -208 -204 -200 -196 -192 -188 -184 -180 -176 -172 -168 -164 -160 -156 -152 
$EndEntities
$Nodes
126 2912 1 2912
0 1 0 1
1
-1 -1 0
0 2 0 1
2
1 -1 0
0 3 0 1
3
1 1 0
0 4 0 1
4
-1 1 0
0 100 0 1
5
0.2 0 0
0 101 0 1
6
0.1931851652578137 0.05176380902050415 0
0 102 0 1
7
0.1732050807568878 0.09999999999999999 0
0 103 0 1
8
0.1414213562373095 0.1414213562373095 0
0 104 0 1
9
0.1 0.1732050807568877 0
0 105 0 1
10
0.05176380902050415 0.1931851652578137 0
0 106 0 1
11
1.224606353822377e-17 0.2 0
0 107 0 1
12
-0.05176380902050413 0.1931851652578137 0
0 108 0 1
13
-0.09999999999999996 0.1732050807568878 0
0 109 0 1
14
-0.1414213562373095 0.1414213562373095 0
0 110 0 1
15
-0.1732050807568878 0.09999999999999999 0
0 111 0 1
16
-0.1931851652578137 0.0517638090205042 0
0 112 0 1
17
-0.2 2.449212707644755e-17 0
0 113 0 1
18
-0.1931851652578137 -0.05176380902050416 0
0 114 0 1
19
-0.1732050807568878 -0.09999999999999995 0
0 115 0 1
20
-0.1414213562373096 -0.1414213562373094 0
0 116 0 1
21
-0.1000000000000001 -0.1732050807568877 0
0 117 0 1
22
-0.05176380902050413 -0.1931851652578137 0
0 118 0 1
23
-3.673819061467132e-17 -0.2 0
0 119 0 1
24
0.05176380902050406 -0.1931851652578137 0
0 120 0 1
25
0.1 -0.1732050807568877 0
0 121 0 1
26
0.1414213562373095 -0.1414213562373095 0
0 122 0 1
27
0.1732050807568877 -0.1000000000000001 0
0 123 0 1
28
0.1931851652578136 -0.05176380902050431 0
0 124 0 1
29
0.2 0 1
0 125 0 1
30
0.1931851652578137 0.05176380902050415 1
0 129 0 1
31
0.1732050807568878 0.09999999999999999 1
0 133 0 1
32
0.1414213562373095 0.1414213562373095 1
0 137 0 1
33
0.1 0.1732050807568877 1
0 141 0 1
34
0.05176380902050415 0.1931851652578137 1
0 145 0 1
35
1.224606353822377e-17 0.2 1
0 149 0 1
36
-0.05176380902050413 0.1931851652578137 1
0 153 0 1
37
-0.09999999999999996 0.1732050807568878 1
0 157 0 1
38
-0.1414213562373095 0.1414213562373095 1
0 161 0 1
39
-0.1732050807568878 0.09999999999999999 1
0 165 0 1
40
-0.1931851652578137 0.0517638090205042 1
0 169 0 1
41
-0.2 2.449212707644755e-17 1
0 173 0 1
42
-0.1931851652578137 -0.05176380902050416 1
0 177 0 1
43
-0.1732050807568878 -0.09999999999999995 1
0 181 0 1
44
-0.1414213562373096 -0.1414213562373094 1
0 185 0 1
45
-0.1000000000000001 -0.1732050807568877 1
0 189 0 1
46
-0.05176380902050413 -0.1931851652578137 1
0 193 0 1
47
-3.673819061467132e-17 -0.2 1
0 197 0 1
48
0.05176380902050406 -0.1931851652578137 1
0 201 0 1
49
0.1 -0.1732050807568877 1
0 205 0 1
50
0.1414213562373095 -0.1414213562373095 1
0 209 0 1
51
0.1732050807568877 -0.1000000000000001 1
0 213 0 1
52
0.1931851652578136 -0.05176380902050431 1
0 214 0 1
53
-1 -1 1
0 215 0 1
54
1 -1 1
0 219 0 1
55
1 1 1
0 223 0 1
56
-1 1 1
1 1 0 6
57
58
59
60
61
62
-0.7142857142865082 -1 0
-0.4285714285730164 -1 0
-0.1428571428595247 -1 0
0.1428571428547603 -1 0
0.4285714285698397 -1 0
0.7142857142849199 -1 0
1 2 0 6
63
64
65
66
67
68
1 -0.7142857142865082 0
1 -0.4285714285730164 0
1 -0.1428571428595247 0
1 0.1428571428547603 0
1 0.4285714285698397 0
1 0.7142857142849199 0
1 3 0 6
69
70
71
72
73
74
0.7142857142865082 1 0
0.4285714285730164 1 0
0.1428571428595247 1 0
-0.1428571428547603 1 0
-0.4285714285698397 1 0
-0.7142857142849199 1 0
1 4 0 6
75
76
77
78
79
80
-1 0.7142857142865082 0
-1 0.4285714285730164 0
-1 0.1428571428595247 0
-1 -0.1428571428547603 0
-1 -0.4285714285698397 0
-1 -0.7142857142849199 0
1 150 0 18
81
82
83
84
85
86
87
88
89
90
91
92
93
94
95
96
97
98
0.2 0 0.05263157894726211
0.2 0 0.1052631578945432
0.2 0 0.1578947368417855
0.2 0 0.2105263157890003
0.2 0 0.2631578947362153
0.2 0 0.3157894736834304
0.2 0 0.3684210526306454
0.2 0 0.4210526315778604
0.2 0 0.4736842105250753
0.2 0 0.5263157894724361
0.2 0 0.578947368419943
0.2 0 0.63157894736745
0.2 0 0.6842105263149569
0.2 0 0.7368421052624639
0.2 0 0.7894736842099708
0.2 0 0.8421052631574778
0.2 0 0.8947368421049848
0.2 0 0.9473684210524924
1 151 0 18
99
100
101
102
103
104
105
106
107
108
109
110
111
112
113
114
115
116
0.1931851652578137 0.05176380902050415 0.05263157894726211
0.1931851652578137 0.05176380902050415 0.1052631578945432
0.1931851652578137 0.05176380902050415 0.1578947368417855
0.1931851652578137 0.05176380902050415 0.2105263157890003
0.1931851652578137 0.05176380902050415 0.2631578947362153
0.1931851652578137 0.05176380902050415 0.3157894736834304
0.1931851652578137 0.05176380902050415 0.3684210526306454
0.1931851652578137 0.05176380902050415 0.4210526315778604
0.1931851652578137 0.05176380902050415 0.4736842105250753
0.1931851652578137 0.05176380902050415 0.5263157894724361
0.1931851652578137 0.05176380902050415 0.578947368419943
0.1931851652578137 0.05176380902050415 0.63157894736745
0.1931851652578137 0.05176380902050415 0.6842105263149569
0.1931851652578137 0.05176380902050415 0.7368421052624639
0.1931851652578137 0.05176380902050415 0.7894736842099708
0.1931851652578137 0.05176380902050415 0.8421052631574778
0.1931851652578137 0.05176380902050415 0.8947368421049848
0.1931851652578137 0.05176380902050415 0.9473684210524924
1 155 0 18
117
118
119
120
121
122
123
124
125
126
127
128
129
130
131
132
133
134
0.1732050807568878 0.09999999999999999 0.05263157894726211
0.1732050807568878 0.09999999999999999 0.1052631578945432
0.1732050807568878 0.09999999999999999 0.1578947368417855
0.1732050807568878 0.09999999999999999 0.2105263157890003
0.1732050807568878 0.09999999999999999 0.2631578947362153
0.1732050807568878 0.09999999999999999 0.3157894736834304
0.1732050807568878 0.09999999999999999 0.3684210526306454
0.1732050807568878 0.09999999999999999 0.4210526315778604
0.1732050807568878 0.09999999999999999 0.4736842105250753
0.1732050807568878 0.09999999999999999 0.5263157894724361
0.1732050807568878 0.09999999999999999 0.578947368419943
0.1732050807568878 0.09999999999999999 0.63157894736745
0.1732050807568878 0.09999999999999999 0.6842105263149569
0.1732050807568878 0.09999999999999999 0.7368421052624639
0.1732050807568878 0.09999999999999999 0.7894736842099708
0.1732050807568878 0.09999999999999999 0.8421052631574778
0.1732050807568878 0.09999999999999999 0.8947368421049848
0.1732050807568878 0.09999999999999999 0.9473684210524924
1 159 0 18
135
136
137
138
139
140
141
142
143
144
145
146
147
148
149
150
151
152
0.1414213562373095 0.1414213562373095 0.05263157894726211
0.1414213562373095 0.1414213562373095 0.1052631578945432
0.1414213562373095 0.1414213562373095 0.1578947368417855
0.1414213562373095 0.1414213562373095 0.2105263157890003
0.1414213562373095 0.1414213562373095 0.2631578947362153
0.1414213562373095 0.1414213562373095 0.3157894736834304
0.1414213562373095 0.1414213562373095 0.3684210526306454
0.1414213562373095 0.1414213562373095 0.4210526315778604
0.1414213562373095 0.1414213562373095 0.4736842105250753
0.1414213562373095 0.1414213562373095 0.5263157894724361
0.1414213562373095 0.1414213562373095 0.578947368419943
0.1414213562373095 0.1414213562373095 0.63157894736745
0.1414213562373095 0.1414213562373095 0.6842105263149569
0.1414213562373095 0.1414213562373095 0.7368421052624639
0.1414213562373095 0.1414213562373095 0.7894736842099708
0.1414213562373095 0.1414213562373095 0.8421052631574778
0.1414213562373095 0.1414213562373095 0.8947368421049848
0.1414213562373095 0.1414213562373095 0.9473684210524924
1 163 0 18
153
154
155
156
157
158
159
160
161
162
163
164
165
166
167
168
169
170
0.1 0.1732050807568877 0.05263157894726211
0.1 0.1732050807568877 0.1052631578945432
0.1 0.1732050807568877 0.1578947368417855
0.1 0.1732050807568877 0.2105263157890003
0.1 0.1732050807568877 0.2631578947362153
0.1 0.1732050807568877 0.3157894736834304
0.1 0.1732050807568877 0.3684210526306454
0.1 0.1732050807568877 0.4210526315778604
0.1 0.1732050807568877 0.4736842105250753
0.1 0.1732050807568877 0.5263157894724361
0.1 0.1732050807568877 0.578947368419943
0.1 0.1732050807568877 0.63157894736745
0.1 0.1732050807568877 0.6842105263149569
0.1 0.1732050807568877 0.7368421052624639
0.1 0.1732050807568877 0.7894736842099708
0.1 0.1732050807568877 0.8421052631574778
0.1 0.1732050807568877 0.8947368421049848
0.1 0.1732050807568877 0.9473684210524924
1 167 0 18
171
172
173
174
175
176
177
178
179
180
181
182
183
184
185
186
187
188
0.05176380902050415 0.1931851652578137 0.05263157894726211
0.05176380902050415 0.1931851652578137 0.1052631578945432
0.05176380902050415 0.1931851652578137 0.1578947368417855
0.05176380902050415 0.1931851652578137 0.2105263157890003
0.05176380902050415 0.1931851652578137 0.2631578947362153
0.05176380902050415 0.1931851652578137 0.3157894736834304
0.05176380902050415 0.1931851652578137 0.3684210526306454
0.05176380902050415 0.1931851652578137 0.4210526315778604
0.05176380902050415 0.1931851652578137 0.4736842105250753
0.05176380902050415 0.1931851652578137 0.5263157894724361
0.05176380902050415 0.1931851652578137 0.578947368419943
0.05176380902050415 0.1931851652578137 0.63157894736745
0.05176380902050415 0.1931851652578137 0.6842105263149569
0.05176380902050415 0.1931851652578137 0.7368421052624639
0.05176380902050415 0.1931851652578137 0.7894736842099708
0.05176380902050415 0.1931851652578137 0.8421052631574778
0.05176380902050415 0.1931851652578137 0.8947368421049848
0.05176380902050415 0.1931851652578137 0.9473684210524924
1 171 0 18
189
190
191
192
193
194
195
196
197
198
199
200
201
202
203
204
205
206
1.224606353822377e-17 0.2 0.05263157894726211
1.224606353822377e-17 0.2 0.1052631578945432
1.224606353822377e-17 0.2 0.1578947368417855
1.224606353822377e-17 0.2 0.2105263157890003
1.224606353822377e-17 0.2 0.2631578947362153
1.224606353822377e-17 0.2 0.3157894736834304
1.224606353822377e-17 0.2 0.3684210526306454
1.224606353822377e-17 0.2 0.4210526315778604
1.224606353822377e-17 0.2 0.4736842105250753
1.224606353822377e-17 0.2 0.5263157894724361
1.224606353822377e-17 0.2 0.578947368419943
1.224606353822377e-17 0.2 0.63157894736745
1.224606353822377e-17 0.2 0.6842105263149569
1.224606353822377e-17 0.2 0.7368421052624639
1.224606353822377e-17 0.2 0.7894736842099708
1.224606353822377e-17 0.2 0.8421052631574778
1.224606353822377e-17 0.2 0.8947368421049848
1.224606353822377e-17 0.2 0.9473684210524924
1 175 0 18
207
208
209
210
211
212
213
214
215
216
217
218
219
220
221
222
223
224
-0.05176380902050413 0.1931851652578137 0.05263157894726211
-0.05176380902050413 0.1931851652578137 0.1052631578945432
-0.05176380902050413 0.1931851652578137 0.1578947368417855
-0.05176380902050413 0.1931851652578137 0.2105263157890003
-0.05176380902050413 0.1931851652578137 0.2631578947362153
-0.05176380902050413 0.1931851652578137 0.3157894736834304
-0.05176380902050413 0.1931851652578137 0.3684210526306454
-0.05176380902050413 0.1931851652578137 0.4210526315778604
-0.05176380902050413 0.1931851652578137 0.4736842105250753
-0.05176380902050413 0.1931851652578137 0.5263157894724361
-0.05176380902050413 0.1931851652578137 0.578947368419943
-0.05176380902050413 0.1931851652578137 0.63157894736745
-0.05176380902050413 0.1931851652578137 0.6842105263149569
-0.05176380902050413 0.1931851652578137 0.7368421052624639
-0.05176380902050413 0.1931851652578137 0.7894736842099708
-0.05176380902050413 0.1931851652578137 0.8421052631574778
-0.05176380902050413 0.1931851652578137 0.8947368421049848
-0.05176380902050413 0.1931851652578137 0.9473684210524924
1 179 0 18
225
226
227
228
229
230
231
232
233
234
235
236
237
238
239
240
241
242
-0.09999999999999996 0.1732050807568878 0.05263157894726211
-0.09999999999999996 0.1732050807568878 0.1052631578945432
-0.09999999999999996 0.1732050807568878 0.1578947368417855
-0.09999999999999996 0.1732050807568878 0.2105263157890003
-0.09999999999999996 0.1732050807568878 0.2631578947362153
-0.09999999999999996 0.1732050807568878 0.3157894736834304
-0.09999999999999996 0.1732050807568878 0.3684210526306454
-0.09999999999999996 0.1732050807568878 0.4210526315778604
-0.09999999999999996 0.1732050807568878 0.4736842105250753
-0.09999999999999996 0.1732050807568878 0.5263157894724361
-0.09999999999999996 0.1732050807568878 0.578947368419943
-0.09999999999999996 0.1732050807568878 0.63157894736745
-0.09999999999999996 0.1732050807568878 0.6842105263149569
-0.09999999999999996 0.1732050807568878 0.7368421052624639
-0.09999999999999996 0.1732050807568878 0.7894736842099708
-0.09999999999999996 0.1732050807568878 0.8421052631574778
-0.09999999999999996 0.1732050807568878 0.8947368421049848
-0.09999999999999996 0.1732050807568878 0.9473684210524924
1 183 0 18
243
244
245
246
247
248
249
250
251
252
253
254
255
256
257
258
259
260
-0.1414213562373095 0.1414213562373095 0.05263157894726211
-0.1414213562373095 0.1414213562373095 0.1052631578945432
-0.1414213562373095 0.1414213562373095 0.1578947368417855
-0.1414213562373095 0.1414213562373095 0.2105263157890003
-0.1414213562373095 0.1414213562373095 0.2631578947362153
-0.1414213562373095 0.1414213562373095 0.3157894736834304
-0.1414213562373095 0.1414213562373095 0.3684210526306454
-0.1414213562373095 0.1414213562373095 0.4210526315778604
-0.1414213562373095 0.1414213562373095 0.4736842105250753
-0.1414213562373095 0.1414213562373095 0.5263157894724361
-0.1414213562373095 0.1414213562373095 0.578947368419943
-0.1414213562373095 0.1414213562373095 0.63157894736745
-0.1414213562373095 0.1414213562373095 0.6842105263149569
-0.1414213562373095 0.1414213562373095 0.7368421052624639
-0.1414213562373095 0.1414213562373095 0.7894736842099708
-0.1414213562373095 0.1414213562373095 0.8421052631574778
-0.1414213562373095 0.1414213562373095 0.8947368421049848
-0.1414213562373095 0.1414213562373095 0.9473684210524924
1 187 0 18
261
262
263
264
265
266
267
268
269
270
271
272
273
274
275
276
277
278
-0.1732050807568878 0.09999999999999999 0.05263157894726211
-0.1732050807568878 0.09999999999999999 0.1052631578945432
-0.1732050807568878 0.09999999999999999 0.1578947368417855
-0.1732050807568878 0.09999999999999999 0.2105263157890003
-0.1732050807568878 0.09999999999999999 0.2631578947362153
-0.1732050807568878 0.09999999999999999 0.3157894736834304
-0.1732050807568878 0.09999999999999999 0.3684210526306454
-0.1732050807568878 0.09999999999999999 0.4210526315778604
-0.1732050807568878 0.09999999999999999 0.4736842105250753
-0.1732050807568878 0.09999999999999999 0.5263157894724361
-0.1732050807568878 0.09999999999999999 0.578947368419943
-0.1732050807568878 0.09999999999999999 0.63157894736745
-0.1732050807568878 0.09999999999999999 0.6842105263149569
-0.1732050807568878 0.09999999999999999 0.7368421052624639
-0.1732050807568878 0.09999999999999999 0.7894736842099708
-0.1732050807568878 0.09999999999999999 0.8421052631574778
-0.1732050807568878 0.09999999999999999 0.8947368421049848
-0.1732050807568878 0.09999999999999999 0.9473684210524924
1 191 0 18
279
280
281
282
283
284
285
286
287
288
289
290
291
292
293
294
295
296
-0.1931851652578137 0.0517638090205042 0.05263157894726211
-0.1931851652578137 0.0517638090205042 0.1052631578945432
-0.1931851652578137 0.0517638090205042 0.1578947368417855
-0.1931851652578137 0.0517638090205042 0.2105263157890003
-0.1931851652578137 0.0517638090205042 0.2631578947362153
-0.1931851652578137 0.0517638090205042 0.3157894736834304
-0.1931851652578137 0.0517638090205042 0.3684210526306454
-0.1931851652578137 0.0517638090205042 0.4210526315778604
-0.1931851652578137 0.0517638090205042 0.4736842105250753
-0.1931851652578137 0.0517638090205042 0.5263157894724361
-0.1931851652578137 0.0517638090205042 0.578947368419943
-0.1931851652578137 0.0517638090205042 0.63157894736745
-0.1931851652578137 0.0517638090205042 0.6842105263149569
-0.1931851652578137 0.0517638090205042 0.7368421052624639
-0.1931851652578137 0.0517638090205042 0.7894736842099708
-0.1931851652578137 0.0517638090205042 0.8421052631574778
-0.1931851652578137 0.0517638090205042 0.8947368421049848
-0.1931851652578137 0.0517638090205042 0.9473684210524924
1 195 0 18
297
298
299
300
301
302
303
304
305
306
307
308
309
310
311
312
313
314
-0.2 2.449212707644755e-17 0.05263157894726211
-0.2 2.449212707644755e-17 0.1052631578945432
-0.2 2.449212707644755e-17 0.1578947368417855
-0.2 2.449212707644755e-17 0.2105263157890003
-0.2 2.449212707644755e-17 0.2631578947362153
-0.2 2.449212707644755e-17 0.3157894736834304
-0.2 2.449212707644755e-17 0.3684210526306454
-0.2 2.449212707644755e-17 0.4210526315778604
-0.2 2.449212707644755e-17 0.4736842105250753
-0.2 2.449212707644755e-17 0.5263157894724361
-0.2 2.449212707644755e-17 0.578947368419943
-0.2 2.449212707644755e-17 0.63157894736745
-0.2 2.449212707644755e-17 0.6842105263149569
-0.2 2.449212707644755e-17 0.7368421052624639
-0.2 2.449212707644755e-17 0.7894736842099708
-0.2 2.449212707644755e-17 0.8421052631574778
-0.2 2.449212707644755e-17 0.8947368421049848
-0.2 2.449212707644755e-17 0.9473684210524924
1 199 0 18
315
316
317
318
319
320
321
322
323
324
325
326
327
328
329
330
331
332
-0.1931851652578137 -0.05176380902050416 0.05263157894726211
-0.1931851652578137 -0.05176380902050416 0.1052631578945432
-0.1931851652578137 -0.05176380902050416 0.1578947368417855
-0.1931851652578137 -0.05176380902050416 0.2105263157890003
-0.1931851652578137 -0.05176380902050416 0.2631578947362153
-0.1931851652578137 -0.05176380902050416 0.3157894736834304
-0.1931851652578137 -0.05176380902050416 0.3684210526306454
-0.1931851652578137 -0.05176380902050416 0.4210526315778604
-0.1931851652578137 -0.05176380902050416 0.4736842105250753
-0.1931851652578137 -0.05176380902050416 0.5263157894724361
-0.1931851652578137 -0.05176380902050416 0.578947368419943
-0.1931851652578137 -0.05176380902050416 0.63157894736745
-0.1931851652578137 -0.05176380902050416 0.6842105263149569
-0.1931851652578137 -0.05176380902050416 0.7368421052624639
-0.1931851652578137 -0.05176380902050416 0.7894736842099708
-0.1931851652578137 -0.05176380902050416 0.8421052631574778
-0.1931851652578137 -0.05176380902050416 0.8947368421049848
-0.1931851652578137 -0.05176380902050416 0.9473684210524924
1 203 0 18
333
334
335
336
337
338
339
340
341
342
343
344
345
346
347
348
349
350
-0.1732050807568878 -0.09999999999999995 0.05263157894726211
-0.1732050807568878 -0.09999999999999995 0.1052631578945432
-0.1732050807568878 -0.09999999999999995 0.1578947368417855
-0.1732050807568878 -0.09999999999999995 0.2105263157890003
-0.1732050807568878 -0.09999999999999995 0.2631578947362153
-0.1732050807568878 -0.09999999999999995 0.3157894736834304
-0.1732050807568878 -0.09999999999999995 0.3684210526306454
-0.1732050807568878 -0.09999999999999995 0.4210526315778604
-0.1732050807568878 -0.09999999999999995 0.4736842105250753
-0.1732050807568878 -0.09999999999999995 0.5263157894724361
-0.1732050807568878 -0.09999999999999995 0.578947368419943
-0.1732050807568878 -0.09999999999999995 0.63157894736745
-0.1732050807568878 -0.09999999999999995 0.6842105263149569
-0.1732050807568878 -0.09999999999999995 0.7368421052624639
-0.1732050807568878 -0.09999999999999995 0.7894736842099708
-0.1732050807568878 -0.09999999999999995 0.8421052631574778
-0.1732050807568878 -0.09999999999999995 0.8947368421049848
-0.1732050807568878 -0.09999999999999995 0.9473684210524924
1 207 0 18
351
352
353
354
355
356
357
358
359
360
361
362
363
364
365
366
367
368
-0.1414213562373096 -0.1414213562373094 0.05263157894726211
-0.1414213562373096 -0.1414213562373094 0.1052631578945432
-0.1414213562373096 -0.1414213562373094 0.1578947368417855
-0.1414213562373096 -0.1414213562373094 0.2105263157890003
-0.1414213562373096 -0.1414213562373094 0.2631578947362153
-0.1414213562373096 -0.1414213562373094 0.3157894736834304
-0.1414213562373096 -0.1414213562373094 0.3684210526306454
-0.1414213562373096 -0.1414213562373094 0.4210526315778604
-0.1414213562373096 -0.1414213562373094 0.4736842105250753
-0.1414213562373096 -0.1414213562373094 0.5263157894724361
-0.1414213562373096 -0.1414213562373094 0.578947368419943
-0.1414213562373096 -0.1414213562373094 0.63157894736745
-0.1414213562373096 -0.1414213562373094 0.6842105263149569
-0.1414213562373096 -0.1414213562373094 0.7368421052624639
-0.1414213562373096 -0.1414213562373094 0.7894736842099708
-0.1414213562373096 -0.1414213562373094 0.8421052631574778
-0.1414213562373096 -0.1414213562373094 0.8947368421049848
-0.1414213562373096 -0.1414213562373094 0.9473684210524924
1 211 0 18
369
370
371
372
373
374
375
376
377
378
379
380
381
382
383
384
385
386
-0.1000000000000001 -0.1732050807568877 0.05263157894726211
-0.1000000000000001 -0.1732050807568877 0.1052631578945432
-0.1000000000000001 -0.1732050807568877 0.1578947368417855
-0.1000000000000001 -0.1732050807568877 0.2105263157890003
-0.1000000000000001 -0.1732050807568877 0.2631578947362153
-0.1000000000000001 -0.1732050807568877 0.3157894736834304
-0.1000000000000001 -0.1732050807568877 0.3684210526306454
-0.1000000000000001 -0.1732050807568877 0.4210526315778604
-0.1000000000000001 -0.1732050807568877 0.4736842105250753
-0.1000000000000001 -0.1732050807568877 0.5263157894724361
-0.1000000000000001 -0.1732050807568877 0.578947368419943
-0.1000000000000001 -0.1732050807568877 0.63157894736745
-0.1000000000000001 -0.1732050807568877 0.6842105263149569
-0.1000000000000001 -0.1732050807568877 0.7368421052624639
-0.1000000000000001 -0.1732050807568877 0.7894736842099708
-0.1000000000000001 -0.1732050807568877 0.8421052631574778
-0.1000000000000001 -0.1732050807568877 0.8947368421049848
-0.1000000000000001 -0.1732050807568877 0.9473684210524924
1 215 0 18
387
388
389
390
391
392
393
394
395
396
397
398
399
400
401
402
403
404
-0.05176380902050413 -0.1931851652578137 0.05263157894726211
-0.05176380902050413 -0.1931851652578137 0.1052631578945432
-0.05176380902050413 -0.1931851652578137 0.1578947368417855
-0.05176380902050413 -0.1931851652578137 0.2105263157890003
-0.05176380902050413 -0.1931851652578137 0.2631578947362153
-0.05176380902050413 -0.1931851652578137 0.3157894736834304
-0.05176380902050413 -0.1931851652578137 0.3684210526306454
-0.05176380902050413 -0.1931851652578137 0.4210526315778604
-0.05176380902050413 -0.1931851652578137 0.4736842105250753
-0.05176380902050413 -0.1931851652578137 0.5263157894724361
-0.05176380902050413 -0.1931851652578137 0.578947368419943
-0.05176380902050413 -0.1931851652578137 0.63157894736745
-0.05176380902050413 -0.1931851652578137 0.6842105263149569
-0.05176380902050413 -0.1931851652578137 0.7368421052624639
-0.05176380902050413 -0.1931851652578137 0.7894736842099708
-0.05176380902050413 -0.1931851652578137 0.8421052631574778
-0.05176380902050413 -0.1931851652578137 0.8947368421049848
-0.05176380902050413 -0.1931851652578137 0.9473684210524924
1 219 0 18
405
406
407
408
409
410
411
412
413
414
415
416
417
418
419
420
421
422
-3.673819061467132e-17 -0.2 0.05263157894726211
-3.673819061467132e-17 -0.2 0.1052631578945432
-3.673819061467132e-17 -0.2 0.1578947368417855
-3.673819061467132e-17 -0.2 0.2105263157890003
-3.673819061467132e-17 -0.2 0.2631578947362153
-3.673819061467132e-17 -0.2 0.3157894736834304
-3.673819061467132e-17 -0.2 0.3684210526306454
-3.673819061467132e-17 -0.2 0.4210526315778604
-3.673819061467132e-17 -0.2 0.4736842105250753
-3.673819061467132e-17 -0.2 0.5263157894724361
-3.673819061467132e-17 -0.2 0.578947368419943
-3.673819061467132e-17 -0.2 0.63157894736745
-3.673819061467132e-17 -0.2 0.6842105263149569
-3.673819061467132e-17 -0.2 0.7368421052624639
-3.673819061467132e-17 -0.2 0.7894736842099708
-3.673819061467132e-17 -0.2 0.8421052631574778
-3.673819061467132e-17 -0.2 0.8947368421049848
-3.673819061467132e-17 -0.2 0.9473684210524924
1 223 0 18
423
424
425
426
427
428
429
430
431
432
433
434
435
436
437
438
439
440
0.05176380902050406 -0.1931851652578137 0.05263157894726211
0.05176380902050406 -0.1931851652578137 0.1052631578945432
0.05176380902050406 -0.1931851652578137 0.1578947368417855
0.05176380902050406 -0.1931851652578137 0.2105263157890003
0.05176380902050406 -0.1931851652578137 0.2631578947362153
0.05176380902050406 -0.1931851652578137 0.3157894736834304
0.05176380902050406 -0.1931851652578137 0.3684210526306454
0.05176380902050406 -0.1931851652578137 0.4210526315778604
0.05176380902050406 -0.1931851652578137 0.4736842105250753
0.05176380902050406 -0.1931851652578137 0.5263157894724361
0.05176380902050406 -0.1931851652578137 0.578947368419943
0.05176380902050406 -0.1931851652578137 0.63157894736745
0.05176380902050406 -0.1931851652578137 0.6842105263149569
0.05176380902050406 -0.1931851652578137 0.7368421052624639
0.05176380902050406 -0.1931851652578137 0.7894736842099708
0.05176380902050406 -0.1931851652578137 0.8421052631574778
0.05176380902050406 -0.1931851652578137 0.8947368421049848
0.05176380902050406 -0.1931851652578137 0.9473684210524924
1 227 0 18
441
442
443
444
445
446
447
448
449
450
451
452
453
454
455
456
457
458
0.1 -0.1732050807568877 0.05263157894726211
0.1 -0.1732050807568877 0.1052631578945432
0.1 -0.1732050807568877 0.1578947368417855
0.1 -0.1732050807568877 0.2105263157890003
0.1 -0.1732050807568877 0.2631578947362153
0.1 -0.1732050807568877 0.3157894736834304
0.1 -0.1732050807568877 0.3684210526306454
0.1 -0.1732050807568877 0.4210526315778604
0.1 -0.1732050807568877 0.4736842105250753
0.1 -0.1732050807568877 0.5263157894724361
0.1 -0.1732050807568877 0.578947368419943
0.1 -0.1732050807568877 0.63157894736745
0.1 -0.1732050807568877 0.6842105263149569
0.1 -0.1732050807568877 0.7368421052624639
0.1 -0.1732050807568877 0.7894736842099708
0.1 -0.1732050807568877 0.8421052631574778
0.1 -0.1732050807568877 0.8947368421049848
0.1 -0.1732050807568877 0.9473684210524924
1 231 0 18
459
460
461
462
463
464
465
466
467
468
469
470
471
472
473
474
475
476
0.1414213562373095 -0.1414213562373095 0.05263157894726211
0.1414213562373095 -0.1414213562373095 0.1052631578945432
0.1414213562373095 -0.1414213562373095 0.1578947368417855
0.1414213562373095 -0.1414213562373095 0.2105263157890003
0.1414213562373095 -0.1414213562373095 0.2631578947362153
0.1414213562373095 -0.1414213562373095 0.3157894736834304
0.1414213562373095 -0.1414213562373095 0.3684210526306454
0.1414213562373095 -0.1414213562373095 0.4210526315778604
0.1414213562373095 -0.1414213562373095 0.4736842105250753
0.1414213562373095 -0.1414213562373095 0.5263157894724361
0.1414213562373095 -0.1414213562373095 0.578947368419943
0.1414213562373095 -0.1414213562373095 0.63157894736745
0.1414213562373095 -0.1414213562373095 0.6842105263149569
0.1414213562373095 -0.1414213562373095 0.7368421052624639
0.1414213562373095 -0.1414213562373095 0.7894736842099708
0.1414213562373095 -0.1414213562373095 0.8421052631574778
0.1414213562373095 -0.1414213562373095 0.8947368421049848
0.1414213562373095 -0.1414213562373095 0.9473684210524924
1 235 0 18
477
478
479
480
481
482
483
484
485
486
487
488
489
490
491
492
493
494
0.1732050807568877 -0.1000000000000001 0.05263157894726211
0.1732050807568877 -0.1000000000000001 0.1052631578945432
0.1732050807568877 -0.1000000000000001 0.1578947368417855
0.1732050807568877 -0.1000000000000001 0.2105263157890003
0.1732050807568877 -0.1000000000000001 0.2631578947362153
0.1732050807568877 -0.1000000000000001 0.3157894736834304
0.1732050807568877 -0.1000000000000001 0.3684210526306454
0.1732050807568877 -0.1000000000000001 0.4210526315778604
0.1732050807568877 -0.1000000000000001 0.4736842105250753
0.1732050807568877 -0.1000000000000001 0.5263157894724361
0.1732050807568877 -0.1000000000000001 0.578947368419943
0.1732050807568877 -0.1000000000000001 0.63157894736745
0.1732050807568877 -0.1000000000000001 0.6842105263149569
0.1732050807568877 -0.1000000000000001 0.7368421052624639
0.1732050807568877 -0.1000000000000001 0.7894736842099708
0.1732050807568877 -0.1000000000000001 0.8421052631574778
0.1732050807568877 -0.1000000000000001 0.8947368421049848
0.1732050807568877 -0.1000000000000001 0.9473684210524924
1 239 0 18
495
496
497
498
499
500
501
502
503
504
505
506
507
508
509
510
511
512
0.1931851652578136 -0.05176380902050431 0.05263157894726211
0.1931851652578136 -0.05176380902050431 0.1052631578945432
0.1931851652578136 -0.05176380902050431 0.1578947368417855
0.1931851652578136 -0.05176380902050431 0.2105263157890003
0.1931851652578136 -0.05176380902050431 0.2631578947362153
0.1931851652578136 -0.05176380902050431 0.3157894736834304
0.1931851652578136 -0.05176380902050431 0.3684210526306454
0.1931851652578136 -0.05176380902050431 0.4210526315778604
0.1931851652578136 -0.05176380902050431 0.4736842105250753
0.1931851652578136 -0.05176380902050431 0.5263157894724361
0.1931851652578136 -0.05176380902050431 0.578947368419943
0.1931851652578136 -0.05176380902050431 0.63157894736745
0.1931851652578136 -0.05176380902050431 0.6842105263149569
0.1931851652578136 -0.05176380902050431 0.7368421052624639
0.1931851652578136 -0.05176380902050431 0.7894736842099708
0.1931851652578136 -0.05176380902050431 0.8421052631574778
0.1931851652578136 -0.05176380902050431 0.8947368421049848
0.1931851652578136 -0.05176380902050431 0.9473684210524924
1 247 0 6
513
514
515
516
517
518
-0.7142857142865082 -1 1
-0.4285714285730164 -1 1
-0.1428571428595247 -1 1
0.1428571428547603 -1 1
0.4285714285698397 -1 1
0.7142857142849199 -1 1
1 248 0 6
519
520
521
522
523
524
1 -0.7142857142865082 1
1 -0.4285714285730164 1
1 -0.1428571428595247 1
1 0.1428571428547603 1
1 0.4285714285698397 1
1 0.7142857142849199 1
1 249 0 6
525
526
527
528
529
530
0.7142857142865082 1 1
0.4285714285730164 1 1
0.1428571428595247 1 1
-0.1428571428547603 1 1
-0.4285714285698397 1 1
-0.7142857142849199 1 1
1 250 0 6
531
532
533
534
535
536
-1 0.7142857142865082 1
-1 0.4285714285730164 1
-1 0.1428571428595247 1
-1 -0.1428571428547603 1
-1 -0.4285714285698397 1
-1 -0.7142857142849199 1
1 276 0 3
537
538
539
-1 -1 0.2499999999994109
-1 -1 0.4999999999986918
-1 -1 0.7499999999993401
1 277 0 3
540
541
542
1 -1 0.2499999999994109
1 -1 0.4999999999986918
1 -1 0.7499999999993401
1 281 0 3
543
544
545
1 1 0.2499999999994109
1 1 0.4999999999986918
1 1 0.7499999999993401
1 285 0 3
546
547
548
-1 1 0.2499999999994109
-1 1 0.4999999999986918
-1 1 0.7499999999993401
2 1 0 50
549
550
551
552
553
554
555
556
557
558
559
560
561
562
563
564
565
566
567
568
569
570
571
572
573
574
575
576
577
578
579
580
581
582
583
584
585
586
587
588
589
590
591
592
593
594
595
596
597
598
0.1414213562373095 -0.05857864376269057 0
-0.1414213562373096 0.05857864376269052 0
0.05909196970533265 0.1384809335611683 0
-0.05857864376269051 -0.1414213562373094 0
-0.1423956393541483 -0.06011221073642841 0
0.1452506674706412 0.06192908190376265 0
-0.05802626797395281 0.1429403217309494 0
0.05857864376269049 -0.1414213562373095 0
0.1628626279736931 -0.02144127173638364 0
0.1133980843269318 -0.02039941941524524 0
0.08995228472486311 -0.06176301268550289 0
0.06108973691069541 -0.02067715513574222 0
0.03782256105631827 -0.06498922516114963 0
0.008905711115857896 -0.02352275803800148 0
0.03204391463204699 0.02295831609525112 0
-0.02010757909334025 0.0195950870651763 0
-0.04318808962705385 -0.02723382962763503 0
0.002338870479073178 0.0652177146282715 0
-0.04634790092011465 0.0605885254084404 0
0.05664741321923532 0.07401026706623742 0
0.08418709468826716 0.02240711027604876 0
-0.01264107027025893 -0.06913714950753387 0
-0.06328302072693535 -0.0807571965720835 0
-0.09676824313437117 -0.03129544448976222 0
-0.0706692745192509 0.01498291544225571 0
0.02016127867754445 -0.1148448107358797 0
-0.1208352795785811 0.01772173747060731 0
-0.02560378797560256 0.1051235107994113 0
0.02052171760730021 0.1134143793953059 0
0.09936331483114685 0.1111841668748702 0
-0.01435627856118344 0.1530810289522203 0
0.1183246154184266 -0.09907386549705512 0
-0.09380546425187078 0.05874101110846764 0
-0.119027475045218 0.0989076352752405 0
-0.1527314260539436 -0.01690228960812289 0
0.1418318066644048 0.01906463534337837 0
-0.024628084349743 -0.1120359443428876 0
-0.100442342775492 -0.1162274582851066 0
-0.01448828577893154 -0.1541995865237517 0
0.06839147910713347 -0.1009796780442751 0
-0.07157732292573553 0.1002154461022645 0
-0.1620830978750203 0.02274769698576847 0
0.1036392080638763 0.06328561422644415 0
0.09750169537745856 -0.1322698940825602 0
-0.09774406159370716 0.1321358502935684 0
-0.1058937949169362 -0.07435209437555175 0
-0.133377305787804 -0.09806411385729276 0
0.02549359753412925 -0.1621898043963398 0
0.02601496964807295 0.1616847888275253 0
0.1344001413474811 0.0954900879372219 0
2 2 0 163
599
600
601
602
603
604
605
606
607
608
609
610
611
612
613
614
615
616
617
618
619
620
621
622
623
624
625
626
627
628
629
630
631
632
633
634
635
636
637
638
639
640
641
642
643
644
645
646
647
648
649
650
651
652
653
654
655
656
657
658
659
660
661
662
663
664
665
666
667
668
669
670
671
672
673
674
675
676
677
678
679
680
681
682
683
684
685
686
687
688
689
690
691
692
693
694
695
696
697
698
699
700
701
702
703
704
705
706
707
708
709
710
711
712
713
714
715
716
717
718
719
720
721
722
723
724
725
726
727
728
729
730
731
732
733
734
735
736
737
738
739
740
741
742
743
744
745
746
747
748
749
750
751
752
753
754
755
756
757
758
759
760
761
-0.1940610763690342 0.1500915719156904 0
-0.1542397116567095 -0.1987227233909203 0
0.1946184200171816 -0.1481544817201527 0
0.1532339254296083 0.1998534377720088 0
0.09310032715025947 -0.2271599562695739 0
-0.2346235385428547 -0.09138720138604545 0
-0.09721336973436853 0.2263677005555622 0
0.2317902806936556 0.101152947064301 0
0.2434097449523035 -0.03043945962163063 0
-0.03105629302744903 -0.2434365474839296 0
0.03211785636849796 0.2463289799791432 0
-0.2434296320512189 0.0304451099522185 0
0.7525641703479908 -0.2857142857162706 0
-0.7808867220821912 0.3098324061152636 0
-0.2967803755083405 -0.7663106208606736 0
0.2799668995974228 0.7824790138122921 0
0.2719702777751577 -0.7554797688658204 0
0.7761741696622531 0.2916779258341552 0
-0.3129146074984739 0.7754462138510042 0
-0.754360987117441 -0.2824618715655415 0
0.2252343961139002 -0.09281442279975519 0
0.2600349593028794 -0.1485403700699119 0
0.2236174889640355 -0.2119291728975354 0
0.3071935667860846 -0.2157828653817968 0
0.3453112741782188 -0.1376613593670662 0
0.2386186260376876 -0.3077956154895786 0
0.3709397403998143 -0.3057620324668414 0
0.3110830609421351 -0.4083557170607304 0
0.1920313316442617 -0.4113016626864487 0
0.464923478095153 -0.4277762725439421 0
0.03188529539292403 -0.2420424656668559 0
0.003217021270308506 -0.3032273216445536 0
-0.07630971763979064 -0.3029564988208004 0
-0.0318902690467414 -0.3834670193453318 0
-0.1365676232663203 -0.3832211259317289 0
-0.07921638619444751 -0.4840904195554777 0
-0.2037918469436912 -0.4854872844672058 0
-0.2514146300525924 -0.3778243437963442 0
-0.3389608029727332 -0.4775260222096485 0
-0.3823915701618809 -0.3414075239660233 0
-0.4946342766552246 -0.4741454777935457 0
-0.3234544370977844 -0.2182763203030718 0
-0.4528966007256821 -0.2141651377008911 0
-0.3792606586142687 -0.120736869866466 0
-0.4983924913969705 -0.09420845057638734 0
-0.409459171832047 -0.001908874230149541 0
-0.5503355260312043 0.03001846716547898 0
-0.4389597104966969 0.1379097023567226 0
-0.2483850475127778 -0.02981330599635654 0
-0.1485717011036493 0.19336510895224 0
-0.2111220254953489 0.2111220254953488 0
-0.2730297005245717 0.1501617595751518 0
-0.2896265340012082 0.2427243437918749 0
-0.2189986090483259 0.3113061054558522 0
-0.3240267054303506 0.3489822496507721 0
-0.2287681792071189 0.4292639950285766 0
-0.1228412710642945 0.3740672009929715 0
-0.1268700208551295 0.5043846346470253 0
-0.002892875521373546 0.4477130169731238 0
0.005829306085983706 0.6040591089495975 0
-0.3601998182923125 0.4801914107067848 0
0.1217641318589638 0.5295178020205367 0
0.1246015199762276 0.3905565558910556 0
0.2381014506278668 0.4617140532072048 0
0.2488117482703079 0.3246555258797838 0
0.3635551203073493 0.4008640537789857 0
0.3667254611554112 0.258505240340925 0
-0.4683008370463212 0.3826949304546622 0
-0.5362069621488802 0.5566581701649255 0
0.4903152314552129 0.3353139855860349 0
0.4984036317621446 0.1844633131333798 0
0.4806579929876534 0.4916346934013505 0
0.3810873052823071 0.1259374112667897 0
0.4726714047919411 0.03750332402039215 0
0.7671532447039009 -0.02896930877945392 0
0.2438907117617144 0.03557422471238163 0
0.3041660738494066 -0.001755558969058816 0
-0.03457448572282118 0.2433586723862896 0
0.001765634729745451 0.3042562393058562 0
0.03942510883106749 -0.786805026266447 0
0.7849042637622078 0.5425883554224585 0
-0.7981108634009085 -0.5439933100384859 0
0.5366462952964565 0.80200368763957 0
-0.5435092974928999 -0.7827777306400346 0
0.07368942195964819 -0.4649645860541275 0
0.0756448878578575 -0.2928719803028222 0
0.09446746253803624 0.2341657810515591 0
0.2312994700178799 -0.538679008947109 0
-0.1980261149059502 -0.1479257996083368 0
0.1985692382453582 0.1553692209431297 0
-0.1681039476365163 -0.2843109521198453 0
0.5225143998440485 -0.2722606089075219 0
0.1512557985319015 -0.2631119106203323 0
-0.654559893459922 -0.09009460562007365 0
0.5333692148305229 -0.7883309481441665 0
0.7899468382852396 -0.5351722434691161 0
-0.769986881987236 0.5412515496649679 0
-0.1436096791027919 -0.6057497518722266 0
0.2179081268671093 0.2284001264040897 0
-0.2277219038849732 -0.2126221296068591 0
0.07479953490695879 0.3070077673136165 0
-0.3098338191587172 0.01730909820314348 0
-0.3516976132516703 0.09516829768342833 0
0.2782073899974583 0.1738176852102118 0
0.1482361909794958 -0.1931851652578136 0
-0.2268462569806168 0.09326859864425217 0
-0.2796674802698959 -0.1431460724708557 0
-0.7295164763584082 0.09627116367530483 0
-0.09691224649682828 -0.2326361613050328 0
-0.523520555967661 0.7802238759686634 0
0.6318486384715135 0.1134564310690758 0
-0.5679783707003316 -0.3279843329293116 0
0.06875833054783681 0.7922618109972093 0
0.624771775316867 -0.4224905651287321 0
0.1168980403310858 -0.6251408313859186 0
0.4010925819454585 -0.5850251884280964 0
0.2898157536538895 -0.07745828422193433 0
0.1533184626497671 0.2875211523186945 0
-0.1485167005210475 0.2677070151118895 0
-0.4246499287609007 -0.622943320666457 0
0.3680812742323932 -0.05436788876412257 0
0.4610562940342026 -0.1155026837457565 0
0.6212006560958276 -0.1435515386896234 0
0.7765291872517455 0.7768240852064557 0
0.3037198997467829 0.07730461626479568 0
0.7731465220153598 -0.7731469805864538 0
-0.7573333523981161 0.7654032183475108 0
-0.7771317983415049 -0.7762162614651823 0
-0.249417208492581 0.5639442998481083 0
0.6263641424383835 0.4233164224441639 0
-0.07306341229110257 0.2981370182518274 0
-0.6387733334910606 0.4185634842397317 0
-0.4066444467436908 0.2603689930992548 0
-0.5670240499051151 0.2453797171164081 0
0.04867670836791186 -0.363331191839762 0
0.2527922750380267 0.6014283738793524 0
0.03225470653154582 0.3645197721284095 0
-0.2815585266576915 -0.5916034000152424 0
-0.283168879770089 0.07729314673099938 0
0.4099098129935861 0.6396609927724284 0
-0.3902535664131735 0.627879530699752 0
-0.1262452238445207 0.706682678048824 0
-0.3519916010035676 0.1772666193012865 0
0.3659451915805662 0.03692438076375922 0
0.4014030550484737 -0.2093939099737965 0
-0.02041111517170319 -0.6210291988416135 0
-0.8285988495856256 -0.06020314729663025 0
0.5939099900119026 -0.5915294150068098 0
-0.5856376686800694 -0.2017828796784411 0
-0.3115516029175081 -0.0634179404139503 0
0.6046211627579016 0.2696456156133619 0
0.2779131815725716 0.2463446444587526 0
-0.1296531968547813 -0.7594245779154838 0
-0.03295544352309587 0.3577386495304377 0
-0.2612172324165034 -0.2866874476208227 0
0.783332572283053 0.1312448927608904 0
0.1295093122481243 -0.3491818956433668 0
-0.6144216212440115 -0.6090748352247832 0
0.6025019491216721 0.6126713728144044 0
0.5996099227126984 -0.01846104289999896 0
0.3490033303908965 0.5190604334078643 0
-0.6459012238235835 -0.4475319655103336 0
0.1340022648400787 0.6644449359869743 0
2 152 0 19
762
763
764
765
766
767
768
769
770
771
772
773
774
775
776
777
778
779
780
0.1965925826289068 0.02588190451025207 0.9210526315787381
0.1965925826289068 0.02588190451025207 0.9736842105262463
0.1965925826289068 0.02588190451025213 0.6052631578936964
0.1965925826289069 0.02588190451025205 0.8157894736837239
0.1965925826289069 0.02588190451025189 0.8684210526312317
0.1965925826289068 0.02588190451025207 0.5526315789461894
0.1965925826289068 0.02588190451025207 0.657894736841203
0.1965925826289068 0.02588190451025207 0.7105263157887104
0.1965925826289068 0.02588190451025207 0.7631578947362176
0.1965925826289068 0.02588190451025213 0.4999999999987558
0.1965925826289069 0.02588190451025206 0.07894736842090266
0.1965925826289069 0.02588190451025207 0.02631578947363105
0.1965925826289068 0.02588190451025207 0.1315789473681644
0.1965925826289069 0.02588190451025207 0.2894736842098228
0.1965925826289069 0.02588190451025207 0.3421052631570378
0.1965925826289069 0.02588190451025206 0.3947368421042529
0.1965925826289068 0.02588190451025207 0.2368421052626079
0.1965925826289068 0.02588190451025214 0.1842105263153929
0.1965925826289068 0.02588190451025207 0.4473684210514681
2 156 0 19
781
782
783
784
785
786
787
788
789
790
791
792
793
794
795
796
797
798
799
0.1831951230073507 0.07588190451025206 0.9736842105262464
0.1831951230073507 0.07588190451025206 0.9210526315787381
0.1831951230073507 0.07588190451025213 0.6052631578936966
0.1831951230073507 0.07588190451025213 0.815789473683724
0.1831951230073507 0.07588190451025199 0.8684210526312318
0.1831951230073507 0.07588190451025206 0.5526315789461894
0.1831951230073507 0.07588190451025206 0.657894736841203
0.1831951230073507 0.07588190451025206 0.7105263157887104
0.1831951230073507 0.07588190451025206 0.7631578947362178
0.1831951230073507 0.07588190451025215 0.4999999999987558
0.1831951230073507 0.07588190451025206 0.07894736842090266
0.1831951230073507 0.07588190451025206 0.02631578947363106
0.1831951230073507 0.07588190451025206 0.1315789473681644
0.1831951230073507 0.07588190451025206 0.2894736842098228
0.1831951230073507 0.07588190451025206 0.3421052631570378
0.1831951230073507 0.07588190451025212 0.3947368421042529
0.1831951230073507 0.07588190451025206 0.2368421052626079
0.1831951230073507 0.07588190451025213 0.1842105263153929
0.1831951230073507 0.07588190451025206 0.4473684210514681
2 160 0 19
800
801
802
803
804
805
806
807
808
809
810
811
812
813
814
815
816
817
818
0.1573132186862608 0.1207106778721338 0.9210526315787386
0.1573132184970986 0.1207106781186548 0.9736842105262463
0.1573132184970986 0.1207106781186548 0.6052631578936964
0.1573132184970986 0.1207106781186548 0.8157894736837238
0.1573132184970987 0.1207106781186546 0.8684210526312317
0.1573132184970986 0.1207106781186548 0.5526315789461894
0.1573132184970986 0.1207106781186547 0.657894736841203
0.1573132184970987 0.1207106781186547 0.7631578947362178
0.1573132186862608 0.1207106778721338 0.7105263157887105
0.1573132184970986 0.1207106781186547 0.4999999999987557
0.1573132186862609 0.1207106778721338 0.07894736841630091
0.1573132184970986 0.1207106781186547 0.02631578947363105
0.1573132186862608 0.1207106778721338 0.1315789473681643
0.1573132186862609 0.1207106778721338 0.2894736842098228
0.1573132186862609 0.1207106778721338 0.3421052631570379
0.1573132186862609 0.1207106778721337 0.3947368421042528
0.1573132186862609 0.1207106778721338 0.2368421052626078
0.1573132184970986 0.1207106781186548 0.1842105263153929
0.1573132184970986 0.1207106781186547 0.4473684210514681
2 164 0 19
819
820
821
822
823
824
825
826
827
828
829
830
831
832
833
834
835
836
837
0.1207106781186548 0.1573132184970986 0.9736842105262463
0.1207106781186548 0.1573132184970986 0.921052631578738
0.1207106781186548 0.1573132184970986 0.6052631578936964
0.1207106781186548 0.1573132184970986 0.815789473683724
0.1207106781186548 0.1573132184970986 0.8684210526312318
0.1207106781186548 0.1573132184970986 0.5526315789461894
0.1207106781186548 0.1573132184970986 0.657894736841203
0.1207106781186548 0.1573132184970986 0.7105263157887104
0.1207106781186548 0.1573132184970986 0.7631578947362176
0.1207106781186548 0.1573132184970986 0.4999999999987557
0.1207106781186548 0.1573132184970986 0.07894736842090265
0.1207106781186548 0.1573132184970986 0.02631578947363105
0.1207106781186548 0.1573132184970986 0.1315789473681644
0.1207106781186548 0.1573132184970986 0.2894736842098228
0.1207106781186548 0.1573132184970986 0.3421052631570378
0.1207106781186548 0.1573132184970986 0.3947368421042529
0.1207106781186548 0.1573132184970986 0.2368421052626079
0.1207106781186548 0.1573132184970986 0.1842105263153928
0.1207106781186548 0.1573132184970986 0.4473684210514681
2 168 0 19
838
839
840
841
842
843
844
845
846
847
848
849
850
851
852
853
854
855
856
0.07588190451025209 0.1831951230073507 0.9736842105262462
0.07588190483066896 0.1831951228746297 0.9210526315787387
0.07588190473265606 0.183195122915228 0.8157894736837242
0.07588190483066891 0.1831951228746297 0.6052631578936966
0.07588190483066898 0.1831951228746297 0.8684210526312314
0.07588190473265605 0.183195122915228 0.5526315789461896
0.07588190451025209 0.1831951230073507 0.6578947368412034
0.07588190451025209 0.1831951230073507 0.7105263157887104
0.07588190451025209 0.1831951230073507 0.7631578947362174
0.07588190473265605 0.183195122915228 0.5000000000355695
0.07588190473265606 0.183195122915228 0.07894736841630091
0.07588190451025209 0.1831951230073507 0.02631578947363106
0.07588190473265603 0.183195122915228 0.1315789473681643
0.07588190473265605 0.183195122915228 0.2894736842098228
0.07588190473265605 0.183195122915228 0.3421052631570379
0.07588190483066895 0.1831951228746297 0.3947368421042529
0.07588190473265606 0.183195122915228 0.2368421052626078
0.0758819045102521 0.1831951230073507 0.1842105263153929
0.07588190473265605 0.183195122915228 0.4473684210514678
2 172 0 19
857
858
859
860
861
862
863
864
865
866
867
868
869
870
871
872
873
874
875
0.02588190451025207 0.1965925826289069 0.9210526315787386
0.02588190451025208 0.1965925826289068 0.9736842105262462
0.02588190451025206 0.1965925826289069 0.6052631578936964
0.02588190451025211 0.1965925826289068 0.8157894736837242
0.02588190451025217 0.1965925826289068 0.8684210526312313
0.02588190451025208 0.1965925826289068 0.5526315789461895
0.02588190451025208 0.1965925826289068 0.6578947368412034
0.02588190451025208 0.1965925826289068 0.7105263157887104
0.02588190451025208 0.1965925826289068 0.7631578947362173
0.025881904510252 0.1965925826289069 0.4999999999987557
0.02588190451025209 0.1965925826289068 0.07894736842090265
0.02588190451025209 0.1965925826289068 0.02631578947363106
0.02588190451025208 0.1965925826289068 0.1315789473681643
0.02588190451025207 0.1965925826289069 0.3947368421042529
0.02588190451025208 0.1965925826289068 0.2894736842098228
0.02588190451025208 0.1965925826289068 0.3421052631570379
0.02588190451025207 0.1965925826289069 0.2368421052626078
0.0258819045102521 0.1965925826289068 0.1842105263153929
0.02588190451025209 0.1965925826289068 0.4473684210514678
2 176 0 19
876
877
878
879
880
881
882
883
884
885
886
887
888
889
890
891
892
893
894
-0.02588190451025206 0.1965925826289068 0.9736842105262462
-0.02588190451025206 0.1965925826289068 0.9210526315787381
-0.02588190451025211 0.1965925826289068 0.6052631578936964
-0.02588190451025203 0.1965925826289069 0.8157894736837239
-0.02588190451025187 0.1965925826289069 0.8684210526312317
-0.02588190451025206 0.1965925826289068 0.5526315789461894
-0.02588190451025206 0.1965925826289068 0.657894736841203
-0.02588190451025206 0.1965925826289068 0.7105263157887104
-0.02588190451025206 0.1965925826289068 0.7631578947362178
-0.02588190451025212 0.1965925826289068 0.4999999999987558
-0.02588190451025205 0.1965925826289069 0.07894736842090264
-0.02588190451025206 0.1965925826289068 0.02631578947363105
-0.02588190451025205 0.1965925826289069 0.1315789473681644
-0.02588190451025203 0.1965925826289069 0.2894736842098228
-0.02588190451025207 0.1965925826289068 0.3421052631570378
-0.02588190451025207 0.1965925826289068 0.3947368421042529
-0.02588190451025207 0.1965925826289068 0.2368421052626079
-0.02588190451025202 0.1965925826289069 0.1842105263153928
-0.02588190451025206 0.1965925826289068 0.4473684210514681
2 180 0 19
895
896
897
898
899
900
901
902
903
904
905
906
907
908
909
910
911
912
913
-0.07588190451025205 0.1831951230073507 0.9736842105262464
-0.07588190421233808 0.1831951231307507 0.9210526315787384
-0.07588190421233817 0.1831951231307507 0.6052631578936964
-0.07588190421233806 0.1831951231307507 0.8684210526312314
-0.07588190421233813 0.1831951231307507 0.8157894736837243
-0.07588190421233813 0.1831951231307507 0.5526315789461895
-0.07588190421233813 0.1831951231307507 0.6578947368412035
-0.07588190421233809 0.1831951231307507 0.7105263157887104
-0.07588190421233809 0.1831951231307507 0.7631578947362172
-0.07588190421233813 0.1831951231307507 0.5000000000355695
-0.07588190451025204 0.1831951230073507 0.07894736842090266
-0.07588190451025204 0.1831951230073507 0.02631578947363106
-0.07588190451025205 0.1831951230073507 0.1315789473681644
-0.07588190421233813 0.1831951231307507 0.2894736842098229
-0.07588190421233813 0.1831951231307507 0.3421052631570379
-0.07588190421233813 0.1831951231307507 0.3947368421042529
-0.07588190451025205 0.1831951230073507 0.2368421052626079
-0.07588190421233815 0.1831951231307507 0.4473684210514679
-0.07588190451025202 0.1831951230073507 0.1842105263153928
2 184 0 19
914
915
916
917
918
919
920
921
922
923
924
925
926
927
928
929
930
931
932
-0.1207106775936782 0.1573132188999273 0.9736842105262462
-0.1207106776532157 0.1573132188542425 0.9210526315787385
-0.1207106776532157 0.1573132188542425 0.8157894736837245
-0.1207106776532157 0.1573132188542425 0.5526315789461894
-0.1207106781186547 0.1573132184970986 0.6052631578936964
-0.1207106781186547 0.1573132184970986 0.657894736841203
-0.1207106781186547 0.1573132184970986 0.7105263157887104
-0.1207106781186547 0.1573132184970986 0.7631578947362176
-0.1207106781186547 0.1573132184970986 0.8684210526312317
-0.1207106776532158 0.1573132188542425 0.5000000000355695
-0.1207106775936782 0.1573132188999273 0.07894736841630093
-0.1207106781186547 0.1573132184970986 0.02631578947363105
-0.1207106775936783 0.1573132188999272 0.1315789473681643
-0.1207106776532157 0.1573132188542425 0.3947368421042529
-0.1207106776532157 0.1573132188542425 0.2894736842098228
-0.1207106781186547 0.1573132184970986 0.3421052631570379
-0.1207106776532157 0.1573132188542425 0.2368421052626078
-0.1207106781186547 0.1573132184970987 0.1842105263153928
-0.1207106776532158 0.1573132188542425 0.4473684210514678
2 188 0 19
933
934
935
936
937
938
939
940
941
942
943
944
945
946
947
948
949
950
951
-0.1573132184970986 0.1207106781186548 0.9736842105262463
-0.1573132188542425 0.1207106776532158 0.9210526315787385
-0.1573132188542425 0.1207106776532158 0.6052631578936963
-0.1573132188542425 0.1207106776532158 0.8684210526312311
-0.1573132184970986 0.1207106781186548 0.8157894736837238
-0.1573132188542425 0.1207106776532158 0.5526315789461896
-0.1573132188542425 0.1207106776532157 0.6578947368412034
-0.1573132188542425 0.1207106776532158 0.7105263157887104
-0.1573132184970986 0.1207106781186548 0.7631578947362178
-0.1573132184970986 0.1207106781186548 0.4999999999987558
-0.1573132184970986 0.1207106781186548 0.07894736842090265
-0.1573132184970986 0.1207106781186548 0.02631578947363106
-0.1573132184970986 0.1207106781186548 0.1315789473681643
-0.1573132184970986 0.1207106781186548 0.2894736842098228
-0.1573132184970986 0.1207106781186548 0.3421052631570378
-0.1573132188542425 0.1207106776532158 0.3947368421042529
-0.1573132184970986 0.1207106781186548 0.2368421052626079
-0.1573132184970986 0.1207106781186548 0.1842105263153928
-0.1573132184970986 0.1207106781186548 0.4473684210514681
2 192 0 19
952
953
954
955
956
957
958
959
960
961
962
963
964
965
966
967
968
969
970
-0.1831951230073507 0.07588190451025209 0.9210526315787386
-0.1831951230073507 0.0758819045102521 0.9736842105262462
-0.1831951230073507 0.07588190451025209 0.6052631578936966
-0.1831951230073507 0.07588190451025205 0.8157894736837243
-0.1831951230073507 0.07588190451025209 0.8684210526312314
-0.1831951230073507 0.07588190451025209 0.5526315789461895
-0.1831951230073507 0.07588190451025209 0.6578947368412034
-0.1831951230073507 0.07588190451025209 0.7105263157887104
-0.1831951230073507 0.07588190451025209 0.7631578947362174
-0.1831951228535312 0.07588190488160526 0.5000000000355695
-0.1831951228535312 0.07588190488160529 0.07894736841630091
-0.1831951228535312 0.07588190488160526 0.02631578947474211
-0.1831951230073507 0.07588190451025209 0.1315789473681643
-0.1831951228535312 0.07588190488160526 0.2894736842098228
-0.1831951228535312 0.07588190488160526 0.3421052631570379
-0.1831951230073507 0.07588190451025206 0.3947368421042529
-0.1831951230073507 0.0758819045102521 0.2368421052626078
-0.1831951230073507 0.07588190451025212 0.1842105263153929
-0.1831951228535312 0.07588190488160525 0.4473684210514678
2 196 0 19
971
972
973
974
975
976
977
978
979
980
981
982
983
984
985
986
987
988
989
-0.1965925826289068 0.02588190451025225 0.9736842105262462
-0.1965925826289068 0.02588190451025212 0.9210526315787386
-0.1965925826289068 0.02588190451025212 0.8157894736837242
-0.1965925826289068 0.02588190451025209 0.5526315789461895
-0.1965925826289068 0.02588190451025215 0.6578947368412035
-0.1965925826289068 0.02588190451025217 0.7105263157887104
-0.1965925826289068 0.0258819045102522 0.7631578947362173
-0.1965925826289068 0.02588190451025212 0.6052631578936964
-0.1965925826289068 0.02588190451025212 0.8684210526312314
-0.1965925826289068 0.02588190451025204 0.4999999999987557
-0.1965925826289068 0.02588190451025213 0.07894736842090265
-0.1965925826289068 0.02588190451025212 0.02631578947363105
-0.1965925826289068 0.02588190451025212 0.1315789473681643
-0.1965925826289068 0.02588190451025211 0.3947368421042529
-0.1965925826289068 0.02588190451025213 0.2894736842098228
-0.1965925826289068 0.02588190451025211 0.3421052631570379
-0.1965925826289068 0.02588190451025212 0.2368421052626078
-0.1965925826289068 0.02588190451025213 0.1842105263153929
-0.1965925826289068 0.02588190451025212 0.4473684210514678
2 200 0 19
990
991
992
993
994
995
996
997
998
999
1000
1001
1002
1003
1004
1005
1006
1007
1008
-0.1965925826289068 -0.02588190451025207 0.9736842105262463
-0.1965925826289068 -0.02588190451025207 0.9210526315787381
-0.1965925826289068 -0.02588190451025207 0.815789473683724
-0.1965925826289068 -0.02588190451025212 0.6052631578936964
-0.1965925826289069 -0.02588190451025189 0.8684210526312317
-0.1965925826289068 -0.02588190451025207 0.5526315789461894
-0.1965925826289068 -0.02588190451025207 0.657894736841203
-0.1965925826289068 -0.02588190451025207 0.7105263157887104
-0.1965925826289068 -0.02588190451025207 0.7631578947362176
-0.1965925826289068 -0.02588190451025207 0.4999999999987558
-0.1965925826289069 -0.02588190451025206 0.07894736842090266
-0.1965925826289069 -0.02588190451025206 0.02631578947363106
-0.1965925826289068 -0.02588190451025211 0.1315789473681643
-0.1965925826289069 -0.02588190451025207 0.2894736842098228
-0.1965925826289068 -0.0258819045102521 0.3421052631570378
-0.1965925826289069 -0.02588190451025206 0.3947368421042529
-0.1965925826289068 -0.02588190451025208 0.2368421052626079
-0.1965925826289069 -0.02588190451025204 0.1842105263153928
-0.1965925826289068 -0.02588190451025209 0.447368421051468
2 204 0 19
1009
1010
1011
1012
1013
1014
1015
1016
1017
1018
1019
1020
1021
1022
1023
1024
1025
1026
1027
-0.1831951230073507 -0.07588190451025206 0.9210526315787381
-0.1831951230073507 -0.07588190451025206 0.9736842105262464
-0.1831951230073507 -0.07588190451025206 0.815789473683724
-0.1831951230073507 -0.07588190451025206 0.6052631578936966
-0.1831951230073507 -0.07588190451025206 0.8684210526312318
-0.1831951230073507 -0.07588190451025206 0.5526315789461894
-0.1831951230073507 -0.07588190451025206 0.657894736841203
-0.1831951230073507 -0.07588190451025206 0.7105263157887104
-0.1831951230073507 -0.07588190451025206 0.7631578947362178
-0.1831951231307507 -0.07588190421233815 0.5000000000355695
-0.1831951231307507 -0.07588190421233812 0.07894736841630093
-0.1831951231307507 -0.07588190421233813 0.02631578947474211
-0.1831951230073507 -0.07588190451025206 0.1315789473681644
-0.1831951231307507 -0.07588190421233813 0.3421052631570378
-0.1831951230073507 -0.07588190451025206 0.2894736842098228
-0.1831951230073507 -0.07588190451025209 0.3947368421042529
-0.1831951231307507 -0.07588190421233813 0.2368421052626078
-0.1831951230073507 -0.07588190451025204 0.1842105263153928
-0.1831951230073507 -0.07588190451025206 0.447368421051468
2 208 0 19
1028
1029
1030
1031
1032
1033
1034
1035
1036
1037
1038
1039
1040
1041
1042
1043
1044
1045
1046
-0.1573132182622518 -0.1207106784247132 0.9210526315787386
-0.1573132184970987 -0.1207106781186547 0.9736842105262463
-0.1573132182622517 -0.1207106784247132 0.8157894736837243
-0.1573132182622517 -0.1207106784247132 0.6052631578936966
-0.1573132184970987 -0.1207106781186547 0.657894736841203
-0.1573132182622518 -0.1207106784247132 0.5526315789461894
-0.1573132184970987 -0.1207106781186547 0.7105263157887105
-0.1573132184970987 -0.1207106781186547 0.7631578947362179
-0.1573132182622518 -0.1207106784247132 0.8684210526312314
-0.1573132182622517 -0.1207106784247132 0.5000000000355695
-0.1573132182622517 -0.1207106784247132 0.07894736841630094
-0.1573132184970987 -0.1207106781186547 0.02631578947363106
-0.1573132182622517 -0.1207106784247132 0.1315789473681643
-0.1573132182622517 -0.1207106784247132 0.2894736842098228
-0.1573132182622517 -0.1207106784247132 0.3421052631570379
-0.1573132182622517 -0.1207106784247132 0.394736842104253
-0.1573132182622517 -0.1207106784247132 0.2368421052626078
-0.1573132184970987 -0.1207106781186547 0.1842105263153928
-0.1573132182622517 -0.1207106784247132 0.4473684210514677
2 212 0 19
1047
1048
1049
1050
1051
1052
1053
1054
1055
1056
1057
1058
1059
1060
1061
1062
1063
1064
1065
-0.1207106781186548 -0.1573132184970986 0.9736842105262464
-0.1207106775936784 -0.1573132188999272 0.9210526315787386
-0.1207106776532158 -0.1573132188542425 0.6052631578936963
-0.1207106776532158 -0.1573132188542425 0.8157894736837245
-0.1207106776532159 -0.1573132188542424 0.8684210526312311
-0.1207106775936784 -0.1573132188999272 0.5526315789461895
-0.1207106781186548 -0.1573132184970986 0.657894736841203
-0.1207106781186548 -0.1573132184970986 0.7105263157887104
-0.1207106781186548 -0.1573132184970986 0.7631578947362178
-0.1207106775936783 -0.1573132188999272 0.5000000000355695
-0.1207106776532159 -0.1573132188542424 0.07894736841630093
-0.1207106781186549 -0.1573132184970985 0.02631578947363106
-0.1207106775936784 -0.1573132188999272 0.1315789473681643
-0.1207106776532159 -0.1573132188542424 0.2894736842098228
-0.1207106776532159 -0.1573132188542424 0.3421052631570379
-0.1207106775936784 -0.1573132188999272 0.3947368421042529
-0.1207106775936784 -0.1573132188999272 0.2368421052626077
-0.1207106781186549 -0.1573132184970985 0.1842105263153928
-0.1207106775936784 -0.1573132188999272 0.4473684210514679
2 216 0 19
1066
1067
1068
1069
1070
1071
1072
1073
1074
1075
1076
1077
1078
1079
1080
1081
1082
1083
1084
-0.07588190451025212 -0.1831951230073507 0.9736842105262462
-0.07588190451025204 -0.1831951230073507 0.9210526315787386
-0.0758819045102521 -0.1831951230073507 0.6052631578936966
-0.0758819047326561 -0.1831951229152279 0.8157894736837242
-0.07588190451025215 -0.1831951230073507 0.8684210526312314
-0.0758819047326561 -0.1831951229152279 0.5526315789461895
-0.0758819045102521 -0.1831951230073507 0.6578947368412034
-0.0758819045102521 -0.1831951230073507 0.7105263157887104
-0.0758819045102521 -0.1831951230073507 0.7631578947362174
-0.0758819045102521 -0.1831951230073507 0.4999999999987557
-0.0758819045102521 -0.1831951230073507 0.07894736842090265
-0.0758819045102521 -0.1831951230073507 0.02631578947363105
-0.07588190451025209 -0.1831951230073507 0.1315789473681643
-0.0758819045102521 -0.1831951230073507 0.3947368421042529
-0.0758819047326561 -0.1831951229152279 0.2894736842098228
-0.0758819045102521 -0.1831951230073507 0.3421052631570379
-0.07588190451025212 -0.1831951230073507 0.2368421052626078
-0.07588190451025206 -0.1831951230073507 0.1842105263153929
-0.0758819047326561 -0.1831951229152279 0.4473684210514678
2 220 0 19
1085
1086
1087
1088
1089
1090
1091
1092
1093
1094
1095
1096
1097
1098
1099
1100
1101
1102
1103
-0.02588190451025207 -0.1965925826289069 0.9210526315787386
-0.02588190451025208 -0.1965925826289068 0.9736842105262462
-0.02588190451025208 -0.1965925826289068 0.8157894736837242
-0.02588190451025208 -0.1965925826289068 0.5526315789461895
-0.02588190451025208 -0.1965925826289068 0.6578947368412034
-0.02588190451025208 -0.1965925826289068 0.7105263157887104
-0.02588190451025208 -0.1965925826289068 0.6052631578936964
-0.02588190451025208 -0.1965925826289068 0.8684210526312314
-0.02588190451025216 -0.1965925826289068 0.7631578947362173
-0.02588190451025202 -0.1965925826289069 0.4999999999987558
-0.02588190451025209 -0.1965925826289068 0.07894736842090264
-0.02588190451025209 -0.1965925826289068 0.02631578947363106
-0.02588190451025208 -0.1965925826289068 0.1315789473681643
-0.02588190451025208 -0.1965925826289068 0.2894736842098228
-0.02588190451025208 -0.1965925826289068 0.3421052631570379
-0.02588190451025208 -0.1965925826289068 0.2368421052626078
-0.02588190451025207 -0.1965925826289069 0.3947368421042529
-0.02588190451025211 -0.1965925826289068 0.1842105263153929
-0.02588190451025205 -0.1965925826289069 0.4473684210514678
2 224 0 19
1104
1105
1106
1107
1108
1109
1110
1111
1112
1113
1114
1115
1116
1117
1118
1119
1120
1121
1122
0.02588190451025187 -0.1965925826289069 0.9736842105262462
0.02588190451025201 -0.1965925826289069 0.9210526315787381
0.02588190451025201 -0.1965925826289069 0.8157894736837239
0.02588190451025201 -0.1965925826289069 0.5526315789461894
0.02588190451025201 -0.1965925826289069 0.657894736841203
0.02588190451025201 -0.1965925826289069 0.7105263157887104
0.02588190451025201 -0.1965925826289069 0.7631578947362178
0.02588190451025201 -0.1965925826289069 0.6052631578936964
0.02588190451025201 -0.1965925826289069 0.8684210526312317
0.02588190451025207 -0.1965925826289069 0.4999999999987558
0.025881904510252 -0.1965925826289069 0.07894736842090264
0.02588190451025201 -0.1965925826289069 0.02631578947363105
0.02588190451025205 -0.1965925826289069 0.1315789473681643
0.02588190451025199 -0.1965925826289069 0.2894736842098228
0.02588190451025203 -0.1965925826289069 0.3421052631570378
0.02588190451025201 -0.1965925826289069 0.3947368421042528
0.02588190451025202 -0.1965925826289069 0.2368421052626079
0.02588190451025198 -0.1965925826289069 0.1842105263153928
0.02588190451025206 -0.1965925826289069 0.4473684210514681
2 228 0 19
1123
1124
1125
1126
1127
1128
1129
1130
1131
1132
1133
1134
1135
1136
1137
1138
1139
1140
1141
0.07588190451025205 -0.1831951230073507 0.9736842105262464
0.07588190436128731 -0.1831951230690539 0.9210526315787388
0.07588190436128731 -0.1831951230690539 0.6052631578936964
0.07588190436128733 -0.1831951230690539 0.8157894736837243
0.07588190451025205 -0.1831951230073507 0.8684210526312316
0.07588190436128731 -0.1831951230690539 0.5526315789461895
0.07588190451025205 -0.1831951230073507 0.657894736841203
0.07588190451025205 -0.1831951230073507 0.7105263157887105
0.07588190451025205 -0.1831951230073507 0.7631578947362179
0.07588190436128731 -0.1831951230690539 0.5000000000355694
0.07588190451025205 -0.1831951230073507 0.07894736842090265
0.07588190451025204 -0.1831951230073507 0.02631578947363106
0.07588190436128731 -0.1831951230690539 0.1315789473681643
0.07588190436128729 -0.1831951230690539 0.394736842104253
0.07588190436128731 -0.1831951230690539 0.2894736842098229
0.07588190451025205 -0.1831951230073507 0.3421052631570378
0.07588190436128731 -0.1831951230690539 0.2368421052626078
0.07588190451025212 -0.1831951230073507 0.1842105263153929
0.07588190436128731 -0.1831951230690539 0.4473684210514678
2 232 0 19
1142
1143
1144
1145
1146
1147
1148
1149
1150
1151
1152
1153
1154
1155
1156
1157
1158
1159
1160
0.1207106784247133 -0.1573132182622517 0.9210526315787386
0.1207106781186548 -0.1573132184970986 0.9736842105262463
0.1207106784247133 -0.1573132182622517 0.5526315789461894
0.1207106784247133 -0.1573132182622517 0.6578947368412034
0.1207106781186548 -0.1573132184970986 0.7105263157887105
0.1207106781186548 -0.1573132184970986 0.7631578947362179
0.1207106781186548 -0.1573132184970986 0.6052631578936964
0.1207106781186548 -0.1573132184970986 0.8157894736837239
0.1207106781186548 -0.1573132184970986 0.8684210526312316
0.1207106781186548 -0.1573132184970986 0.4999999999987557
0.1207106784247133 -0.1573132182622517 0.07894736841630091
0.1207106781186547 -0.1573132184970986 0.02631578947363106
0.1207106784247133 -0.1573132182622517 0.1315789473681643
0.1207106784247133 -0.1573132182622517 0.2894736842098228
0.1207106784247133 -0.1573132182622517 0.3421052631570379
0.1207106784247133 -0.1573132182622517 0.3947368421042529
0.1207106784247133 -0.1573132182622517 0.2368421052626078
0.1207106781186547 -0.1573132184970986 0.1842105263153928
0.1207106781186547 -0.1573132184970987 0.4473684210514681
2 236 0 19
1161
1162
1163
1164
1165
1166
1167
1168
1169
1170
1171
1172
1173
1174
1175
1176
1177
1178
1179
0.1573132184970985 -0.1207106781186549 0.9736842105262463
0.1573132184970986 -0.1207106781186548 0.9210526315787381
0.157313218428467 -0.1207106782080972 0.6052631578936967
0.157313218428467 -0.1207106782080972 0.8157894736837242
0.157313218428467 -0.1207106782080972 0.8684210526312315
0.1573132184970986 -0.1207106781186548 0.5526315789461894
0.1573132184970986 -0.1207106781186548 0.657894736841203
0.1573132184970986 -0.1207106781186548 0.7105263157887104
0.1573132184970986 -0.1207106781186548 0.7631578947362178
0.157313218428467 -0.1207106782080972 0.5000000000355697
0.1573132184970986 -0.1207106781186548 0.07894736842090265
0.1573132184970986 -0.1207106781186548 0.02631578947363106
0.1573132184970986 -0.1207106781186548 0.1315789473681644
0.1573132184970986 -0.1207106781186548 0.2894736842098228
0.1573132184970986 -0.1207106781186548 0.3421052631570378
0.1573132184970986 -0.1207106781186548 0.3947368421042529
0.1573132184970986 -0.1207106781186548 0.2368421052626079
0.1573132184970986 -0.1207106781186548 0.4473684210514681
0.1573132184970986 -0.1207106781186548 0.1842105263153929
2 240 0 19
1180
1181
1182
1183
1184
1185
1186
1187
1188
1189
1190
1191
1192
1193
1194
1195
1196
1197
1198
0.1831951230073506 -0.0758819045102522 0.9736842105262462
0.1831951230073506 -0.0758819045102522 0.9210526315787386
0.1831951230073506 -0.0758819045102522 0.8157894736837242
0.1831951228746296 -0.07588190483066906 0.5526315789461895
0.1831951228746296 -0.07588190483066906 0.6578947368412035
0.1831951228746296 -0.07588190483066909 0.7105263157887103
0.1831951228746296 -0.07588190483066909 0.7631578947362173
0.1831951230073506 -0.0758819045102522 0.6052631578936966
0.1831951230073506 -0.0758819045102522 0.8684210526312314
0.1831951228746296 -0.07588190483066906 0.5000000000355695
0.1831951230073506 -0.0758819045102522 0.07894736842090266
0.1831951230073506 -0.07588190451025222 0.02631578947363106
0.1831951230073506 -0.0758819045102522 0.1315789473681643
0.1831951228746296 -0.07588190483066906 0.3947368421042529
0.1831951230073507 -0.0758819045102522 0.2368421052626078
0.1831951230073506 -0.0758819045102522 0.2894736842098228
0.1831951230073506 -0.0758819045102522 0.3421052631570379
0.1831951230073506 -0.07588190451025222 0.1842105263153929
0.1831951230073506 -0.0758819045102522 0.4473684210514678
2 244 0 19
1199
1200
1201
1202
1203
1204
1205
1206
1207
1208
1209
1210
1211
1212
1213
1214
1215
1216
1217
0.1965925826289068 -0.02588190451025216 0.9736842105262462
0.1965925826289068 -0.02588190451025215 0.9210526315787386
0.1965925826289068 -0.02588190451025216 0.6052631578936964
0.1965925826289068 -0.02588190451025216 0.8157894736837242
0.1965925826289068 -0.02588190451025216 0.8684210526312313
0.1965925826289068 -0.02588190451025216 0.6578947368412034
0.1965925826289068 -0.02588190451025216 0.7105263157887104
0.1965925826289068 -0.02588190451025216 0.7631578947362173
0.1965925826289068 -0.02588190451025214 0.5526315789461895
0.1965925826289068 -0.02588190451025216 0.4999999999987558
0.1965925826289068 -0.02588190451025216 0.07894736842090262
0.1965925826289068 -0.02588190451025216 0.02631578947363105
0.1965925826289068 -0.02588190451025216 0.1315789473681643
0.1965925826289068 -0.02588190451025216 0.2894736842098228
0.1965925826289068 -0.02588190451025216 0.3421052631570379
0.1965925826289068 -0.02588190451025215 0.3947368421042529
0.1965925826289068 -0.02588190451025216 0.2368421052626078
0.1965925826289068 -0.02588190451025211 0.1842105263153929
0.1965925826289068 -0.02588190451025216 0.4473684210514679
2 245 0 50
1218
1219
1220
1221
1222
1223
1224
1225
1226
1227
1228
1229
1230
1231
1232
1233
1234
1235
1236
1237
1238
1239
1240
1241
1242
1243
1244
1245
1246
1247
1248
1249
1250
1251
1252
1253
1254
1255
1256
1257
1258
1259
1260
1261
1262
1263
1264
1265
1266
1267
0.1414213562373095 -0.05857864376269057 1
-0.1414213562373096 0.05857864376269052 1
0.05909196970533265 0.1384809335611683 1
-0.05857864376269051 -0.1414213562373094 1
-0.1423956393541483 -0.06011221073642841 1
0.1452506674706412 0.06192908190376265 1
-0.05802626797395281 0.1429403217309494 1
0.05857864376269049 -0.1414213562373095 1
0.1628626279736931 -0.02144127173638364 1
0.1133980843269318 -0.02039941941524524 1
0.08995228472486311 -0.06176301268550289 1
0.06108973691069541 -0.02067715513574222 1
0.03782256105631827 -0.06498922516114963 1
0.008905711115857896 -0.02352275803800148 1
0.03204391463204699 0.02295831609525112 1
-0.02010757909334025 0.0195950870651763 1
-0.04318808962705385 -0.02723382962763503 1
0.002338870479073178 0.0652177146282715 1
-0.04634790092011465 0.0605885254084404 1
0.05664741321923532 0.07401026706623742 1
0.08418709468826716 0.02240711027604876 1
-0.01264107027025893 -0.06913714950753387 1
-0.06328302072693535 -0.0807571965720835 1
-0.09676824313437117 -0.03129544448976222 1
-0.0706692745192509 0.01498291544225571 1
0.02016127867754445 -0.1148448107358797 1
-0.1208352795785811 0.01772173747060731 1
-0.02560378797560256 0.1051235107994113 1
0.02052171760730021 0.1134143793953059 1
0.09936331483114685 0.1111841668748702 1
-0.01435627856118344 0.1530810289522203 1
0.1183246154184266 -0.09907386549705512 1
-0.09380546425187078 0.05874101110846764 1
-0.119027475045218 0.0989076352752405 1
-0.1527314260539436 -0.01690228960812289 1
0.1418318066644048 0.01906463534337837 1
-0.024628084349743 -0.1120359443428876 1
-0.100442342775492 -0.1162274582851066 1
-0.01448828577893154 -0.1541995865237517 1
0.06839147910713347 -0.1009796780442751 1
-0.07157732292573553 0.1002154461022645 1
-0.1620830978750203 0.02274769698576847 1
0.1036392080638763 0.06328561422644415 1
0.09750169537745856 -0.1322698940825602 1
-0.09774406159370716 0.1321358502935684 1
-0.1058937949169362 -0.07435209437555175 1
-0.133377305787804 -0.09806411385729276 1
0.02549359753412925 -0.1621898043963398 1
0.02601496964807295 0.1616847888275253 1
0.1344001413474811 0.0954900879372219 1
2 278 0 24
1268
1269
1270
1271
1272
1273
1274
1275
1276
1277
1278
1279
1280
1281
1282
1283
1284
1285
1286
1287
1288
1289
1290
1291
-0.2821107773428019 -1 0.2490863746351751
0.2804037862464814 -1 0.2489577976220881
0.580449059865737 -1 0.7492192187261829
-0.5796653116386781 -1 0.7486555920557588
-0.0008359694362738423 -1 0.753090175127318
0.7896181616358176 -1 0.3756201404832379
-0.789619942634372 -1 0.3756197919568535
0.2865734548693788 -1 0.7523982356897528
0.4047654709639228 -1 0.5012784833957786
-0.285714285716072 -1 0.7525641717211918
-0.407255464636033 -1 0.5026577496147132
-0.1381764272427393 -1 0.5026551682864848
0.1374365449403829 -1 0.5021322827349761
-1.992961351504619e-12 -1 0.2516102759708978
0.5794004542695936 -1 0.2526086079904986
-0.5801132301750217 -1 0.2526889064695076
0.7925436175801224 -1 0.6234804190358159
-0.7924490535385871 -1 0.6234660041693563
-0.8151563071928445 -1 0.1816733277252781
0.8149220102086616 -1 0.181668134184871
-0.8152036923338315 -1 0.8185243665199994
0.8153696959142027 -1 0.8186579222246638
0.6281816677809746 -1 0.5009144717031319
-0.6282026072009907 -1 0.5009143497229385
2 282 0 24
1292
1293
1294
1295
1296
1297
1298
1299
1300
1301
1302
1303
1304
1305
1306
1307
1308
1309
1310
1311
1312
1313
1314
1315
1 -0.2821107773428019 0.2490863746351751
1 0.2804037862464814 0.2489577976220881
1 0.580449059865737 0.7492192187261829
1 -0.5796653116386781 0.7486555920557588
1 -0.0008359694362738423 0.753090175127318
1 0.7896181616358176 0.3756201404832379
1 -0.789619942634372 0.3756197919568535
1 0.2865734548693788 0.7523982356897528
1 0.4047654709639228 0.5012784833957786
1 -0.285714285716072 0.7525641717211918
1 -0.407255464636033 0.5026577496147132
1 -0.1381764272427393 0.5026551682864848
1 0.1374365449403829 0.5021322827349761
1 -1.992961351504619e-12 0.2516102759708978
1 0.5794004542695936 0.2526086079904986
1 -0.5801132301750217 0.2526889064695076
1 0.7925436175801224 0.6234804190358159
1 -0.7924490535385871 0.6234660041693563
1 -0.8151563071928445 0.1816733277252781
1 0.8149220102086616 0.181668134184871
1 -0.8152036923338315 0.8185243665199994
1 0.8153696959142027 0.8186579222246638
1 0.6281816677809746 0.5009144717031319
1 -0.6282026072009907 0.5009143497229385
2 286 0 24
1316
1317
1318
1319
1320
1321
1322
1323
1324
1325
1326
1327
1328
1329
1330
1331
1332
1333
1334
1335
1336
1337
1338
1339
0.2821107773428019 1 0.2490863746351751
-0.2804037862464814 1 0.2489577976220881
-0.580449059865737 1 0.7492192187261829
0.5796653116386781 1 0.7486555920557588
0.0008359694362738423 1 0.753090175127318
-0.7896181616358176 1 0.3756201404832379
0.789619942634372 1 0.3756197919568535
-0.2865734548693788 1 0.7523982356897528
-0.4047654709639228 1 0.5012784833957786
0.285714285716072 1 0.7525641717211918
0.407255464636033 1 0.5026577496147132
0.1381764272427393 1 0.5026551682864848
-0.1374365449403829 1 0.5021322827349761
1.992961351504619e-12 1 0.2516102759708978
-0.5794004542695936 1 0.2526086079904986
0.5801132301750217 1 0.2526889064695076
-0.7925436175801224 1 0.6234804190358159
0.7924490535385871 1 0.6234660041693563
0.8151563071928445 1 0.1816733277252781
-0.8149220102086616 1 0.181668134184871
0.8152036923338315 1 0.8185243665199994
-0.8153696959142027 1 0.8186579222246638
-0.6281816677809746 1 0.5009144717031319
0.6282026072009907 1 0.5009143497229385
2 290 0 24
1340
1341
1342
1343
1344
1345
1346
1347
1348
1349
1350
1351
1352
1353
1354
1355
1356
1357
1358
1359
1360
1361
1362
1363
-1 0.2815059937044344 0.2462235893751917
-1 -0.2817854157057702 0.7472328708286518
-1 0.580449175396777 0.7492184917456489
-1 -0.58046486357617 0.2508811691638171
-1 -0.7896206277679334 0.6243803421030849
-1 0.7896181797471727 0.3756201368150443
-1 -0.2877075637310835 0.2461462968026988
-1 -0.4073743116523911 0.4958827159289306
-1 -0.1362408966578474 0.4926923635963931
-1 0.002367706147176296 0.7439229017838693
-1 0.2895296353775413 0.7547669648621358
-1 0.4071664075296679 0.4983776050119882
-1 -0.0005912915489156845 0.2457648644130324
-1 0.1393419525287301 0.496211154827074
-1 -0.5802048701077278 0.7464192395670636
-1 0.5798472755904025 0.2516928255875812
-1 0.7925436186350057 0.6234803875237537
-1 -0.7925436309658376 0.3765239526463523
-1 0.814912920140664 0.1814698182439751
-1 -0.8153289024073864 0.8181430987704571
-1 0.8153698493073855 0.818657766708495
-1 -0.8153907945779095 0.1813635514887109
-1 0.6281818881235661 0.5009144711435745
-1 -0.6282106509789702 0.4990856978735606
2 387 0 163
1364
1365
1366
1367
1368
1369
1370
1371
1372
1373
1374
1375
1376
1377
1378
1379
1380
1381
1382
1383
1384
1385
1386
1387
1388
1389
1390
1391
1392
1393
1394
1395
1396
1397
1398
1399
1400
1401
1402
1403
1404
1405
1406
1407
1408
1409
1410
1411
1412
1413
1414
1415
1416
1417
1418
1419
1420
1421
1422
1423
1424
1425
1426
1427
1428
1429
1430
1431
1432
1433
1434
1435
1436
1437
1438
1439
1440
1441
1442
1443
1444
1445
1446
1447
1448
1449
1450
1451
1452
1453
1454
1455
1456
1457
1458
1459
1460
1461
1462
1463
1464
1465
1466
1467
1468
1469
1470
1471
1472
1473
1474
1475
1476
1477
1478
1479
1480
1481
1482
1483
1484
1485
1486
1487
1488
1489
1490
1491
1492
1493
1494
1495
1496
1497
1498
1499
1500
1501
1502
1503
1504
1505
1506
1507
1508
1509
1510
1511
1512
1513
1514
1515
1516
1517
1518
1519
1520
1521
1522
1523
1524
1525
1526
0.1946184200171816 -0.1481544817201527 1
-0.1940610763690342 0.1500915719156904 1
-0.1542397116567096 -0.1987227233909203 1
0.1532339254296083 0.1998534377720088 1
0.09310032715025947 -0.2271599562695739 1
-0.2346235385428547 -0.09138720138604541 1
-0.09721336973436852 0.2263677005555622 1
0.2317902806936556 0.101152947064301 1
0.2434097449523034 -0.03043945962163062 1
-0.03105629302744905 -0.2434365474839296 1
0.03211785636849795 0.2463289799791431 1
-0.2434296320512189 0.0304451099522185 1
0.7525641703479908 -0.2857142857162706 1
-0.7808867220821912 0.3098324061152638 1
-0.2967803755083406 -0.7663106208606738 1
0.2799668995974229 0.7824790138122921 1
0.2719702777751578 -0.7554797688658204 1
0.7761741696622526 0.2916779258341548 1
-0.3129146074984736 0.7754462138510043 1
-0.7543609871174409 -0.2824618715655411 1
0.2252343961139002 -0.09281442279975519 1
0.2600349593028794 -0.1485403700699118 1
0.2236174889640354 -0.2119291728975353 1
0.3071935667860846 -0.2157828653817966 1
0.3453112741782188 -0.1376613593670661 1
0.2386186260376877 -0.3077956154895785 1
0.3709397403998144 -0.3057620324668415 1
0.3110830609421352 -0.4083557170607303 1
0.1920313316442617 -0.4113016626864489 1
0.464923478095153 -0.4277762725439424 1
0.03188529539292403 -0.2420424656668559 1
0.003217021270308499 -0.3032273216445536 1
-0.07630971763979066 -0.3029564988208005 1
-0.03189026904674147 -0.3834670193453319 1
-0.1365676232663204 -0.3832211259317291 1
-0.07921638619444769 -0.4840904195554779 1
-0.2037918469436915 -0.485487284467206 1
-0.2514146300525925 -0.3778243437963441 1
-0.3389608029727335 -0.4775260222096482 1
-0.382391570161881 -0.341407523966023 1
-0.4946342766552246 -0.4741454777935453 1
-0.3234544370977844 -0.2182763203030716 1
-0.4528966007256821 -0.2141651377008907 1
-0.3792606586142684 -0.1207368698664658 1
-0.4983924913969701 -0.09420845057638692 1
-0.4094591718320466 -0.001908874230149394 1
-0.5503355260312034 0.03001846716547928 1
-0.4389597104966968 0.1379097023567228 1
-0.2483850475127777 -0.0298133059963565 1
-0.1485717011036493 0.19336510895224 1
-0.2111220254953488 0.2111220254953489 1
-0.2730297005245716 0.1501617595751518 1
-0.2896265340012081 0.2427243437918751 1
-0.2189986090483256 0.3113061054558522 1
-0.3240267054303503 0.3489822496507723 1
-0.2287681792071184 0.4292639950285766 1
-0.1228412710642943 0.3740672009929715 1
-0.126870020855129 0.5043846346470251 1
-0.002892875521373251 0.4477130169731237 1
0.005829306085984001 0.6040591089495975 1
-0.360199818292312 0.4801914107067852 1
0.121764131858964 0.5295178020205362 1
0.1246015199762276 0.3905565558910553 1
0.2381014506278668 0.461714053207204 1
0.2488117482703077 0.3246555258797834 1
0.3635551203073492 0.400864053778985 1
0.3667254611554108 0.2585052403409245 1
-0.468300837046321 0.3826949304546625 1
-0.5362069621488798 0.5566581701649258 1
0.4903152314552125 0.335313985586034 1
0.4984036317621438 0.1844633131333791 1
0.4806579929876532 0.4916346934013497 1
0.3810873052823065 0.1259374112667894 1
0.4726714047919405 0.0375033240203918 1
0.7671532447039003 -0.02896930877945414 1
0.2438907117617145 0.03557422471238163 1
0.3041660738494067 -0.001755558969058794 1
-0.03457448572282118 0.2433586723862896 1
0.001765634729745453 0.3042562393058562 1
0.03942510883106752 -0.7868050262664471 1
0.7849042637622077 0.5425883554224584 1
-0.7981108634009082 -0.5439933100384858 1
0.5366462952964565 0.8020036876395702 1
-0.5435092974928999 -0.7827777306400345 1
0.0736894219596482 -0.4649645860541275 1
0.0756448878578575 -0.2928719803028222 1
0.09446746253803623 0.2341657810515591 1
0.23129947001788 -0.5386790089471091 1
-0.1980261149059502 -0.1479257996083368 1
0.1985692382453582 0.1553692209431297 1
-0.1681039476365163 -0.2843109521198453 1
0.5225143998440486 -0.272260608907522 1
0.1512557985319015 -0.2631119106203323 1
-0.6545598934599215 -0.09009460562007288 1
0.5333692148305229 -0.7883309481441666 1
0.7899468382852396 -0.5351722434691162 1
-0.7699868819872357 0.5412515496649681 1
-0.1436096791027921 -0.6057497518722267 1
0.2179081268671093 0.2284001264040896 1
-0.2277219038849732 -0.212622129606859 1
0.07479953490695881 0.3070077673136162 1
-0.3098338191587171 0.01730909820314353 1
-0.35169761325167 0.09516829768342831 1
0.2782073899974583 0.1738176852102117 1
0.1482361909794958 -0.1931851652578136 1
-0.2268462569806168 0.09326859864425219 1
-0.2796674802698959 -0.1431460724708556 1
-0.7295164763584081 0.09627116367530536 1
-0.09691224649682829 -0.2326361613050328 1
-0.5235205559676608 0.7802238759686636 1
0.6318486384715123 0.1134564310690749 1
-0.5679783707003322 -0.3279843329293111 1
0.06875833054783664 0.7922618109972092 1
0.6247717753168669 -0.4224905651287323 1
0.1168980403310859 -0.6251408313859186 1
0.4010925819454585 -0.5850251884280964 1
0.2898157536538895 -0.07745828422193429 1
0.153318462649767 0.2875211523186944 1
-0.1485167005210474 0.2677070151118895 1
-0.4246499287609008 -0.6229433206664569 1
0.3680812742323933 -0.05436788876412248 1
0.4610562940342025 -0.1155026837457565 1
0.6212006560958271 -0.1435515386896236 1
0.7765291872517455 0.7768240852064557 1
0.3037198997467828 0.07730461626479565 1
0.7731465220153598 -0.7731469805864541 1
-0.7573333523981161 0.7654032183475109 1
-0.7771317983415049 -0.7762162614651823 1
-0.2494172084925803 0.5639442998481083 1
0.6263641424383832 0.4233164224441633 1
-0.07306341229110247 0.2981370182518275 1
-0.6387733334910604 0.4185634842397318 1
-0.4066444467436908 0.2603689930992551 1
-0.5670240499051153 0.2453797171164082 1
0.04867670836791185 -0.3633311918397618 1
0.252792275038027 0.6014283738793521 1
0.03225470653154593 0.3645197721284094 1
-0.2815585266576917 -0.5916034000152424 1
-0.283168879770089 0.07729314673099941 1
0.4099098129935866 0.6396609927724286 1
-0.3902535664131729 0.627879530699752 1
-0.1262452238445204 0.706682678048824 1
-0.3519916010035675 0.1772666193012866 1
0.3659451915805659 0.03692438076375913 1
0.4014030550484737 -0.2093939099737965 1
-0.02041111517170324 -0.6210291988416136 1
-0.8285988495856254 -0.06020314729662948 1
0.5939099900119025 -0.5915294150068104 1
-0.5856376686800694 -0.2017828796784406 1
-0.3115516029175081 -0.06341794041395019 1
0.6046211627579009 0.2696456156133612 1
0.2779131815725715 0.2463446444587523 1
-0.1296531968547813 -0.7594245779154839 1
-0.03295544352309572 0.3577386495304376 1
-0.2612172324165034 -0.2866874476208225 1
0.783332572283051 0.1312448927608905 1
0.1295093122481243 -0.3491818956433667 1
-0.6144216212440115 -0.609074835224783 1
0.602501949121672 0.6126713728144042 1
0.599609922712697 -0.01846104289999944 1
0.3490033303908965 0.5190604334078639 1
-0.6459012238235834 -0.4475319655103333 1
0.1340022648400788 0.664444935986974 1
3 1 0 699
1527
1528
1529
1530
1531
1532
1533
1534
1535
1536
1537
1538
1539
1540
1541
1542
1543
1544
1545
1546
1547
1548
1549
1550
1551
1552
1553
1554
1555
1556
1557
1558
1559
1560
1561
1562
1563
1564
1565
1566
1567
1568
1569
1570
1571
1572
1573
1574
1575
1576
1577
1578
1579
1580
1581
1582
1583
1584
1585
1586
1587
1588
1589
1590
1591
1592
1593
1594
1595
1596
1597
1598
1599
1600
1601
1602
1603
1604
1605
1606
1607
1608
1609
1610
1611
1612
1613
1614
1615
1616
1617
1618
1619
1620
1621
1622
1623
1624
1625
1626
1627
1628
1629
1630
1631
1632
1633
1634
1635
1636
1637
1638
1639
1640
1641
1642
1643
1644
1645
1646
1647
1648
1649
1650
1651
1652
1653
1654
1655
1656
1657
1658
1659
1660
1661
1662
1663
1664
1665
1666
1667
1668
1669
1670
1671
1672
1673
1674
1675
1676
1677
1678
1679
1680
1681
1682
1683
1684
1685
1686
1687
1688
1689
1690
1691
1692
1693
1694
1695
1696
1697
1698
1699
1700
1701
1702
1703
1704
1705
1706
1707
1708
1709
1710
1711
1712
1713
1714
1715
1716
1717
1718
1719
1720
1721
1722
1723
1724
1725
1726
1727
1728
1729
1730
1731
1732
1733
1734
1735
1736
1737
1738
1739
1740
1741
1742
1743
1744
1745
1746
1747
1748
1749
1750
1751
1752
1753
1754
1755
1756
1757
1758
1759
1760
1761
1762
1763
1764
1765
1766
1767
1768
1769
1770
1771
1772
1773
1774
1775
1776
1777
1778
1779
1780
1781
1782
1783
1784
1785
1786
1787
1788
1789
1790
1791
1792
1793
1794
1795
1796
1797
1798
1799
1800
1801
1802
1803
1804
1805
1806
1807
1808
1809
1810
1811
1812
1813
1814
1815
1816
1817
1818
1819
1820
1821
1822
1823
1824
1825
1826
1827
1828
1829
1830
1831
1832
1833
1834
1835
1836
1837
1838
1839
1840
1841
1842
1843
1844
1845
1846
1847
1848
1849
1850
1851
1852
1853
1854
1855
1856
1857
1858
1859
1860
1861
1862
1863
1864
1865
1866
1867
1868
1869
1870
1871
1872
1873
1874
1875
1876
1877
1878
1879
1880
1881
1882
1883
1884
1885
1886
1887
1888
1889
1890
1891
1892
1893
1894
1895
1896
1897
1898
1899
1900
1901
1902
1903
1904
1905
1906
1907
1908
1909
1910
1911
1912
1913
1914
1915
1916
1917
1918
1919
1920
1921
1922
1923
1924
1925
1926
1927
1928
1929
1930
1931
1932
1933
1934
1935
1936
1937
1938
1939
1940
1941
1942
1943
1944
1945
1946
1947
1948
1949
1950
1951
1952
1953
1954
1955
1956
1957
1958
1959
1960
1961
1962
1963
1964
1965
1966
1967
1968
1969
1970
1971
1972
1973
1974
1975
1976
1977
1978
1979
1980
1981
1982
1983
1984
1985
1986
1987
1988
1989
1990
1991
1992
1993
1994
1995
1996
1997
1998
1999
2000
2001
2002
2003
2004
2005
2006
2007
2008
2009
2010
2011
2012
2013
2014
2015
2016
2017
2018
2019
2020
2021
2022
2023
2024
2025
2026
2027
2028
2029
2030
2031
2032
2033
2034
2035
2036
2037
2038
2039
2040
2041
2042
2043
2044
2045
2046
2047
2048
2049
2050
2051
2052
2053
2054
2055
2056
2057
2058
2059
2060
2061
2062
2063
2064
2065
2066
2067
2068
2069
2070
2071
2072
2073
2074
2075
2076
2077
2078
2079
2080
2081
2082
2083
2084
2085
2086
2087
2088
2089
2090
2091
2092
2093
2094
2095
2096
2097
2098
2099
2100
2101
2102
2103
2104
2105
2106
2107
2108
2109
2110
2111
2112
2113
2114
2115
2116
2117
2118
2119
2120
2121
2122
2123
2124
2125
2126
2127
2128
2129
2130
2131
2132
2133
2134
2135
2136
2137
2138
2139
2140
2141
2142
2143
2144
2145
2146
2147
2148
2149
2150
2151
2152
2153
2154
2155
2156
2157
2158
2159
2160
2161
2162
2163
2164
2165
2166
2167
2168
2169
2170
2171
2172
2173
2174
2175
2176
2177
2178
2179
2180
2181
2182
2183
2184
2185
2186
2187
2188
2189
2190
2191
2192
2193
2194
2195
2196
2197
2198
2199
2200
2201
2202
2203
2204
2205
2206
2207
2208
2209
2210
2211
2212
2213
2214
2215
2216
2217
2218
2219
2220
2221
2222
2223
2224
2225
1.387778780781446e-16 -6.106226635438361e-16 0.2629481860096034
-6.938893903907228e-16 -1.214306433183765e-16 0.4734745017984632
-3.885780586188048e-16 -4.163336342344337e-17 0.6844202350417137
0.04088253225430885 -0.01095444150208135 0.8364152720137241
-0.04257792677383512 0.0425779269159236 0.137724688218213
0.04937601258011741 -0.04937601248405468 0.1486435395169328
-0.07364608642502866 0.01973340938329915 0.7995556129353599
0.05487006415895472 0.05487006415895469 0.5892046090898269
3.122502256758253e-17 -0.07759798890187578 0.5892046090898269
-0.07495390154841443 0.02008383738945955 0.5892046090898269
-1.040834085586084e-17 0.07759798890219741 0.3581638119608089
0.07495390154872535 -0.02008383738954283 0.3581638119608089
-0.07495390153112835 -0.02008383731950667 0.3581638120274118
0.02147411320911978 0.08014248154392095 0.766310647361078
1.734723475976807e-16 0.08653931542106252 0.877494578062316
-0.0214741132091198 -0.08014248154392102 0.7663106473610782
-0.0432696576057926 -0.07494524565538352 0.8774945780428068
-0.06002817811733492 -0.06002817811733483 0.1858592831059814
0.06002817815591449 0.06002817815591445 0.1858592832422072
-6.938893903907228e-18 -0.0883842918794171 0.4051035138054653
1.734723475976807e-17 -0.09659533598440438 0.3014444552026239
0.09394331150800204 0.02517203445287457 0.7181274611586838
0.08352406634341573 -0.04822264228457479 0.6448118652742869
-0.09421605997569672 0.02524511718453018 0.2313673551371817
0.08580343040811192 0.04953863355387671 0.2830497289582222
-0.08370570166890086 -0.04832750940906592 0.5115284346012138
-0.0867973608811098 0.0501124797825496 0.494635128063623
1.387778780781446e-17 0.09933975159509258 0.5132433849271925
0.06921833381823053 0.0692183338182305 0.444528329801064
0.09885359904704649 -1.734723475976807e-17 0.5133063328634065
0.0495803997574556 -0.08587577152991653 0.4931134095158717
-0.02593990644728965 0.09680904880486844 0.2499709828198831
-5.898059818321144e-17 0.09980619302789169 0.6697210939502414
-0.08749644829276212 -0.05051609797496229 0.6975020717034188
-0.08626178001942589 0.04980326174484472 0.704423824082125
0.07249578667953381 -0.07249578653849072 0.2406439675616936
0.07372765658426161 -0.07372765658426171 0.7505524540190244
-0.08929577167833315 0.04045034573124963 0.8989815299098824
0.01521643231594742 -0.1044239191004766 0.6813275482084865
-0.03188225979153575 -0.09618344594383045 0.09775983166556085
-0.09546423844339656 0.05511630357497904 0.4045062903461499
-0.08610465257513626 0.06695618848983767 0.3133802980202692
0.03146906542806388 0.09597620973007755 0.09745981541415154
0.05358048994317566 -0.09280413087601355 0.8806517303722762
0.09280413087601358 0.05358048994317563 0.8806517303722763
0.1074967249439738 6.938893903907228e-17 0.0911345732673059
-0.09028360918772564 -0.05762170978898899 0.2741093148506634
-0.1092244988016537 -1.040834085586084e-17 0.09091085789437836
-0.03011844166643501 -0.112403554543935 0.5001950872880548
-0.05877343635474078 0.1017985780929829 0.7632369306454069
-0.04182209109543247 0.1023977066154536 0.5914738192418452
0.1078959918007802 -0.02891064386957413 0.9112938671453495
-0.1001492911522367 -0.05782122033579003 0.6133870499836699
-0.07799298349409342 -0.08571400232798961 0.4364242458185014
0.1174415304445736 2.775557561562891e-17 0.1743945099897499
-0.1125935161309762 -0.03016934172027567 0.8584349951335407
0.009590654459411936 -0.1116546034398401 0.1948012038312808
-0.03044739146018358 0.1136312122569206 0.4364945457535298
-0.058877189348655 0.1019782837511369 0.08203960161514899
0.1135070493608485 -0.03041412221147894 0.4364779018785808
0.09265778616377277 -0.06764088953403512 0.5632681859638917
1.410592173325125e-17 0.1178700990273403 0.1733664852408547
0.1150375369488549 -0.03082421512471115 0.8071484571623377
0.05844950846413334 -0.1012375181090987 0.08331319595894354
0.08368052125275809 0.08368052125275807 0.6609125511047176
-0.1171326657594669 -0.009454109565147587 0.4486251200284638
0.08963640447391726 0.07527951923383336 0.3630965249032994
0.0608587802406433 -0.1054104992266573 0.3524511276759521
-0.06085877995780772 -0.1054104993337003 0.3524511279758033
-0.08694811945680883 0.08694811945680887 0.1841330446738095
0.1173275047623894 -0.03143781015104097 0.2918681181068068
-0.08659336961873092 -0.08659337004340316 0.8100799804450629
0.10642035293895 0.05104764682783131 0.7960684644816589
0.1222249558406805 -1.734723475976807e-17 0.5949829917797381
0.03174030273708563 -0.1184564226550662 0.8096423384119399
0.06302781943642889 0.109167385401137 0.2429463745824214
-0.1253538440582455 6.245004513516506e-17 0.6554831720233065
-0.06267692206131237 -0.1085596134722276 0.6554831722006358
-0.007725767866696516 0.002906223322276351 0.9117184683630349
-0.1206205619903719 -0.01303405963089418 0.1677701138889259
-0.1202507802363776 -0.03222109945354983 0.7676610091480793
0.06225495659832559 0.1078287477001366 0.8257737793602629
-0.0621904991812391 0.1077171049002499 0.9241729921904793
-0.07255407877119635 0.09758597179890835 0.8453897493733734
-0.04764750347245024 -0.1131404111331745 0.2446796193763428
0.06447171076710204 -0.1116682788043563 0.6141908748828181
-0.1093462151063649 -0.06313106686835103 0.9258296912861688
0.0789582949591769 0.09262548345372484 0.5199011212833859
-0.1001885584263304 -0.0705818511353808 0.121395378464241
-0.07143468665587302 -0.1022949438930278 0.5611784141039332
-0.124919840651145 0.004955773002155637 0.296737607284663
0.1097162822368482 0.0633447249693071 0.1303809179418309
-0.09963607166193311 0.07663440838580494 0.6341930817574135
-0.1286197312389733 3.122502256758253e-17 0.5434825807639525
-0.001472672779767885 -0.01501526619964051 0.08638472732137216
0.03296465002124147 0.1230257483026442 0.6077329625567665
0.1316755917925188 3.469446951953614e-18 0.6645460107244734
-0.1150811174154472 0.06644211389145947 0.5552042471988232
0.03336442068686518 0.1245177127329084 0.4029196933817824
0.07993215251871519 -0.09786141137228346 0.4250718027631225
1.040834085586084e-17 -0.1242141089184641 0.9262360307573659
0.1152160615424739 -0.06652002432453308 0.4984526021941485
0.04832003430694799 0.117814554697659 0.3164429028031019
-0.0664750852413301 0.1151382256850174 0.504669744693737
-0.0114990203382308 0.1245499848819355 0.8146737954847697
0.1156961566257726 -0.06679720717209496 0.1881517787275742
0.1289608008626289 0.03455494244641227 0.2322209481199152
0.06530839291259288 -0.001121674304186152 0.2258348630326275
0.03344394399490731 0.1248144977578694 0.9294148843784056
0.09485626742206421 -0.09485626747599593 0.8150526824045035
-0.1291032655505856 0.03459311574450025 0.7556176429816704
-0.1139791181379781 0.06580587453895785 0.1225142007030352
0.03376563196815456 -0.1260150542597626 0.5496044300540678
0.03119125431575967 -0.0268388654774897 0.5397325832048721
-0.03481307461664775 -0.1299241629215526 0.8099298565117683
0.05186432603671058 0.1169673320303975 0.7143675550088826
0.03188858526345002 -0.006134790517217261 0.7572913441868691
0.09638147256445553 -0.096381472376942 0.2974523779419077
2.956646833207728e-11 -0.006748400502005874 0.3908848670549644
0.09464273822254819 0.09464273807515892 0.07160839178086274
0.1271006798871651 0.02400905744575374 0.33353581999443
0.1292679703043973 0.03463724825027358 0.4008318283325529
-0.03910477722464736 -0.125558911909539 0.7177944336079073
0.03522450031962593 -0.1314596250778625 0.1372478401936721
-0.09851146447857212 0.09002990343942191 0.2508577487336442
-0.1320868708471676 -0.03539257025914101 0.2285110901123666
-0.01204482058493646 0.1330219225974569 0.726691712347077
6.938893903907228e-18 -0.1370172105645812 0.4481683136542849
0.118729180347876 -0.05493875338975806 0.7028535599425982
-0.06714015804853923 -0.1162901654163868 0.9253708258234511
-0.06967134141533492 0.1206743033894385 0.7039436024726178
-0.09787330959895499 0.09787330988853053 0.4518423084884371
0.08239378649155692 -0.1061905569317013 0.6788760831997164
3.469446951953614e-17 -0.1379341873000152 0.8634061923310863
0.09735619977145014 -0.09735619958204021 0.1344992141501611
0.1163386644832261 -0.06716815925655223 0.07725475055095414
-0.003968936284850094 -0.005772477497399918 0.1852460512499257
-0.04935141718291053 -0.1236687488207396 0.1598218112455541
0.1338191380977672 0.003534897350175784 0.8624556942414081
-0.1188309209120416 0.06860706417661827 0.810077123393846
-0.03583712020123609 -0.133745953387966 0.6035504084097715
-0.02088823943179311 0.1300122508387337 0.3118701511336787
-0.1168177680781901 -0.06744476987094275 0.335142608709258
-0.1318957054875771 -0.03534134777052948 0.3902541971238245
-0.01337579676857788 0.04217809831569358 0.6246184391232866
-0.02639885290920905 0.03320169294936194 0.5344952555913047
0.07342306529724618 -0.1147569293594437 0.1912548102145141
-0.1328088351576117 0.02350572791808599 0.3598431357082046
0.1336262503646634 -0.0002376266867779012 0.758166416292801
0.02370088731375949 -0.1315197500662268 0.7433325079965325
0.1174997979433863 0.06783853997234077 0.6062604316892134
0.07003709204455445 0.1213078018355462 0.1823566085150756
0.04366377727963781 -0.1290175058063062 0.2456827393729889
0.04605461920219564 0.02832572864560955 0.1213595384613012
-0.1358919265741356 0.03641213198344906 0.6048104033845996
-0.134380053338787 -6.938893903907228e-17 0.9297589330589309
0.06557174210698268 0.01738990431979379 0.6558149258285022
-0.102824659485168 -0.09156518000996962 0.2210828134317892
0.1201606540121173 -0.06937478593989752 0.3502457912486929
0.03641045885636152 0.1358856820488993 0.5473434697719962
-0.03664822963486399 -0.1367730550047639 0.3994511503839043
1.387778780781446e-17 -0.1392618008878728 0.3480441882491402
0.03664822957852151 -0.1367730550169245 0.3994511503701712
0.1359072706793981 0.03641624342406273 0.5468857412428647
0.1216731285465195 0.055615907353198 0.4847911563705536
-0.0319005956430969 0.03935549760128922 0.7470671694479728
0.134617080544071 -0.02734588228493386 0.2323027004441553
0.02264447177054693 0.1351393116993722 0.4651817590352251
-0.08072822861091894 0.108608609522508 0.3661571891174855
0.04810980778319181 -0.04677847617408017 0.3001576054069927
0.1210469556224452 -0.0698864924590854 0.8659918508643911
-0.07097090140016635 0.1229252075577292 0.1378103820458555
-0.00739013829015079 0.04134837477091693 0.8208175077301857
-0.0008868315185114619 -0.06432074778312628 0.2419910017959001
-0.09936873191645158 -0.09936873240377683 0.8691318870881807
-0.04024837630145146 -0.04285878099010965 0.6464034921394362
0.01779253050134595 0.06119744651113224 0.2904033136162912
0.03696766238913763 0.1379651942733147 0.7684534782341428
-0.02707423488379908 -0.03211367381367602 0.8208175077335126
-0.1226498769647849 -0.07081193964077281 0.5523854237486391
-0.1365948133297215 0.008689935872496238 0.81202981477152
-0.07225988205987691 -0.1251577870766415 0.7656288914335876
0.09696210748644807 -0.09696210729780474 0.9294034959061858
0.1244525074310027 0.07185268866661336 0.1868091050216061
0.08912833977904672 0.1024563141431728 0.7634351057519974
0.1324527020390321 0.0354905945466788 0.9294034957566411
0.0969621076490562 0.09696210749710985 0.9294034956361873
-0.1441267047008706 4.85722573273506e-17 0.7108930586088801
-0.04066237802712121 0.04654848818643345 0.4443808459476087
-0.0148674192201173 0.1372536860438199 0.1114642578534101
-0.05060120229852148 0.03284898437022335 0.06778535556653735
-0.02384649854126803 0.1353884286366968 0.3769025606757732
0.04558216354183706 -0.0404938349559624 0.441489740621782
-0.1308111095011884 0.04437428096134279 0.1862470696240311
-0.03717162995331068 0.04825661069097664 0.2057269256582678
-0.0375650285713765 0.1401945956721256 0.5479745189649736
0.1303966928527238 -0.04376200265770541 0.1327089008769202
-0.1391322051722069 -0.03728036189914214 0.4954643345407881
-0.05541133228688752 -0.02387311361194137 0.7506443823489674
-0.03755391810717945 -0.1401531300589748 0.2948714083949555
0.03182550225950239 0.05416934862798466 0.7060382333729406
0.03908386985351583 0.05405472270361221 0.9271059484119804
-0.1308394893910638 0.04826948534054321 0.4544948878437535
-0.04901494886423162 0.1289748724036864 0.6465417443285719
0.05728893249135605 -0.03204917700100313 0.7026824348258167
-0.1041981145107829 -0.09072632934467703 0.06131915292111789
0.125194332199048 -0.07228098144358971 0.6116130065612009
1.283695372222837e-16 0.1442371414579764 0.8684432486264388
-0.03210600398292957 0.02235720064740908 0.3216179654392067
-0.06424478609219558 -0.01857919748965853 0.1360947829935965
-0.05454349521646118 -0.03932854727627311 0.5697740206925719
-0.1121769213575824 -0.08633790368311368 0.7404314895729165
0.1379960796432678 -0.03399708326122952 0.5432863844226203
0.08520841228727967 0.1137597193107528 0.5770784631958896
-0.1122038721580413 0.089480733884618 0.7402851190064671
-0.1380262472735917 0.03698402149125736 0.8646145804790786
-0.05049421968395794 0.1314991798944853 0.2056044779971167
-0.006739365907219928 0.1514111977417782 0.2230675809494682
-0.01733545103460201 -0.05586068512093813 0.3503725169791803
0.1035568464823581 0.1035568463200771 0.2824362126792608
0.006897579975127594 -0.1360704216872155 0.06367608374059942
-0.08765117117879037 -0.1100439905944828 0.3004152920370191
0.02460822192018965 -0.0147212192295915 0.6086236414101421
-0.08990593356322958 -0.1055931853849684 0.4924886247257244
0.04145474479431475 -0.04463532676771663 0.9317803142012581
0.08769702822624251 -0.1148541488476439 0.5279133915144045
0.0375552776529281 0.1401582039527718 0.1355544159174215
0.03787552669890582 -0.1413533902202678 0.4951369254227823
-0.05134145223906249 -0.02245571148224074 0.4337388350253794
0.03784202109777551 0.1412283453979916 0.6612530337591036
0.01451446626440187 0.139734369123568 0.0568776372933677
-0.01080678105793641 -0.06296804802829659 0.4634496138466438
-0.02716067691115341 -0.06525373904537118 0.7057207302108588
-0.1137512366879924 0.07824532269063661 0.06003284205920866
-0.1401056603042904 -0.02026819980066556 0.5960589696301636
0.1203507637945092 0.08672240428686465 0.7087278696574187
0.07344328332920366 0.1272074980225326 0.4423212737526596
-0.06342078211689761 0.01620688812348264 0.6549442289133667
-0.0625676021700052 -0.04330600803980674 0.07618921503934838
-0.08593536892379056 0.1139422146942995 0.5569047210945863
0.1300798473057767 -0.05616582862861298 0.7585396530187881
0.04079986575257449 0.03610827868594725 0.5148005164701965
0.07067588320374042 0.01228356624693981 0.4147958373294515
0.0443304550725829 -0.1355316395365355 0.3043943073238464
-0.02127022586181784 -0.1400867161333865 0.5490076381032533
-0.1262578344235782 -0.07289499469175199 0.6619498517272775
0.03063332918093421 -0.05760559430571961 0.7935261477784787
0.1441309403506104 0.03861976907128434 0.2841459507693935
-0.103667621343306 -0.1036676218909484 0.3893520412739334
0.01629635891671091 -0.1419835907514094 0.6341452849253985
-0.07269530988187875 0.1259119708539777 0.2874839207518406
-0.06846267649041307 -0.01095848420339939 0.9369241696695881
-0.05301809204047569 -0.02265689623192289 0.236587712686662
0.1405568464909723 -0.01814472614028602 0.3742820583636038
-0.1334991121822525 0.05325161089283337 0.6732226642154976
-0.0551892487727202 -0.1321324369289656 0.8615336822810113
0.01162003460459818 0.07090342957049778 0.4234006885095842
-0.1399194171884884 0.04214589683811309 0.5090126827811601
-0.1150957637497441 0.07927915296056644 0.9400465942685969
-0.1439907387530316 -0.03858220216643561 0.1257822530782866
0.05805694128697649 -0.03690374098516 0.06594817650255362
-0.009337957747771693 -0.07128831327734861 0.1507101570726775
0.1317951883504269 0.05586039538291485 0.6670526373884086
-0.1295077028026411 0.0747713072502508 0.3440817325083427
-0.1451653578527465 0.0388969404056184 0.2370224319560733
-0.03237815465177142 -0.04495165072261884 0.2914688921228711
0.08616434464210251 0.113744715374413 0.1296489234966109
-0.1300657139728766 -0.06447051531871653 0.1826213592841275
0.1428523825350306 -0.01946886502390984 0.4835736848756028
-0.1459067963072994 0.01821656209341635 0.4120852972699516
-0.1284537150027915 -0.06425138067432713 0.4476053649388865
0.1452732077105908 0.03892583868793156 0.7156492493343315
0.07334665709750852 -0.1270401366582172 0.7702698522968336
0.02230764686726772 0.06730488016075888 0.2313489797922674
-0.0512292121681413 0.04522861711287761 0.2689668908399966
-0.05169330281615338 0.074889470922728 0.6659106788931639
-0.0548039750053937 -0.1325189584500975 0.4548675591399467
-0.02550249746070034 -0.05674065675291474 0.5208056644343599
0.1136682890953758 0.08844595924653302 0.4136035248520234
-0.08905191023595221 -0.1150657092190291 0.7016188729069653
0.0531577253702651 0.03345946622505822 0.3340375207123816
-0.02763826417514731 -0.06860455628028442 0.9385050739389179
0.1120287348741003 0.09539658786760066 0.2316407501784686
0.05458897338684107 0.1175998405733686 0.875937119885568
-0.01857597082556112 0.1416817729946521 0.9205701122050676
-0.05241650162677682 0.135526716683957 0.8787729992883277
-0.1321714507151928 0.05769783804632325 0.2862385485548187
0.1321125091998879 0.04709380106472894 0.05983316446527325
-0.136534709525735 -0.04501651048396184 0.06998644519430655
0.01400395368491943 0.04384144359548561 0.06119681434093457
-0.02301100399228359 0.1440415067060222 0.4974811125804631
0.08737663917139765 -0.02089126423270846 0.7601725438505202
-0.006233002404419413 -0.1462136096406675 0.2334165109464655
-0.023822930474804 0.05850311579365333 0.9397833357628405
0.007994167879239657 0.09247265533455222 0.568139561193707
0.1249518170881873 -0.07893167198598638 0.238783818155444
-0.07913582448690981 0.0239049703218182 0.1771128399844058
-0.0244788928244031 -0.1439543647665388 0.6693099234393591
-0.01258857726630441 0.1464963124392341 0.5942734216062947
-0.09244070626040624 -0.1113640502738403 0.6102938232947948
-0.03973651446741536 0.1482986913904198 0.7658214326008936
0.1319352070980485 -0.0761728273336474 0.45083951889437
0.104535448388316 0.104535448388316 0.8617366317340024
-0.1138159118396108 0.0927061161869297 0.5096245882243433
0.02486445809549572 -0.05103628175131097 0.6561474483710539
-0.0460393448323373 0.01233620526898509 0.8619852367934254
0.1333953750762988 -0.07701585586449551 0.6605915464294263
-0.00745032220294406 -0.08918908890318213 0.8368879856748341
0.1325843304028469 0.07654759884840988 0.7593088742819067
-0.0603386629585043 -0.1300300753532978 0.05877869983108723
-0.1415219948755833 -0.04338025029048675 0.2806465061883501
-0.07098037205289541 0.1316900551602908 0.805062281897547
0.01177826648091572 -0.04677395466514866 0.877571142007027
-0.1473921516137284 0.02132931037023247 0.1384480646413153
0.1437435995962445 0.0218616913856569 0.4502775721823535
-0.02594625621437699 -0.1457961486733672 0.7624937678451837
-0.01125029685725475 0.150009301320379 0.6749201801108642
0.02356834265549457 0.1450192659108296 0.3548449384247244
0.1439123147886951 0.01504504870908075 0.1299992208398746
0.1443629086171182 0.0145220408309868 0.8080391026085373
0.1368865640441572 0.05394412393632769 0.8466411382500679
0.04010694198371239 -0.149681145219432 0.1825249192646662
-0.1473208301360764 -0.02454838019579507 0.343015748925263
-0.07490387169647314 0.005301343733986684 0.5268791681721595
-0.01592030568718057 -0.1435279566669827 0.1208611733119998
0.01061260220864772 0.06316737800599509 0.1534673686089019
-0.008610703290619817 -0.1514992454760837 0.1700161523714405
-0.1152379079357964 0.08573749981319559 0.8792914419705398
-0.1098273110500524 0.1098273107251089 0.5995460931598737
-0.1444996564391359 0.03871856640644458 0.07928741818938365
0.08316291949985696 0.1215975254215895 0.3867892531919533
0.06187669001523336 0.006190032050205289 0.170366345247075
0.132173318950181 -0.0763103014296916 0.3995866814629204
0.04802766123648096 0.03584391491860416 0.797545022896381
-0.04018694879915825 0.03893600924068118 0.3835753408105982
0.05492710411912771 -0.1365721250845445 0.4471867030367144
0.04854897246526013 -0.1405521249751748 0.6984819878311473
0.06365130503061889 -0.1339178961177042 0.9395890310014693
-0.1320650504908799 -0.05679458824422996 0.8149461840155894
0.02189831311675964 -0.07726729210262837 0.729783862080388
0.04947490562662787 -0.06486840137568314 0.3904340487999305
0.0939028653920302 -0.1095342475218221 0.4752060448784818
0.01957287707090095 0.1444678027759923 0.2803398810477096
0.05698093839252491 0.0034821353001659 0.8950492873114024
-0.02674269186980584 0.08217657764906638 0.713787255755986
-0.09665358517227883 0.002397350045139336 0.4013967151401572
0.00938432500038075 -0.07399086661943301 0.05750700204032586
-0.04501580280631913 0.08290970942029244 0.5416827026540912
0.09408276166506203 -0.116902085168634 0.2513436003790948
0.1221927146059748 0.08418821325902046 0.5582073918373597
-0.1374399613177161 -0.05144493423097236 0.7115187792840285
0.1478346979185693 -0.01481890377955591 0.7094912664660268
-0.08155426543301789 -0.122128561001701 0.1150414992745163
0.03762390459791155 -0.04597067513509354 0.2042628464501115
0.05136001762599828 -0.1397022468401579 0.850605480858434
0.006580568058631928 -0.1532190511670584 0.2796456319835524
0.07269025809078555 0.005113817171476402 0.5649749649726161
0.03416452769839082 0.06255131495994898 0.645839362432976
0.1101970046436749 -0.1022816125333138 0.7226831309907034
0.09652597386344496 0.114153640654403 0.331425759166356
0.1267134661595244 0.07380410607756951 0.3183407164168064
-0.09485609018709626 0.004100050048883197 0.729435217038131
-0.1000442177536845 -0.1096644079521428 0.1706144987394246
-0.06766576660054838 0.13612500278046 0.4599527994513979
0.1456114456069068 -0.02057526995994346 0.05422327939493717
-0.1210936357309173 -0.0956688056820206 0.266890605078386
-0.06820776307412826 0.1344264696069185 0.4086830136631874
0.04034986969222965 0.050620100305012 0.8540365769372107
-0.0706241083755382 -0.004316037213586262 0.2865100271610945
-0.1354248469906585 0.07818757159790163 0.3915258312430236
0.08966885080145814 -0.0265338579935128 0.85528133667606
0.05383695858112102 -0.05998722385123367 0.6006927060568985
0.08150797093087092 0.05412750576353913 0.2321050431015862
-1.387778780781446e-17 -0.1559088481736021 0.7091205931038587
0.03128202692190844 0.1478626494459346 0.8287074631691315
0.01494349001015722 -0.01071929954438 0.3320300424669458
0.1015364307876649 -0.1123615114686529 0.3816974295185783
0.004022835193840208 0.05625069337449917 0.4772288821729092
0.07275179577633747 -0.003026723315828081 0.2795618903960309
0.08366447862320939 0.02194976132490095 0.4663369454038663
0.06584188267249745 0.1336683293941056 0.4924352197746302
-0.04981560511695447 -0.06950434890033502 0.3923269766951087
-0.006831300937272463 -0.1534459256432968 0.505755634636321
0.0271206265940318 -0.09379545231139154 0.4479855976449509
-0.04781960494848977 -0.08269568354806603 0.6116087577573667
-0.1292969851639194 -0.08263654730833926 0.5066210139077997
-0.1138580003229625 0.1015798206251464 0.6876290709827009
0.09648874414271606 0.1219700749800758 0.6921662047452344
0.1485811856838319 -0.01937750351703373 0.9469781584629486
-0.06202102505858485 -0.08511448964498829 0.7369807021860827
0.06180203699028927 0.1360923636085415 0.09124161157470867
0.0717557824525573 -0.03787395368522241 0.4876798245654827
0.1096215171819358 0.1096215171819358 0.813236646151776
0.1494628396216066 -0.03302516899221836 0.1872595584546376
0.1368816590251134 -0.07902866284488018 0.5546872486193766
-0.08421049255477504 -0.03262065118674455 0.8079618406802564
0.149656055585064 0.03159025323511586 0.1894850137793256
0.113434537403518 0.1005637294229583 0.462832336308743
-0.1532710686296292 0.04106885906236434 0.5529223067815506
0.08148293902151187 0.1227878132868911 0.6285998618634773
-0.07898414977196677 0.1368045608650534 0.2423818288427702
0.06032014165894836 -0.1388272937008525 0.6526983719718105
0.1505474393612982 -0.01870450776469601 0.3260036162280522
0.07324644518727919 0.03982741139154337 0.06336445349980334
-0.08088109129486794 0.05184882094768647 0.7553167691088427
-0.04135293371837491 -0.1543312496790033 0.3376474899568682
-0.07291028070625219 0.00352787480169524 0.4742254850262775
-0.07170523507757079 0.1415398117739729 0.5924269731777324
-0.08078082113447985 -0.1322914946923184 0.8215498353779079
-0.08028274597635091 0.07200606992694145 0.5893440372429956
0.03153390400674567 0.1490589540056987 0.1937395359983556
0.0955316976180996 -0.1139344441707243 0.8618917465222432
-0.03196842044154131 0.07615991410103087 0.3101736787581987
-0.02794931272443086 0.09376409484436299 0.1367595414545116
0.1361568495083676 -0.07423198361428568 0.2845241650132947
0.1496281902446415 0.02265310520394028 0.5038378516873345
-0.03986765616828728 0.08070250660909253 0.8076667298955257
0.07079701630110351 0.1373339821366314 0.2799157727811044
0.09463555538472228 -0.1160518695003115 0.05719710072563337
0.06519671608093316 0.0589096142914927 0.7463481877086259
-0.01298780896410943 0.09163523696595142 0.05242720256601743
-0.03750325876560567 0.03497019709587243 0.695585868621904
-0.09176108230975469 0.1227050151362693 0.04946822748213903
-0.1121758987811863 -0.1121758993313206 0.3449289429815173
-0.06833387089109055 -0.06715834686967379 0.3197721046066635
0.1141184581507697 -0.1001972241139551 0.7709239702541153
0.09757719706684582 -0.1183671587879061 0.5728427209761258
-0.1357555142424219 -0.06746621070208961 0.8831458048871574
-0.1404564204713601 0.05991542662270236 0.7185302522131986
-0.09590533147004171 0.1216467401021051 0.6424424521254346
-0.1139673597202824 0.1011283089090739 0.2947704985628051
0.04574976548130096 0.05118382748999343 0.3853475087575973
-0.02140239623125799 0.004293255858301551 0.5824720355838814
0.04533938192477852 -0.1489490402852192 0.3487675061378456
0.003833139020065227 -0.1551047050723202 0.8196691980406556
0.1551242295207723 -0.006472838988444207 0.2813797809531262
-0.06257530425596494 -0.1416713025387154 0.5225380758641421
-0.04152941467979077 0.07281677130604951 0.4921145387224965
-0.04048000900148829 0.1510734502843999 0.07309260596608402
0.1515805156843268 -0.0249898837695256 0.6264183059197477
0.1517037875282191 0.02464233327242774 0.6264015585540149
0.07953119861716905 -0.1377520769211297 0.8177823912399403
-0.08408464971429425 0.03959568518220078 0.3568456878465887
-0.0912189294989804 -0.1251219155929732 0.249435959987614
0.04572063713813726 -0.07618584885921877 0.5436375002269748
0.1421770721019794 0.05999579153634363 0.3618889929877009
0.1359879507623187 -0.07143301931218539 0.8207453551850983
0.04985244315650213 -0.09236071053802811 0.2802593726734031
-0.1261292977789044 -0.09284641905658032 0.7850560956498591
-0.09571028531600333 0.1257997726182261 0.895763675324028
-0.08838584077925238 0.0426585607439524 0.8455616972092449
-0.155787567292142 -0.003931714323205163 0.7561150422375081
-0.1122093157192846 -0.1122093163120501 0.4525812924811907
-0.1605453748790127 3.122502256758253e-17 0.4498943344011512
-0.1579432542882893 0.003546636136427861 0.4946384048227211
1.040834085586084e-17 0.1614228751148347 0.5551355063663359
-0.154845123003665 -0.02797382598101066 0.6763765958433265
0.04633382150664792 0.0992923970247125 0.3623265543571072
0.04397653765516489 0.1507890954622806 0.2421234192776958
-0.0152729815460406 -0.1035069701339059 0.6424380544430077
-0.02654552440559206 0.1527456266603286 0.2699933134475382
0.041255730470546 0.09062737550245359 0.4811808702713514
0.08702515679143102 0.0498246643693501 0.5458498311920043
0.07475503795439153 -0.002108046895683086 0.9484030725701147
-0.002951869103619602 -0.09656169664245576 0.5373132817482306
-0.152544337729896 -0.03671693792720564 0.5555510971563421
-0.112249197507098 -0.108666911334515 0.9136152580496454
-0.1512911358940999 -0.008387563401877181 0.8827710631713591
-0.0705760950380431 -0.1319205713962443 0.204370939794369
0.0283936320450674 0.1540469411293508 0.726678085204371
-0.1544933721887705 -0.04453281152168457 0.9332165342154021
-0.04508131951241917 -0.09412879310222562 0.2877752154233103
-0.1079528549774035 -0.113757881204951 0.6531429929863252
-0.1511429581081097 0.002874835122999416 0.2037346171227334
-0.05423940050507019 -0.07399619559286927 0.4824881932081256
-0.0501420576743172 0.07323496297090956 0.8862976369677908
0.02078417363360896 0.1518915845659961 0.5075787405404336
-0.1451183698993838 -0.0571787807751877 0.6230491173052043
0.09998426620464643 -0.1213720367869481 0.6402306300068885
-0.09020296744117856 -0.02575771290858385 0.2043964318954624
-0.006710501063545472 -0.03715129759728557 0.7430981314888475
-0.01773029926951471 -0.0001649712304631484 0.7795041485993448
0.1487036107923804 0.05664402328095594 0.1524917008398109
-0.09976746327221943 0.1183842961278784 0.7727945738221426
-0.112937534106534 0.1129375344406797 0.8155329750633413
0.1389099852487133 0.06656352120429286 0.4442876054055085
-0.09460857539232594 -0.04216439411656776 0.4206424263510432
-0.1428945899093521 0.04681513821725508 0.9136410064338933
0.1125532435046507 -0.1125532432856744 0.3371007332014692
-0.1282502111698857 -0.0877350059490096 0.5940887444337749
0.01708518792923071 -0.09106981137378159 0.1116338451775472
0.01326257418937265 -0.1527808140147826 0.5858955153414235
-0.150063060389928 -0.003121919364655435 0.2577354307640058
0.1538747164182339 -0.03073770103589286 0.8311460982479371
-0.1018372169554768 -0.03076062175947172 0.5689248227705958
0.09579268214641389 0.02300967785150706 0.8386227433497766
-0.07450220890775471 0.04144711193959731 0.9517272449403288
0.01363612762675277 -0.09317523540077702 0.3581630272216697
0.07587814111322644 -0.008903618557482569 0.6136474792943758
-0.1138748115661512 -0.1138748121677149 0.5570005469744133
0.09394282615923329 0.01761071445585253 0.1355965910561612
-0.05616985929012112 0.08611223625100067 0.4035276780552299
-0.08151737220467967 -0.1411922308403752 0.3410188204528355
0.05860939049938368 -0.06439423173405036 0.8371099811443348
0.06186469641881573 0.0718042655360865 0.1381187086388658
-0.002985020004586052 0.0908670536927349 0.6206772677010047
0.154966230103128 -0.01751080740030516 0.1010845842423015
-0.1400410732477504 -0.08085275151882935 0.1359763213920715
-0.00472452054296472 0.1189905048997132 0.7696958154167947
0.04541875190603721 0.03313516013997612 0.259117153039131
-0.03445243873275276 0.0541950371430297 0.5810556632887279
0.1349152605427266 -0.07004452275506223 0.913251940494212
-0.1122729659439675 -5.144027201253037e-05 0.5003120752564485
0.08448673783594078 -0.03025090382426766 0.1924862920192571
-0.03618181946908261 -0.09887087204401829 0.2004589099619296
-0.0622080359007517 -0.06932015913335769 0.2326200057278211
0.1227943579976034 0.1004804528335624 0.1521461067185615
0.1602927445545603 -0.02177068625381312 0.7882314642683801
-0.1225126340680406 -0.09314412097439399 0.9591811606557693
-0.04105604215514223 -0.1532232352806806 0.9154860466966436
0.1241683364525209 0.09355963188950794 0.6430171963942147
-0.1254633370444505 0.09528974857123769 0.211508593406918
-0.1553642202135578 0.02960960546532746 0.6434863669543494
-0.03913569301150047 0.09059674843158567 0.1832878952435465
-0.09432994582975564 0.1266688970453185 0.2021498538826648
0.001279484500553728 0.1610359732808924 0.7597964663810924
-0.0557654387709161 -0.01159423694515879 0.7017664059743941
0.03678588913256117 0.03017148637824175 0.4482950720303224
-0.1418363952334417 -0.08188928099910824 0.2331217325806563
0.01870148416161731 0.0842444761232605 0.8164633458682573
-0.1038628774947935 0.1205725101561674 0.09860092010462899
0.06719629423040421 0.140858576504119 0.3505507621414929
0.1242880549310274 0.09167182794324584 0.5130101960284671
0.03437063074112884 0.1047083530124867 0.2068211279804872
0.153920276137943 -0.02239087776382524 0.8993868471461196
-0.1085796577612182 0.1137594638623295 0.4021732733080221
0.1574857029571076 -0.04219816692680475 0.4507658262523789
-0.09704697576566025 0.1211711205418679 0.9536773994789705
-0.05614186583129351 0.1454327351762554 0.9525299299180441
-0.0276446884213472 0.1533891870642625 0.4548564564514586
0.08508749167276797 -0.05347095692655011 0.1138444477637231
-0.1397533060719116 0.07450167604811708 0.7715213120484168
0.04089523166213454 -0.09316646982682866 0.1644891183146341
-0.001738083124653282 0.008644377317456958 0.1340602703390168
0.07987964039989885 -0.1383555954820469 0.1261587956641036
-0.06310552586463157 -0.1476215014831792 0.6889871032427907
0.06031773969961162 0.08785134675640102 0.2836405443238063
-0.09860027568715972 -0.0103094600105815 0.6173583784904406
0.09135918387962261 0.1311661713857889 0.218715170229919
0.07938898472009458 0.1375057548188031 0.9155054174902422
0.03697529001218297 -0.0328402616631834 0.2529684678413658
-3.816391647148976e-17 -0.1604498549462637 0.3894061070287825
0.1582247582863895 -0.0235369185431419 0.5820113341048851
0.1591645809818815 0.02099672881201974 0.5816078936000671
-0.06794019975090052 -0.02896988275139264 0.8870368796604884
-0.02512257473582927 0.06693727703413196 0.09441803498037474
0.05901050442477335 0.1488764817324329 0.5830617268248669
-0.06078158631309938 -0.1446857894537172 0.5685750445931382
0.02918480060936018 0.02582569521228784 0.2047207713587703
-0.006658785341526009 0.1044279549624624 0.9529171157868508
-0.1200479999875866 0.1050140299411754 0.1579984542189211
0.03542029676161652 -0.1518286137603493 0.8998797347673357
0.01355576368849077 -0.1571428655289857 0.7771727635342469
0.1558024628427697 0.03985365105730722 0.7577930410417084
-0.05610267354985914 -0.1487682194275253 0.6393717598095382
0.04691225850540404 -0.1471139263552651 0.09220032880127138
-0.08583677372960376 0.05390175514645754 0.4491331030444217
-0.1236979456892505 -0.09682343751267877 0.8321293362517419
0.01817160026959583 0.108728588972813 0.2518417207046401
-0.1636674938776175 -0.001919958063916709 0.098250487558027
0.1057024308111166 0.03218632938607679 0.6352668449217814
-0.06316672546966862 0.1380304443039609 0.3327717468342842
0.08374645931543892 -0.1360413097397697 0.2880547944649352
-0.1342386824855452 0.001014871883258908 0.04637923929812605
0.03900791368751155 0.09466645364855732 0.04547382483562491
0.05841571027094206 -0.1462217442996226 0.5850016832249554
0.1152254292717493 0.002129142633098463 0.2611313809410485
-0.1576903264309784 0.01498530206570257 0.3244649544620516
0.09185780488329372 0.02569640679813372 0.3689265110042375
-0.02330470175989358 0.1550832875980078 0.1548450381716056
0.001355623439570589 -0.09430148106799258 0.8867911072223693
0.02311637659651629 -0.04410802831254183 0.4940989063409244
-0.05648297760970695 -0.07919727050070835 0.1411833072277914
-0.1260220566762756 -0.09292618371380328 0.7001317546820429
0.05874322957410281 -0.1004983722743883 0.7171519929159388
-0.08548776189836825 -0.06284222235457443 0.7702375438033329
0.1170821151674723 0.112615226342809 0.1916341530363393
0.1585695054890661 -0.01552484026308284 0.1489683052346104
0.1506356404427693 -0.01040870022485946 0.4183818216325336
0.06287809814874497 -0.1498455078082697 0.5289634303169808
0.1259739106888782 -0.1054508938848574 0.5179095229482665
-0.08789727163048622 0.02418782466721368 0.1284257910845608
0.1014608333775906 0.03498452126610142 0.1970574162161156
0.1412629341419863 0.08155819305339217 0.8148654703841033
-0.03799438071027999 -0.02851015358612089 0.4836411447070685
-0.01333056945695182 -0.05692727875424627 0.1962811767972358
-0.1271621148486959 -0.09847709755368199 0.3082645839221227
-0.06250557314222002 0.09075895361178996 0.2226283921020067
0.1058072206768269 0.1192569598374944 0.5399876127340476
-0.1600908818289086 -0.02562570960894301 0.8399550155533374
0.02823788482651002 -0.09010746989596012 0.9544181489035682
0.04816318452288117 -0.09071031332298583 0.6519919735434937
0.02337729506427873 0.0226859536103243 0.5623777091118504
0.07768754792875891 -0.05634480323464048 0.7941207721434809
-0.139712261924601 -0.08066291221246998 0.3999541549030818
-0.08066291187000314 -0.1397122621836632 0.399954155315294
0.1121661426734703 -0.05349831035618707 0.955302950917725
0.1295864032075093 0.1062370315781432 0.1052835727291001
0.1510893092239701 0.06270061814352197 0.5807555826501352
-0.1016409379786737 0.03159079926809946 0.6337375234580224
-0.1149089614078589 0.114908961407859 0.3411641978690606
0.1148750867893568 -0.1096340575210892 0.1750150771217428
-0.1049068977962799 -0.01148763447778384 0.2567911020723722
-0.02582083726348565 -0.09992856219011573 0.4410594994146965
-0.004108920580703644 -0.107274249452052 0.2572150996060172
-0.004552792690919009 0.1451487714511081 0.4167366095415605
-0.1404455609311455 0.0810862821330629 0.6103708335442826
0.1254347093041845 0.09960845298776176 0.3724080194437074
0.1634859724536411 -0.001683824806088544 0.547301605918924
-0.08104218539898098 -0.004107459295566862 0.04732030147559402
-0.04192048780978576 0.1564493908930318 0.705392195272686
-0.04152242686081833 -0.08227404845493708 0.04814847941065852
-0.09405155145557206 -0.0595147667100952 0.3757206061362137
-0.1018577564493381 0.1236077865711079 0.484365804227076
0.0224692645270842 0.1563523017534162 0.09717184926330044
-0.1585012606151753 -0.02475909318470501 0.794423772911252
-0.06113004226011323 0.05242992853157299 0.6264680897578717
0.1049029868987336 -0.01289580883419777 0.6977400799473082
-0.06946782895630418 0.07940123751364286 0.1213531135208985
0.1644717469240953 -2.775557561562891e-17 0.2414590639190717
-0.02191316105543552 0.1604891609261675 0.6342296221743329
0.02038522950737768 0.1596109994178481 0.6265141141710849
-0.03731185183893023 0.1569811055245282 0.8070002996401542
-0.03110754780130335 -0.04722981149282943 0.1137690278644782
-0.100220827175206 -0.1290043500747961 0.9491678338081464
-0.08117966170667569 -0.06629148927968184 0.6545955594953164
-0.09200374628572788 -0.04355671120948801 0.4665414653485918
0.04422614775357194 0.09920540153931974 0.6743219214519166
0.119825209528861 0.06807181129475087 0.2640904785944756
0.0161603929081734 -0.1555759782421453 0.9555677591162357
-0.07591562490907088 0.04934783344117591 0.5390122928231261
0.1487598424888497 0.05947335984701871 0.1074387183316463
-0.09507345159467363 0.03292395237586266 0.2763923935862514
-0.1582096983841726 -0.01812788752674631 0.6348228569249641
0.1445939958826965 0.07159587138770422 0.2228450480872174
0.137401591889953 0.07932884592120218 0.9154898437964746
0.01376688294913649 0.0966548712517895 0.7255926666623564
-0.09942127565027503 -0.0312203930198732 0.3114608948039902
-0.03530086447542007 -0.1314408378087048 0.9576416390025911
0.0917363529406611 -0.03219030424556242 0.2444161361645602
0.158941075837072 0.02218657853306386 0.893286345058081
0.09426108210222028 -0.04611340623138627 0.3945535968965322
0.07080120076150496 -0.1455080182917932 0.2183781652126324
0.01151003125390865 -0.1070794163385075 0.4869340019940255
-0.1528334466299127 0.04655511156467018 0.8251377153419946
-0.05113992628782605 -0.09691642125075496 0.8347675741901166
-0.07892710969074493 -0.06182413653665311 0.8493869060833169
0.145949118984974 -0.03881773878661506 0.674436098850537
0.07572802137899767 -0.003163838054936214 0.8034619520106107
0.158874976248438 0.01976401639681361 0.363050891732334
0.07782947681472882 -0.06784009685552982 0.3298678010482158
0.005075343698847545 0.01455657849384295 0.8625885119416223
-0.0282754797064893 -0.115536369987782 0.3277610659930933
0.02373449216686242 -0.161453753127759 0.531763749248384
0.03823466821183292 -0.09637989996148692 0.7695767569449833
-0.1178854528997736 0.03923580685024693 0.3225327650460059
0.03547969144081863 -0.05202339598408175 0.3462585985333522
-0.1506936291002662 0.06288946040816235 0.1544586369694602
0.06424761640025904 0.1487398789178005 0.6916619907488938
-0.0679904151269404 0.07465422002362609 0.04201574150727055
-0.1076254401644558 0.1196521234678002 0.8563117897835538
0.08824749829302048 -0.06387714997411408 0.4541721656206445
0.01857477608226321 0.1571936799204683 0.9051336679303289
-0.1490859045070418 -0.06032692164471953 0.3611368933251607
-0.05055917668667677 -0.01377121968219409 0.1812621321847865
-0.07162058243582833 0.1440827975261613 0.1728624342656317
0.0281642287241036 -0.1608040908943448 0.2190698308406183
0.000504274588354784 -0.1156876901880526 0.7794634571605443
0.07244146792272547 -0.07155743365284266 0.1854384508259483
0.04370467035528552 -0.09053498356483619 0.2127549160078172
0.09720537889373618 -0.04083421259141248 0.5289714418295967
0.1530441845467768 -0.05231904038505101 0.7249301411999477
-0.1320222187720557 0.09380073150031019 0.4293717307990385
0.119271798793985 -0.04093212243018277 0.583263969478923
0.06481610508472811 0.1437060782272273 0.8013464120227302
-0.03153802664659339 -0.1585359164843837 0.4336416418692742
-0.1611450951425134 -0.01964084007197207 0.4140723473671417
-0.1449977039402984 -0.06231757023438383 0.7515494663804405
0.1496950939046091 -0.06432206256314003 0.519339805232032
0.04406155075430392 -0.1575553969925282 0.8118526998939593
0.01914879722730266 -0.1626306912872368 0.3209993821853245
0.06938080312933187 0.07763322198160347 0.7037825158104209
-0.1668205850075671 1.387778780781446e-17 0.5533549055220165
-0.09478624899230949 -0.04873392569313538 0.1600585797144817
0.02048096297913951 -0.1578055904594459 0.6726680857429482
-0.07550628136850435 -0.1436242586278801 0.2816529477824463
-0.08578895996512106 -0.1331947686916551 0.8910717633837211
0.02566052029485025 -0.003325285463479372 0.04425854915854625
0.1015674426771219 -0.1303848226416133 0.21465460182971
3 2 0 687
2226
2227
2228
2229
2230
2231
2232
2233
2234
2235
2236
2237
2238
2239
2240
2241
2242
2243
2244
2245
2246
2247
2248
2249
2250
2251
2252
2253
2254
2255
2256
2257
2258
2259
2260
2261
2262
2263
2264
2265
2266
2267
2268
2269
2270
2271
2272
2273
2274
2275
2276
2277
2278
2279
2280
2281
2282
2283
2284
2285
2286
2287
2288
2289
2290
2291
2292
2293
2294
2295
2296
2297
2298
2299
2300
2301
2302
2303
2304
2305
2306
2307
2308
2309
2310
2311
2312
2313
2314
2315
2316
2317
2318
2319
2320
2321
2322
2323
2324
2325
2326
2327
2328
2329
2330
2331
2332
2333
2334
2335
2336
2337
2338
2339
2340
2341
2342
2343
2344
2345
2346
2347
2348
2349
2350
2351
2352
2353
2354
2355
2356
2357
2358
2359
2360
2361
2362
2363
2364
2365
2366
2367
2368
2369
2370
2371
2372
2373
2374
2375
2376
2377
2378
2379
2380
2381
2382
2383
2384
2385
2386
2387
2388
2389
2390
2391
2392
2393
2394
2395
2396
2397
2398
2399
2400
2401
2402
2403
2404
2405
2406
2407
2408
2409
2410
2411
2412
2413
2414
2415
2416
2417
2418
2419
2420
2421
2422
2423
2424
2425
2426
2427
2428
2429
2430
2431
2432
2433
2434
2435
2436
2437
2438
2439
2440
2441
2442
2443
2444
2445
2446
2447
2448
2449
2450
2451
2452
2453
2454
2455
2456
2457
2458
2459
2460
2461
2462
2463
2464
2465
2466
2467
2468
2469
2470
2471
2472
2473
2474
2475
2476
2477
2478
2479
2480
2481
2482
2483
2484
2485
2486
2487
2488
2489
2490
2491
2492
2493
2494
2495
2496
2497
2498
2499
2500
2501
2502
2503
2504
2505
2506
2507
2508
2509
2510
2511
2512
2513
2514
2515
2516
2517
2518
2519
2520
2521
2522
2523
2524
2525
2526
2527
2528
2529
2530
2531
2532
2533
2534
2535
2536
2537
2538
2539
2540
2541
2542
2543
2544
2545
2546
2547
2548
2549
2550
2551
2552
2553
2554
2555
2556
2557
2558
2559
2560
2561
2562
2563
2564
2565
2566
2567
2568
2569
2570
2571
2572
2573
2574
2575
2576
2577
2578
2579
2580
2581
2582
2583
2584
2585
2586
2587
2588
2589
2590
2591
2592
2593
2594
2595
2596
2597
2598
2599
2600
2601
2602
2603
2604
2605
2606
2607
2608
2609
2610
2611
2612
2613
2614
2615
2616
2617
2618
2619
2620
2621
2622
2623
2624
2625
2626
2627
2628
2629
2630
2631
2632
2633
2634
2635
2636
2637
2638
2639
2640
2641
2642
2643
2644
2645
2646
2647
2648
2649
2650
2651
2652
2653
2654
2655
2656
2657
2658
2659
2660
2661
2662
2663
2664
2665
2666
2667
2668
2669
2670
2671
2672
2673
2674
2675
2676
2677
2678
2679
2680
2681
2682
2683
2684
2685
2686
2687
2688
2689
2690
2691
2692
2693
2694
2695
2696
2697
2698
2699
2700
2701
2702
2703
2704
2705
2706
2707
2708
2709
2710
2711
2712
2713
2714
2715
2716
2717
2718
2719
2720
2721
2722
2723
2724
2725
2726
2727
2728
2729
2730
2731
2732
2733
2734
2735
2736
2737
2738
2739
2740
2741
2742
2743
2744
2745
2746
2747
2748
2749
2750
2751
2752
2753
2754
2755
2756
2757
2758
2759
2760
2761
2762
2763
2764
2765
2766
2767
2768
2769
2770
2771
2772
2773
2774
2775
2776
2777
2778
2779
2780
2781
2782
2783
2784
2785
2786
2787
2788
2789
2790
2791
2792
2793
2794
2795
2796
2797
2798
2799
2800
2801
2802
2803
2804
2805
2806
2807
2808
2809
2810
2811
2812
2813
2814
2815
2816
2817
2818
2819
2820
2821
2822
2823
2824
2825
2826
2827
2828
2829
2830
2831
2832
2833
2834
2835
2836
2837
2838
2839
2840
2841
2842
2843
2844
2845
2846
2847
2848
2849
2850
2851
2852
2853
2854
2855
2856
2857
2858
2859
2860
2861
2862
2863
2864
2865
2866
2867
2868
2869
2870
2871
2872
2873
2874
2875
2876
2877
2878
2879
2880
2881
2882
2883
2884
2885
2886
2887
2888
2889
2890
2891
2892
2893
2894
2895
2896
2897
2898
2899
2900
2901
2902
2903
2904
2905
2906
2907
2908
2909
2910
2911
2912
0.3721220509819405 0.5281887047877547 0.5526315789461888
-0.3745203898998221 -0.5313142820140014 0.5526315789461895
-0.5311969571460483 0.3744303642032978 0.4473684210514678
0.5623750189054024 0.2044584356441855 0.3947368421042529
0.5807620885761156 -0.2120746092740947 0.4473684210514678
-0.5681535996060647 -0.07479884040140759 0.6313692386406931
0.3416688299553661 -0.488501294461179 0.6052631578936964
-0.2330571304306018 0.4938809953107581 0.6578947368412035
-0.04523850214824222 -0.5452401380199821 0.342105263157038
0.09661704872025023 0.5322597459022493 0.3421052631570379
-0.4847862879037201 -0.2292899792766326 0.3421052631570379
-0.06715715975801805 -0.5101092724308796 0.6840008175882009
0.4421048467965582 -0.2116107482388631 0.7105263157887104
-0.278467610397124 0.406135862509649 0.2894736842098228
0.09028470730478338 0.484160837551422 0.7105263157887104
0.4452212869543986 0.2129016196401304 0.7105263157887103
-0.3945164139875496 0.1918989735788587 0.7631578947362173
-0.3945164139863062 0.1918989735781845 0.2368421052626078
0.1763423083661579 -0.4257279924777571 0.2629481860096035
-0.05420871231100394 0.4117560494818491 0.2107360245156125
-0.3890924315463151 -0.26538972659649 0.7105263157887104
-0.2885465611754146 -0.3328113947115329 0.2368421052626078
0.1435467849610916 -0.4153212857201298 0.7631578947362171
0.36462837692221 -0.2466177972482081 0.2368421052626078
0.310523033090144 0.3614516894205475 0.2894736842098228
0.4089101425509657 0.05383404155565265 0.2107360245156125
0.3454244741449225 -0.2650535213198398 0.4738939192882803
0.437492127042858 0.03105320739287958 0.5526315789461895
0.3544930066904214 0.2388406541361054 0.4999999999987557
-0.4291961737903501 0.08304847204144027 0.4473684210514678
-0.3302432743745998 0.2865759732280516 0.5526315789461895
0.1828847308839827 0.372754106385102 0.4999999999987557
0.2861755745170573 0.2527616385746756 0.8157894736837243
0.08046326272734868 -0.4095595595094581 0.5526315789461895
-0.1365272379024898 -0.3983746000093441 0.4999999999987557
-0.3110225212551772 -0.2718273718658189 0.4999999999987557
-0.4182760195572021 -0.0285233588486335 0.2368421052626078
-0.02746745205315765 0.4102556111733749 0.4999999999987557
-0.4102562860430133 -0.05401126470849173 0.7892639754832143
0.3819544463686345 0.02374153302190652 0.8157894736837243
0.2899895289618758 -0.255688188894364 0.8157894736837242
-0.172588517576136 -0.3478968485760193 0.8157894736837243
0.3877365334654142 -0.07759020684358757 0.3947368421042529
-0.3843503511373332 0.0506006836758226 0.6313692386406932
-0.2110085500012511 0.3182215033739618 0.8157894736837245
0.2832191048449662 0.2173216626587852 0.1581044455683973
-0.07647845134464268 -0.3792919120619617 0.1842105263153929
0.2373652686709506 -0.3093404407632525 0.6313692386406931
-0.07511199141320141 0.3689126184167154 0.7105263157887104
0.04638092070260703 0.3522980691788066 0.8418955544307208
0.1384321548446156 0.3342047856944034 0.1581044455683973
-0.351034660467382 -0.1169183929022067 0.6052631578936964
0.3329988255799586 0.1664175541357895 0.3421052631570379
-0.02143171688654959 -0.3644096509577289 0.3421052631570379
-0.114938008237079 -0.3462535889501143 0.6578947368412035
0.2408949876489029 0.2707106539399401 0.6578947368412035
-0.3127927173269132 0.2068428959555728 0.3947368421042529
-0.2171898883553824 0.2830473732292832 0.1581044455683972
0.2015804249866873 -0.3059345300260594 0.3947368421042529
0.1168297844811622 0.3508207401810233 0.3421052631570379
0.1028288297101735 -0.3170194459212623 0.8684210526312313
0.1028288295499632 -0.3170194459588797 0.1315789473681643
-0.3535315693157175 -0.07308703788339221 0.4473684210514678
0.3173067424580207 -0.1029478318321221 0.8684210526312313
0.3173067424572773 -0.1029478318319586 0.1315789473681643
0.3580660441870096 -0.07368401282559395 0.6578947368412035
0.1068601713006266 0.3267519654634924 0.7105263157887104
-0.1638242706162445 0.3267380861854459 0.4473684210514678
-0.1943513754216285 -0.2965134509459836 0.3947368421042529
-0.2931535014069885 -0.1917731967931425 0.3421052631570379
-0.3219944572956183 -0.1618593955470673 0.1842105263153929
-0.2847736452613869 -0.2185145034742085 0.8418955544307213
-0.1555551151330214 0.3067745788684768 0.2894736842098228
-0.2289774761211683 -0.2551794505358685 0.6578947368412035
0.3356841844031442 0.07073738508439681 0.6578947368412035
-0.2229085636415747 -0.2472702909029225 0.1315789473681643
0.2229827639109096 -0.2473669888419557 0.1315789473681643
-0.04374862186416226 0.3323037744507683 0.3686307613572574
0.01817561675393157 -0.3396771149850796 0.7105263157887104
-0.2785022966495031 0.1805309307404587 0.8684210526312314
0.2293560110114058 0.2556727668095736 0.3947368421042529
-0.29376123691029 0.1501648127540107 0.1315789473681643
-0.2619030088401241 0.2009652469159195 0.7366323965357072
0.3320812436211201 0.07026304893163537 0.4473684210514678
-0.1819641164332496 0.2803700596368214 0.6578947368412035
-0.3292939037653232 0.01680864106387314 0.8684210526312313
-0.3292939037646243 0.01680864106391592 0.1315789473681643
-0.3364409840651794 0.01774957203595554 0.3421052631570379
0.3050109675716881 -0.1263396794407338 0.2633676034628274
0.200972006614966 -0.2619118182514343 0.2633676034628274
0.3166039769161801 -0.1311416611399404 0.5265254981991929
0.2769276086751382 -0.1793226309055563 0.6578947368412035
0.201285632368138 0.2623205432905444 0.2629481860096034
-0.3160471016483399 0.1309109958514506 0.5265254981991929
0.1464135793268976 0.2847049573809624 0.8684210526312314
-0.0677375920021687 0.3128984937614863 0.8684210526312313
-0.3073307743407029 -0.1273005748665443 0.7366323965357071
-0.04302645995754037 -0.3268184101784913 0.8423149718842348
0.3021010402166344 0.1251343480647498 0.8423149718842351
-0.2363085902328504 0.2144973557240959 0.2894736842098228
0.3160396468061228 0.01506368503167778 0.3421052631570379
0.3160396468063866 0.01506368503156425 0.5526315789461895
0.3054173826210523 0.09802309773985983 0.1315789473681643
0.01741502466974005 0.3338998445334755 0.6052631578936964
-0.09799201572767319 0.3053423440056856 0.1315789473681643
0.2778719770909821 -0.1800472702778137 0.3947368421042529
0.2331730674491174 -0.2120913846140633 0.4999999999987557
0.0693243011923854 -0.3249507466199005 0.4473684210514678
-0.1704740192805751 -0.2653958745865971 0.2368421052626078
-0.6538989556105286 -0.3766955373711918 0.5699940558656452
0.1446211841900589 -0.2803777336460901 0.7631578947362173
-0.3078186667755715 0.06706882009216156 0.7631578947362173
0.5074611720028929 -0.4913411692978143 0.3494015000397159
-0.3001336400307569 0.09583449989888609 0.2368421052626078
-0.1714262993134863 -0.2666369100877787 0.5526315789461895
0.6746144905083411 -0.4554459733232417 0.6653564371443024
0.6428549523773284 0.02505095312342939 0.7333461822235822
-0.04200172979938364 -0.3190348118652387 0.5265254981991929
0.06714540688861725 0.3084004012502964 0.4999999999987557
0.01521329965491932 -0.3171760826959338 0.2368421052626078
-0.2976549986248289 -0.0948078130121317 0.8684210526312314
-0.1185291897837426 -0.2861547775130057 0.1050534491678986
0.1877120475252142 -0.2446311031228334 0.8945271333782282
-0.2333436144744563 0.2122222498060694 0.4999999999987557
-0.1711659260310137 0.6679507370821334 0.4113507967523597
-0.2681468830466565 -0.1787400830166879 0.5254899992944841
0.2343584588937945 0.2130009673177203 0.5526315789461895
-0.01369980726487458 -0.3056799666497772 0.1315789473681643
0.0399802182908929 0.303679907510699 0.1054728666211687
0.1461987538995992 -0.2841863242591991 0.5526315789461895
0.1864073928732183 0.2429308440775572 0.1054728666211686
-0.09852505409645013 0.306629213314652 0.5526315789461895
0.3055332543572314 -0.01368049222514818 0.2368421052626078
0.09334141549587582 -0.294114801852869 0.3421052631570379
-0.3055660761535598 -0.01368481329660994 0.2368421052626078
0.2635323545540696 0.1690440905127819 0.7105263157887104
0.2735204504931356 -0.1417808048855046 0.7631578947362173
0.04079055095534947 0.3098349951794208 0.2629481860096034
-0.3159930215889939 -0.01505754670524392 0.5526315789461895
0.2881085968801261 0.09085356393777308 0.2368421052626078
0.1395294983744564 -0.2680853166947199 0.6578947368412035
-0.1879628755970561 -0.2449579886302783 0.8949465508317419
-0.2830264681263376 0.1172334016084855 0.6317886560942068
0.5959480491885261 0.5199014885316681 0.3138792874471454
0.665440022441795 0.4177718673037027 0.6070081456451574
0.2791782767419618 0.1156394285464697 0.5787376596931861
-0.3020354526877668 -0.01321999789914921 0.6578947368412035
-0.511136101273693 -0.5188462506121474 0.2912885450351859
0.141914037644514 0.273842102826889 0.6052631578936964
-0.1832316381512979 -0.2387921199460298 0.7892639754832145
-0.06527560304240482 0.2941978309960022 0.2368421052626078
0.6712288789291392 -0.0186315415172998 0.2689211503230228
0.2943007967034635 -0.06528915873495814 0.4473684210514678
0.03846014263324109 -0.2921337865824378 0.5791570771466997
-0.0645313983208147 -0.2885450349212741 0.2894736842098228
0.01261622183151691 0.2974493181388835 0.7631578947362173
0.2573365819253122 0.1642899073583824 0.4473684210514678
0.1618328190215219 0.2541344420616451 0.7631578947362173
0.2361808147203855 -0.1812279131778105 0.2103166070623884
-0.08809531757463331 -0.2814496004677199 0.4473684210514678
-0.1867603616273101 0.2433908419137097 0.8949465508317418
-0.7074176436214725 -0.0130537295952516 0.3487567623488474
-0.2850865662827093 0.08960179787841649 0.3947368421042529
0.1582259160861817 0.2494338346388135 0.4999999999987557
0.2977539870966168 -0.03920005606787497 0.7370518139892205
-0.2677946423048698 -0.1109241727735288 0.4734745017984636
-0.1971603931890681 -0.2137146218649984 0.4473684210514678
-0.1127254187070736 0.272143234666803 0.7892639754832139
0.4246027659009321 0.4430290230935306 0.7725629882895205
0.2860043681244491 0.03765318938448869 0.7896833929367272
0.2938794536463865 0.03868996406216609 0.8949465508317415
0.2351620904769792 0.1804462185725362 0.8949465508317419
0.1873301201709967 -0.6211072489898007 0.4386497189352954
0.1499584312547472 -0.7068729853652865 0.7184526142231166
-0.13479019382705 -0.2566436233801543 0.7105263157887104
-0.1791396072251075 0.233459281416568 0.3686307613572573
-0.03768278157205383 0.2862291431048517 0.6844202350417138
0.1972274927889846 -0.2138020666700818 0.7105263157887104
0.1972274927889847 -0.2138020666700818 0.6052631578936964
-0.6096473607779082 0.1834240334577866 0.6093764007986634
-0.4759995584121722 0.6594690707242989 0.3085622878392869
-0.0634474461378485 -0.2803116006683832 0.7631578947362173
-0.03749165554381079 -0.2847773967897755 0.6317886560942068
-0.2767165634575448 -0.08613482919113213 0.2894736842098228
-0.2867825509301007 0.03775563909443239 0.4738939192517596
0.2305041322532418 -0.1768720415185841 0.8418955544307209
-0.2492189293840048 -0.1580610134842157 0.6578947368412035
-0.2194102182015182 0.2015307780662579 0.6052631578936964
-0.2898798846173976 -0.03816341081022646 0.7892639754832144
0.2443879768905101 0.1543540928636563 0.2894736842098228
0.1104574198472643 0.2666678010600045 0.4208429228512485
0.03735318428024062 0.2837256031200182 0.3682113439040334
-0.01144939851118276 0.288586415103504 0.4473684210514678
0.1092736853671361 0.2638100132238304 0.3159991824100423
-0.2430700158287283 -0.1533427866568884 0.2368421052626078
-0.5103864414568425 0.4526274124346644 0.7237872576763776
0.03798281851491574 -0.2885081499475652 0.7896833929367272
0.2284784199627099 -0.1753176578081783 0.3155797649568183
-0.2696355600547371 -0.08320178119458892 0.07894736842090265
-0.2429293005130352 -0.1532348119975178 0.1315789473681643
-0.01017222155107001 0.2788852929571805 0.9210526315787386
0.1104783392117852 -0.2667183048735473 0.2107360245156122
0.1349194533746576 -0.2569556839581877 0.4473684210514678
-0.1983522038426619 -0.2152678196241103 0.3421052631570379
0.2257598032580293 0.3975080478048863 0.7890835977224349
0.2905948887881626 -0.01171381908809271 0.1315789473681643
0.2787039731261685 -0.08695804122970863 0.6052631578936964
0.275894091844639 -0.0857941502944001 0.3421052631570379
-0.2227568288291999 -0.5413808571789215 0.2120398530100508
-0.269665634062668 0.06204587804497441 0.9210526315787386
-0.269665634062428 0.06204587804482767 0.07894736842090265
0.2810501976433998 -0.01045723666004985 0.6578947368412035
0.2747596654629361 0.6332106523581321 0.7606877595068147
0.4720086360131684 0.2439108597903722 0.2201606051760205
0.3473870197877561 0.6313866223404714 0.3014244713941605
-0.2256110047112298 0.173117412699975 0.2103166070623884
-0.2040083634736597 0.189712520013946 0.1315789473681643
0.1704700761389616 0.2221609285344669 0.6840008175881997
-0.08365028939981003 -0.2707183537970786 0.1842105263153929
-0.246698976138905 -0.1306709860665489 0.3947368421042529
0.1934722006449516 -0.2089080740269463 0.3947368421042529
-0.2247981603412222 0.1724936952778414 0.4208429228512485
-0.2359871325010067 0.1479078986366208 0.3421052631570379
-0.1921920564498312 0.2072397592410903 0.8157894736837243
0.2206411287443857 0.1693038927437075 0.2103166070623885
0.2358064133308262 0.1477692275452368 0.1315789473681643
0.2206411287443858 0.1693038927437076 0.3686307613572573
-0.3520197047571125 -0.480745450263546 0.7730940735360391
0.2243126795923517 0.1721211727970888 0.6313692386406932
0.2243126795923514 0.1721211727970886 0.7896833929367271
-0.1067282314085564 -0.2576647437546309 0.3682113439040335
0.1501664466092574 0.2389305295247255 0.1842105263153929
-0.6456277131723304 -0.6868519240781488 0.5202547019398369
-0.01142882394388351 -0.2884301357493246 0.3947368421042529
0.2369396272731726 -0.1492142290356121 0.1404653072191043
0.4728207436708491 -0.1099785498208921 0.2133842501240502
-0.01016300676225069 -0.2788152996871086 0.9210526315787386
0.06276851781000176 0.2751546280310243 0.1842105263153929
-0.1689965091164042 0.2202405386020881 0.7366323965357071
-0.1093750449523831 -0.2640547169092099 0.8418955544307211
-0.240408086787076 -0.1513002166629577 0.9210526315787386
0.2355120673388159 -0.1475433683164375 0.9210526315787386
-0.1504453559815942 0.239294012267119 0.4999999999987557
-0.2720367769537497 0.06235804492872153 0.5526315789461895
-0.2212867675911523 -0.169799308855319 0.7370518139892213
-0.2358183023304757 -0.1477783511804024 0.8157894736837242
0.5806830139209405 0.6970865960899633 0.700977707134568
0.4739778711818082 0.06001379940807657 0.3627916886097711
0.2358783782617289 -0.1478244485735806 0.5526315789461895
-0.1498897096929729 0.238569879925342 0.2368421052626078
-0.1698769492852835 -0.6224528593793756 0.5155039202141428
0.2688452313437795 0.08287441667550856 0.7105263157887104
0.06248686069893665 0.2730152298701441 0.8684210526312314
0.5457879152248465 -0.7112297239790798 0.5583382891965882
0.2672864249001765 0.08222873790561293 0.3947368421042529
0.2672864249001996 0.08222873790554298 0.4999999999987557
0.1480574479023306 -0.2361820282597821 0.07894736842090265
0.06269551407713314 0.2746001096257155 0.6578947368412035
-0.27669206630985 -0.03642720159230908 0.3686307613572573
0.1055256040192957 0.2547613444009963 0.1050534491633334
0.02466328089792479 0.6379594942797668 0.5420727838428754
-0.4947845807594179 -0.2352722152613593 0.5505743200472463
-0.2662301042574428 -0.08179119556901857 0.5526315789461895
-0.2685024054471697 -0.06189273609233001 0.1842105263153929
-0.267518464045051 -0.06176319774940989 0.7105263157887104
-0.2555223507681276 0.1058408231776137 0.8418955544307209
0.08026007134132435 -0.2625336433812652 0.7105263157887104
0.2695372795905094 -0.03548525605100291 0.8945271333782281
0.2725448073635752 0.009337480786903838 0.4473684210514678
-0.6611924124135575 0.2364370547063289 0.2538532153966943
-0.1488105827439053 0.2371635344291289 0.07894736842090264
-0.3304400483356564 -0.4310923583371514 0.3956445646031715
0.1635993415595719 -0.2132068129005488 0.3159991824100424
-0.1027404043862043 -0.2480372776728705 0.6313692386406934
-0.1596575359093738 -0.3922960041572106 0.2972876562236944
0.2435981772666357 -0.1293865931194639 0.4473684210514678
0.06206010234907709 -0.2697736783799327 0.07894736842090265
-0.1896883670764221 -0.2039768877239503 0.6052631578936964
0.6572979827541139 0.02186774104511355 0.4928401884190371
0.2466129465096177 0.1021504271010743 0.7892639754832145
0.07915315563128152 -0.2598613128862315 0.4999999999987557
0.1637521131791612 -0.2134059087514477 0.2103166070623883
-0.08839023937689192 0.2621907424971147 0.9286340028148379
0.2318713118265045 -0.4090258013808743 0.5097187687450084
-0.2595431894472969 -0.3844217135197415 0.5862630587420921
-0.2290175778469608 0.1425599712563351 0.07894736842090264
0.07903934762489059 0.2595865556291401 0.7631578947362173
0.2234111339376648 0.5099841617524571 0.1915538258344338
0.08795719605738107 -0.2609681618733123 0.9287012418743156
-0.1037246175492597 0.2504133784393852 0.3682113439040334
-0.6177442587149795 -0.2587211746016402 0.7722619599931133
0.1637401932727563 0.2133903744269789 0.4212623403044726
-0.235566189204336 0.1260596347314001 0.9210526315787386
0.1630774740680397 0.212526701944323 0.3155797649568183
0.5842717089922554 -0.3067793755372309 0.2402621788947261
-0.6905864989600172 0.6905865037219698 0.5887175151185275
-0.1029395933817331 0.2485181624473519 0.6840008175882002
-0.2319223385944509 0.1447888718258891 0.5526315789461895
-0.009941569953499587 0.2771333201363256 0.5526315789461895
0.5030182766811644 -0.3587666103530734 0.5747724038501998
0.7130185779592784 -0.7130180513034762 0.3020890743471142
-0.1980116535984734 -0.1851110831778608 0.07894736842090264
-0.1980116536508424 -0.1851110827278022 0.1842105263153929
-0.3223488010015756 0.3467631159212887 0.7023108008548961
-0.06625635301923712 0.4831706296742357 0.8397017006293712
0.4343081276273352 -0.4142169040451636 0.7861914439128014
0.254611050790877 -0.1054633503676464 0.6844202350417136
-0.06111708923195141 0.2626107826162981 0.6052631578936964
-0.06111708923186866 0.2626107826162339 0.4999999999987557
0.6851799889791207 -0.2093656541297489 0.6704896132009128
-0.2668917202659465 -0.03513696155840841 0.4734745017984636
-0.2487034905892439 0.1030163588115942 0.4734745017984633
0.7497773068945713 -0.4120192982558549 0.4164265310282688
0.2647486601719509 -0.06139854615154069 0.1842105263153929
0.2647486601719751 -0.06139854615157761 0.07894736842090264
-0.4023131302632365 0.7282497095773504 0.7217337565328255
0.05481620709723586 -0.4489390195947799 0.1805144372917595
0.2699148479817364 -0.06207868767985313 0.8157894736837243
-0.4558932713253429 -0.7431261459494987 0.7267002962318571
0.2665851763833769 -0.03509660429064815 0.526106080745752
-0.2649136813234674 -0.008332823984170569 0.9210526315787386
0.4825356087476578 -0.1318331949374634 0.5592504046202403
0.008516030330096271 -0.2663052716790081 0.7105263157887104
-0.07860030903093151 -0.2585266220670514 0.5526315789461895
-0.1268427953671255 -0.237456906232814 0.4999999999987557
-0.3575792238798556 -0.7476284331276183 0.3476018129504099
-0.03583218403958929 0.2721724592866352 0.3155797649568183
-0.2627115696214672 0.03458663428577124 0.8423149718842347
-0.1398459353365099 -0.2254805773733871 0.1842105263153929
0.1648143189688965 0.2147902022878095 0.8418955544307207
0.008393986916418059 -0.2653782599170663 0.4999999999987557
-0.4951979313904505 0.3944541473096617 0.2246176122151961
0.163328172513618 -0.2128534185195326 0.5265254981991927
-0.2519772540340426 -0.07588747170401344 0.9210526315787386
-0.2649136813234454 -0.00833282398428275 0.07894736842090265
-0.3006267789657932 0.4649336820142142 0.4756593854099512
0.1570103711261429 -0.6435842012943932 0.2187268237392531
0.390341467891779 0.3553055121270031 0.6253116914624192
0.4843214088349207 0.3912809514312707 0.4430860100672077
-0.03537281286014461 0.2686831887611008 0.1581044455683973
-0.2422607942060443 0.128832630917838 0.7631578947362173
-0.0548555809299693 0.2700194763014743 0.07182980610316671
-0.7337253791719658 -0.3502919757614961 0.3034692111182135
-0.07866729587814783 0.5065909146369354 0.3593609753252034
-0.07682311928821822 -0.2542361071214312 0.9210526315787386
0.6665897339582957 0.2543193481339215 0.7746955246082381
-0.5204080895015694 -0.0575552154293138 0.3820413681219534
0.1432565773241027 0.2299254125495382 0.9210526315787386
-0.2148891687255706 -0.6896943968202455 0.775626670104272
0.1634111783322496 -0.2129615938084667 0.7896833929367273
0.2641515758064045 0.0613199385035797 0.07894736842090265
-0.215892459447086 0.1656601106349023 0.6840008175882001
0.2501443181273819 0.1036131691189316 0.8949465508317413
0.4673654716132072 0.01719980743849571 0.6960921839164889
0.193600036063968 -0.1817259294927932 0.07894736842090265
0.1477332180725407 0.7302211159868908 0.2255483174076364
-0.1455852279011804 0.232960169066067 0.6052631578936966
-0.2673740424304466 0.03520046047600671 0.3155797649568184
0.05998913726152672 -0.2540431367979891 0.8684210526312314
0.1242748237302007 -0.2312572742789686 0.8684210526312313
0.5175389666211817 -0.09623563371342762 0.8285937008623182
0.008649331773072411 -0.2673177966615994 0.2894736842098228
0.07598065044640948 -0.2522022078420225 0.2894736842098228
0.338295338431168 0.208740123357726 0.625672512307616
0.6801818202521026 0.3373281077708947 0.2049486013861166
0.1216995680523136 -0.4746171492261927 0.40875118049084
-0.4555496524103423 -0.2894314969731166 0.1692983754404351
-0.5750652142051034 0.08190560278185816 0.7941946148535568
0.4029210454134117 -0.7516354909759707 0.3090675949186192
-0.2616503680096958 0.06099064825012435 0.1842105263153929
-0.1266943515277328 -0.2370985304685458 0.2894736842098228
-0.2570822487850261 0.07800202976571476 0.7105263157887104
-0.5932887079356773 -0.4994890851651695 0.7695504526315218
0.3535837652297643 -0.3934544179782913 0.3445484107418103
0.1948507492981557 0.1826856355116584 0.4999999999987557
-0.1253284664392136 0.7161869556994149 0.7398896427819163
0.4066685121082384 0.4661659388103248 0.1690670786480199
0.3931648186674913 -0.1106264311591174 0.7707976578684281
0.07810031419625088 0.257319527756049 0.5526315789461895
-0.1221065414095976 -0.7712848503479075 0.254078669875164
0.2563883345794469 0.7651868340617271 0.5321567875610658
-0.1411443349255408 -0.516874964015018 0.841035248888044
-0.01245753335715867 -0.4305970627859635 0.4583303319586821
-0.5866080793153418 -0.1349038679113871 0.1926873050363059
0.231545540252463 -0.3771014404020937 0.8679126492757072
0.2875438011995123 -0.5660824986324881 0.7935103127299593
0.4279692237812706 0.2130628379153144 0.8647308215703147
-0.1890910863512094 0.5662666518329826 0.196529802992423
-0.4591703173140552 -0.02787886689267004 0.5354388021814943
0.161303793986056 0.2102151970581788 0.5787376596931861
0.06105688209345031 -0.2555634003951371 0.403789732914855
-0.1831676038449812 0.4255471415473043 0.1403106911061956
0.7303337839201682 0.7303344210496223 0.457259377519039
0.03268263158362669 -0.5932857921192007 0.545422421547338
0.2059941198198782 0.4154730008612321 0.6416956913070768
-0.05246039558949103 -0.2683001789658582 0.06969672950611502
-0.2631034735058824 0.008094505603833693 0.7105263157887104
-0.2631034735058824 0.008094505603833605 0.6052631578936966
0.04345595170318178 -0.5632157486236663 0.829921008896334
0.5200289058217087 0.2573443760926066 0.5573518478276711
-0.2809237380150463 -0.3142140353081446 0.7580193645775523
-0.1392556387953771 -0.2247112889150573 0.07894736842090264
0.03442975941688553 -0.2615199866909466 0.1581044455683973
-0.3599060416109182 0.3107602011710761 0.855026199215437
0.2645708569204969 0.008287690295434261 0.2894736842098228
-0.4021561245498729 0.1881062501873883 0.6196687572645178
-0.1582924406411546 -0.2062907249725128 0.8423149718842344
0.28406629334008 -0.3579980802169974 0.1981060851104112
-0.007846125092269632 0.2612168362136506 0.8157894736837242
-0.7397266476463252 0.4981513534179375 0.3096050347053762
-0.1244766607809031 0.2317445528736152 0.8684210526312314
0.2561380867467796 0.06026494265445719 0.1842105263153929
-0.1915418076389644 0.1801465945295328 0.9210526315787386
-0.6650158410020579 -0.1950022110616227 0.4390053993840224
-0.2114496284917118 -0.3864103389697556 0.1335067638143496
0.1997743701537585 0.185332552021564 0.06787408924661115
-0.2080467983317459 -0.4557199212121748 0.712240208516837
0.3625247357560593 0.1318989417902662 0.7480324990582079
-0.4411586283534691 -0.1987428201182409 0.8435573077813892
0.3250487833453146 -0.5459337949091818 0.2271624488909219
0.2406702787096715 0.09968889350165866 0.6317886560942063
-0.3648743384033453 0.1175864596181662 0.8424595574323842
-0.7970486447740078 0.01759583606369765 0.5819849962618363
-0.2823685964299226 0.485994696565699 0.8342053448738672
0.1237298453661885 -0.2299415805461182 0.6052631578936966
0.2849345797131561 0.3675644059083631 0.140498293280746
0.257626159828021 0.03391712738520857 0.5791570771466997
0.7358276184320123 0.2243651523023012 0.5288519928180972
0.2218271310221552 0.1370425473518906 0.5526315789461895
0.2500358380946364 0.07508331089186376 0.2894736842098228
-0.5189832355789695 0.09382370634475115 0.3018895649011796
-0.1880540395296257 -0.1774703371669131 0.3947368421042529
-0.007772037218853486 0.2606540829433184 0.2368421052626078
-0.1792103087292618 0.1903216162278208 0.5526315789461895
-0.1002208559879702 0.2419545497587987 0.1581044455683973
0.1909784085157913 0.5571908303770166 0.5222472218136371
-0.07344534575806004 -0.3951765326945693 0.7541256877129783
0.03358548653837105 -0.2551070975017078 0.6317886560942063
-0.02155561424157688 -0.3991578169757652 0.6100277942852044
-0.2291704283862318 -0.1234104238588466 0.6052631578936964
-0.1705281632448347 -0.2061677554785152 0.6742969731753455
0.4885426971098308 0.7259220096038523 0.4743801129054169
0.2508866446116058 -0.05957357718142606 0.2894736842098228
0.2508866446116058 -0.05957357718142606 0.3947368421042529
-0.1558492466590573 -0.2031066925842708 0.737051813989221
-0.20343972193449 -0.1561047890672693 0.4738939192882801
-0.1886620228742095 -0.1779368591954539 0.2894736842098228
0.2021317715474381 -0.1551011634363471 0.2629481860096034
0.2340417877489098 -0.1086823626520634 0.2113316800711242
-0.7498022959776799 0.4153176200144492 0.6023131499272145
0.09927272150644713 -0.239665550634552 0.7896833929367276
0.1159755392674971 -0.2419636516805624 0.1432495109937563
-0.7362657302599069 -0.0704859107859433 0.7770485983057948
0.0884383918283673 0.2532653881832597 0.2478558645911204
0.4094428803415688 -0.2109982219609731 0.363263412434591
0.06946539416459763 0.4733316994664553 0.1366744991986419
-0.05947937088918763 0.2501710767787655 0.7631578947362173
-0.2544732543515917 -0.03350203950457967 0.842314971884235
0.7531557402469403 -0.7531664809886199 0.7269049424490736
-0.1566891319654784 0.2042012524258756 0.3155797649568183
0.07259740942279086 0.2440343401400478 0.9210526315787386
0.2008313539944016 0.1541033179522605 0.7366323965357072
0.2595719095551321 -0.01490910946375063 0.349264783828671
-0.1565485640449646 0.2040180607452545 0.4212623403044722
-0.07326358193308054 -0.2456426237628831 0.7105263157887104
0.1215776951339554 0.4815245176587163 0.8575383022416254
0.2006231534354635 0.153943560044475 0.842314971884235
0.1880880463511107 -0.1774964310287989 0.6578947368412035
0.4279871263650248 -0.2250897220272938 0.8562512936566244
-0.2010020228426339 0.1542342767655164 0.4738939192517596
0.09768663255698645 0.2358363931816338 0.4738939192882801
-0.2394828327503249 0.09919703728071219 0.2633676034628273
-0.1039763445000772 0.2519058166385219 0.2937913350637421
0.2549216100142001 0.007017342840234512 0.7105263157887104
0.17273644827197 0.2009646800013268 0.2483643193070046
-0.007077606213347256 -0.2553793557783682 0.8157894736837243
0.1734920181515883 -0.5352461400051411 0.6361093886486405
0.186229581510236 -0.1760703808000001 0.4473684210514678
-0.2012900689926876 0.1544553023502361 0.2633676034628273
0.07248048412214356 0.6750281551809511 0.7945990343421572
-0.2263166762745354 -0.1222283610303717 0.1842105263153929
0.09715769283160837 0.2345594197229481 0.3686307613572574
-0.3448392866806408 0.2734068295216026 0.1182587294140892
-0.05501183530558384 0.5163735565895174 0.6293196116825304
0.1272766350987629 -0.2248096504500969 0.3861614013210152
-0.4676183521452136 0.08828701976156987 0.1454339901176939
-0.5727256160460167 -0.0849984586455057 0.843036034799719
-0.05929981679099443 -0.2488072280000849 0.2368421052626078
-0.05929981679100818 -0.2488072280000839 0.1315789473681643
0.3166685026367806 0.3672826313722009 0.4371454784695679
-0.2662447444402997 0.021825266877489 0.4078344780817109
-0.4641779504493444 0.03217561116717342 0.8799695051367525
-0.3959757464168089 -0.1136498612999956 0.3318999527845046
0.3683812689282454 -0.2711097660128321 0.6099836909115139
0.2034812359682153 -0.1561366439057269 0.7370518139892211
0.2235370499890772 -0.1210770021246064 0.3421052631570379
-0.2166766567381173 -0.1330904499232428 0.3421052631570379
0.3274450111117397 -0.2125817272445438 0.1102571011657646
0.4074295126107167 0.1846616007192818 0.1181164713732661
0.2527789124082183 0.0332789751559675 0.842314971884235
0.1535328496394794 0.2000879052147833 0.7370518139892209
0.2430363988417532 -0.07218404860258557 0.7631578947362173
-0.191426833457614 -0.5117740676420461 0.4000968943619787
0.0197686075141473 0.4234722037948175 0.3110147208556028
0.006588440614071076 -0.251663774164991 0.07894736842090264
-0.1844634966052957 -0.1747152166797632 0.5526315789461895
0.03320141627398332 0.2521897942114086 0.4212623403044723
-0.05601781142993602 -0.7994778918917568 0.6320923454593839
-0.05872057323483245 -0.2444074363755351 0.4999999999987557
0.2233126687305833 0.1209840603642317 0.07894736842090265
0.513390569726171 -0.6378874676940069 0.7816640082980978
0.6815964273962292 -0.5098243820780175 0.2030470502739457
0.03316850055417799 0.251939774497324 0.3155797649568183
0.09620424027838881 0.2322575816378862 0.8418955544307209
-0.1131945934561256 -0.237326782208987 0.7756169050496245
-0.4356949245994573 0.06540452207449016 0.7484807531578517
0.08848362504825968 0.4519435468207513 0.570693574358359
-0.6000321609401902 0.06253891715765443 0.4823872904407965
0.2956706648135691 -0.2648044345547859 0.3234358664430645
0.1345709453110293 -0.2186060765309386 0.7105263157887104
-0.01474542748400213 -0.2594760154600659 0.5596425329116751
0.4477352576579265 0.1415591241650903 0.4708231157835577
0.2233415514692714 -0.1209960239864383 0.6052631578936964
-0.2152504237438572 0.2972779159495473 0.5594154443109093
-0.08767312051424864 0.2512496230287864 0.4362907950857786
0.223194884294796 -0.1209352724536157 0.8684210526312313
-0.5128283643419487 -0.3916182127176787 0.4406622958342204
-0.7774237423764562 0.2079702464346641 0.4519107411735642
0.04210266811864603 -0.4008763210154202 0.8168348363696554
-0.2470953406483567 -0.05907444254569965 0.6052631578936964
-0.1911912798177584 -0.1744254666451813 0.9127283374353351
0.1770355987801095 -0.1874874774331529 0.9210526315787386
-0.2497294418631695 -0.03287750474239261 0.3155797649568184
0.3267665087121494 -0.7079791296569266 0.5861870591687707
0.2240034077884567 -0.1212701738500639 0.07894736842090265
-0.2233174382821354 -0.1209860359772943 0.8684210526312313
0.02150958864954278 0.250417441526443 0.7058381131756406
-0.3173492451226316 -0.2229293373147238 0.5992729165342723
0.0964878197287644 0.2329422029929932 0.6844202350417137
-0.72084148646435 0.7632452656101903 0.26802059705981
-0.2437151776229853 0.0724652076011911 0.6052631578936964
0.2434976528720665 0.0586007979642628 0.4473684210514678
0.007264698763197979 0.2568004647824845 0.07894736842090265
0.4141273553323174 -0.0250729041214726 0.1131386050716186
0.2310663136403478 -0.1146383689209906 0.8070302748516666
-0.7384327407080201 -0.6767272078509372 0.257551299445346
-0.221434196927648 0.1202059718668845 0.3947368421042529
-0.3947931865048191 -0.3415922864508333 0.5909054779398365
0.7650558629167893 -0.2111265465194722 0.3248219566444151
-0.2422934652858543 -0.07187631506935828 0.7631578947362173
-0.1737072802652879 0.1831499289348247 0.1842105263153929
-0.2218679988467724 0.1203856585051692 0.1842105263153929
0.04281487586241503 0.3806702177712564 0.4203974083879938
-0.2739266384684282 -0.3339704060825259 0.8860008919440615
0.3092679880340147 0.2395953543103184 0.2629946922884264
0.2522703554801411 0.04067559779513182 0.6391291748633204
-0.200393422078572 0.1537672809743471 0.8423149718842344
-0.3875583569511464 0.1272801726499827 0.3428678531331765
-0.4820432105677178 -0.3763445297495976 0.8467021015437355
0.006837551774117841 0.2535559612837497 0.4999999999987557
0.006837551774045603 0.2535559612837653 0.6052631578936964
-0.1300837310336296 0.2127582260027761 0.8157894736837243
-0.1300837310336293 0.2127582260027762 0.9210526315787386
0.5808320497286962 -0.3029685236110286 0.7896855920225876
-0.05948125261648619 0.2501853699166335 0.8684210526312313
-0.1732160186866872 -0.1825097054766609 0.1315789473681643
-0.07585361593167216 -0.5350202842617059 0.1508602035441613
-0.135336147853279 -0.2196033089951551 0.9210526315787386
-0.3830922015705965 -0.08775873108613322 0.1141496181482909
-0.1311174350220339 -0.2141053753925033 0.4473684210514678
-0.1311174350219281 -0.2141053753926073 0.5526315789461895
0.03003488440954155 -0.7842700274338316 0.4223464660871131
0.553056955159886 0.7494315759076885 0.238962530113273
0.2391939307873267 0.07059244584316926 0.1315789473681643
0.247596383668955 -0.006052958496490075 0.7631578947362173
-0.2455063926207318 0.0323215297621912 0.789263975483214
-0.1136155281815613 -0.3579300071343556 0.3850501333999528
0.6295635455008138 0.5100738773997801 0.8006163660291803
-0.0326830268905085 0.2482522359198868 0.3686307613572574
0.2380810759122697 -0.07013148626098287 0.4473684210514678
0.2209422185174874 -0.1200021881155126 0.4999999999987557
0.2854154712114286 0.3272322947812457 0.5554886425248017
-0.2416006043844653 -0.06946435986089708 0.1321487071964521
-0.2425953330915912 -0.07200135245684326 0.2368421052626078
0.04627565857870539 -0.2577400813376055 0.2228760420676894
0.417614544581817 0.2837542533174771 0.348300729615213
-0.1528683550881105 0.1992219190553248 0.6840008175881997
0.2414691824196039 -0.07153488592707027 0.1315789473681643
0.5360560021267593 0.08392857337726525 0.850360407016775
0.2546223173049305 -0.02693277699409045 0.5856373290451252
-0.2464855052807468 0.03245043238930161 0.2629481860096034
0.5577679947990336 0.1130152386877247 0.1532310624852531
0.006063228413255149 -0.247674391431462 0.7631578947362173
0.3865506825671267 -0.05126445553150587 0.5031563495996432
0.1993561424646138 0.1529713483324766 0.4212623403044726
-0.006431529035070323 -0.2504719123932058 0.3421052631570379
0.006006301769808597 -0.2472419906453796 0.8684210526312314
-0.006360635337733709 -0.2499334213000947 0.4473684210514678
0.5198522210943509 -0.04881464410998937 0.4466071359600206
-0.2822789210264782 -0.8088683502694183 0.5905121930923983
0.218517456609832 0.1189978184694043 0.4999999999987557
0.2442846933093118 0.03216068999654189 0.5261060807457519
-0.4901588617180905 0.5860304644871031 0.5344720631034287
0.151178359759616 -0.1970194742632475 0.2633676034628273
-0.1679933102676622 0.4325626162479396 0.5449770305413399
0.2354579255177391 -0.0690449421697759 0.4999999999987557
0.151219248813611 0.1970727619158851 0.3686307613572573
-0.2405961477068087 0.07117326310860779 0.1315789473681643
-0.01635087431633931 -0.2570437133118242 0.1931153961084719
0.07086797658735426 -0.2398591212715007 0.4473684210514678
0.2468346918443608 -0.08434930410217534 0.9307600240019239
-0.05855485526403668 -0.2431486834178731 0.3947368421042529
-0.1205225112230886 0.2221983913834878 0.5526315789461895
-0.01610559764159478 0.6049521479566621 0.2231903678918245
0.09597221201224154 0.2316974158508996 0.1581044455683973
-0.3962109700056634 -0.4581811147668194 0.1683644200490331
-0.1978231688492733 0.1517950563055662 0.6313692386406931
-0.4128436543255135 0.210216385005881 0.4820190008781738
-0.4960242476114878 0.2456509595549788 0.3491961137725017
-0.1304330480562477 -0.2132134648095753 0.3421052631570379
0.1736258376904974 0.1866472402654324 0.1491115292954191
-0.1510378081267316 0.7980824481368431 0.2158501849706752
0.006221625523728042 0.2488775369347792 0.8684210526312314
-0.2493382959960708 -0.006282285604933068 0.5526315789461895
0.2499081937231232 0.006357314064183655 0.07894736842090265
-0.7688394538961633 -0.7695774845337923 0.7250766033147702
0.2193853265979243 0.119357301988769 0.2368421052626078
0.248119023098437 0.006121765282867377 0.2368421052626078
0.2467932794201153 -0.005947227816455724 0.1842105263153929
0.07087558649009161 -0.2398774932022822 0.5526315789461895
-0.1973666831858339 0.1514447825363837 0.7366323965357071
-0.03189842392247317 0.2422925846985761 0.4212623403044726
-0.6537887243242493 0.04497620086721013 0.1726037185509812
-0.213221345854057 -0.1304390966300039 0.07894736842090265
-0.1193406511646088 -0.2193451279523758 0.1315789473681643
-0.03041042219477181 0.3883961927517678 0.1057611093311656
0.1507431886265503 0.1964523482011082 0.6317886560942063
0.2112950586241815 -0.1289610039617627 0.3947368421042529
0.2419447064998436 0.05839634869574052 0.3421052631570379
-0.07007705629215594 0.2379496711931651 0.8157894736837243
0.2292574728773918 0.09496155454119763 0.8423149718842351
0.2282226804217864 0.2732561010928191 0.9163301702782451
0.3176397949781778 0.3651992532944988 0.8800678273692036
0.2840279504233791 0.5088065106707402 0.8673851108244874
0.7641881867838404 0.1719179143022711 0.3192586732004895
0.09376407307201651 0.2263664968738041 0.6313692386406933
0.2355641782839633 0.06908895312823332 0.2368421052626078
0.2154206460016591 0.1177150775153186 0.1842105263153929
-0.2562333734625683 0.0119587856496831 0.1362690679323421
0.246070533148836 -0.3486615104602351 0.7478472695025837
-0.1808769563352164 0.171963167046714 0.07894736842090265
-0.2397840257249528 -0.0708368711694366 0.3947368421042529
0.2422986188476466 -0.07850645477992108 0.5587060632973346
-0.3863986668001033 -0.195643725236846 0.4298428849036233
-0.1182791154793022 0.2167823549530687 0.7631578947362173
-0.09446811428342372 0.2280662027148531 0.1050534491678985
0.1722348391409154 -0.1812310056626627 0.1315789473681643
-0.2197215404513223 -0.1194965663268635 0.7105263157887104
-0.4601230967755841 -0.1440844475758056 0.6917244489689938
0.242180411842977 -0.03188365608587213 0.9471587123257355
0.2536010436643584 0.02710961099423383 0.9409846152647859
-0.2357757011389392 0.0691765687635162 0.3947368421042529
-0.05804577217420245 -0.2392818134434186 0.8157894736837242
-0.7922721339683498 0.1735845618785775 0.7616693636015548
0.1721669289412961 0.1811425040060665 0.9210526315787386
0.2404921961038797 -0.05820512207448872 0.7105263157887104
0.2383960154118412 -0.05792915465098737 0.6578947368412035
-0.1191855165871029 -0.218970599951404 0.2368421052626078
-0.8144622748756897 -0.1583495719388333 0.2069754142971281
-0.4024641142127639 -0.06422467962191658 0.9030951734264008
0.03187856264808816 -0.2421417233419828 0.9471587123257348
0.4448416637793519 -0.3864810854701641 0.2089020923730597
-0.1277125525558149 -0.2096680461709848 0.3947368421042529
-0.1713067807502318 -0.1800215381551038 0.2368421052626078
0.4082240963090857 -0.03283866750138288 0.2889044603962551
-0.211087453745539 0.1288017031355268 0.1315789473681643
-0.3757057938357535 0.3444224195279969 0.4183526370148706
-0.2374493675528617 -0.06986982409089197 0.6578947368412035
-0.09433476295469333 0.2277442641284718 0.2107360245156124
-0.2173406476103428 -0.1185103682214135 0.2894736842098228
0.09347307219900976 -0.225663958619529 0.05284128767390677
-0.06958735621140939 -0.2367674297672798 0.8684210526312314
-0.2406034927417939 0.05821977455484317 0.6578947368412035
0.1797761982758806 -0.17111852582395 0.8684210526312313
0.1941758379007717 0.14899636083469 0.6840008175881997
0.0583441964523351 -0.2415485708825097 0.3421052631570379
-0.2154504652973233 -0.1177274290721624 0.7631578947362173
$EndNodes
$Elements
4 16284 1 16284
2 1 2 122
1 5 6 584 
2 28 5 557 
3 557 5 584 
4 6 7 554 
5 6 554 584 
6 7 8 598 
7 554 7 598 
8 8 9 578 
9 8 578 598 
10 9 10 551 
11 9 551 578 
12 10 11 597 
13 551 10 597 
14 11 12 579 
15 11 579 597 
16 12 13 555 
17 12 555 579 
18 13 14 593 
19 555 13 593 
20 14 15 582 
21 14 582 593 
22 15 16 550 
23 15 550 582 
24 16 17 590 
25 550 16 590 
26 17 18 583 
27 17 583 590 
28 18 19 553 
29 18 553 583 
30 19 20 595 
31 553 19 595 
32 20 21 586 
33 20 586 595 
34 21 22 552 
35 21 552 586 
36 22 23 587 
37 552 22 587 
38 23 24 596 
39 587 23 596 
40 24 25 556 
41 24 556 596 
42 25 26 592 
43 556 25 592 
44 26 27 580 
45 26 580 592 
46 27 28 549 
47 27 549 580 
48 549 28 557 
49 549 557 558 
50 549 558 559 
51 549 559 580 
52 550 575 581 
53 575 550 590 
54 550 581 582 
55 568 551 577 
56 551 568 578 
57 577 551 597 
58 571 552 585 
59 552 571 586 
60 585 552 587 
61 553 572 583 
62 572 553 594 
63 594 553 595 
64 584 554 591 
65 591 554 598 
66 555 576 579 
67 576 555 589 
68 589 555 593 
69 574 556 588 
70 556 574 596 
71 588 556 592 
72 558 557 584 
73 559 558 560 
74 560 558 569 
75 569 558 584 
76 559 560 561 
77 559 561 588 
78 580 559 588 
79 561 560 562 
80 562 560 563 
81 563 560 569 
82 561 562 570 
83 561 570 574 
84 561 574 588 
85 562 563 564 
86 562 564 565 
87 562 565 570 
88 564 563 566 
89 566 563 568 
90 568 563 569 
91 565 564 573 
92 564 566 567 
93 564 567 573 
94 570 565 571 
95 571 565 572 
96 572 565 573 
97 567 566 576 
98 566 568 577 
99 576 566 577 
100 573 567 581 
101 567 576 589 
102 581 567 589 
103 568 569 591 
104 578 568 591 
105 569 584 591 
106 570 571 585 
107 574 570 585 
108 571 572 594 
109 586 571 594 
110 572 573 575 
111 572 575 583 
112 575 573 581 
113 574 585 587 
114 574 587 596 
115 583 575 590 
116 576 577 579 
117 579 577 597 
118 578 591 598 
119 580 588 592 
120 582 581 589 
121 582 589 593 
122 586 594 595 
2 245 2 122
123 29 30 1253 
124 52 29 1226 
125 1226 29 1253 
126 30 31 1223 
127 30 1223 1253 
128 31 32 1267 
129 1223 31 1267 
130 32 33 1247 
131 32 1247 1267 
132 33 34 1220 
133 33 1220 1247 
134 34 35 1266 
135 1220 34 1266 
136 35 36 1248 
137 35 1248 1266 
138 36 37 1224 
139 36 1224 1248 
140 37 38 1262 
141 1224 37 1262 
142 38 39 1251 
143 38 1251 1262 
144 39 40 1219 
145 39 1219 1251 
146 40 41 1259 
147 1219 40 1259 
148 41 42 1252 
149 41 1252 1259 
150 42 43 1222 
151 42 1222 1252 
152 43 44 1264 
153 1222 43 1264 
154 44 45 1255 
155 44 1255 1264 
156 45 46 1221 
157 45 1221 1255 
158 46 47 1256 
159 1221 46 1256 
160 47 48 1265 
161 1256 47 1265 
162 48 49 1225 
163 48 1225 1265 
164 49 50 1261 
165 1225 49 1261 
166 50 51 1249 
167 50 1249 1261 
168 51 52 1218 
169 51 1218 1249 
170 1218 52 1226 
171 1218 1226 1227 
172 1218 1227 1228 
173 1218 1228 1249 
174 1219 1244 1250 
175 1244 1219 1259 
176 1219 1250 1251 
177 1237 1220 1246 
178 1220 1237 1247 
179 1246 1220 1266 
180 1240 1221 1254 
181 1221 1240 1255 
182 1254 1221 1256 
183 1222 1241 1252 
184 1241 1222 1263 
185 1263 1222 1264 
186 1253 1223 1260 
187 1260 1223 1267 
188 1224 1245 1248 
189 1245 1224 1258 
190 1258 1224 1262 
191 1243 1225 1257 
192 1225 1243 1265 
193 1257 1225 1261 
194 1227 1226 1253 
195 1228 1227 1229 
196 1229 1227 1238 
197 1238 1227 1253 
198 1228 1229 1230 
199 1228 1230 1257 
200 1249 1228 1257 
201 1230 1229 1231 
202 1231 1229 1232 
203 1232 1229 1238 
204 1230 1231 1239 
205 1230 1239 1243 
206 1230 1243 1257 
207 1231 1232 1233 
208 1231 1233 1234 
209 1231 1234 1239 
210 1233 1232 1235 
211 1235 1232 1237 
212 1237 1232 1238 
213 1234 1233 1242 
214 1233 1235 1236 
215 1233 1236 1242 
216 1239 1234 1240 
217 1240 1234 1241 
218 1241 1234 1242 
219 1236 1235 1245 
220 1235 1237 1246 
221 1245 1235 1246 
222 1242 1236 1250 
223 1236 1245 1258 
224 1250 1236 1258 
225 1237 1238 1260 
226 1247 1237 1260 
227 1238 1253 1260 
228 1239 1240 1254 
229 1243 1239 1254 
230 1240 1241 1263 
231 1255 1240 1263 
232 1241 1242 1244 
233 1241 1244 1252 
234 1244 1242 1250 
235 1243 1254 1256 
236 1243 1256 1265 
237 1252 1244 1259 
238 1245 1246 1248 
239 1248 1246 1266 
240 1247 1260 1267 
241 1249 1257 1261 
242 1251 1250 1258 
243 1251 1258 1262 
244 1255 1263 1264 
3 1 4 7535
245 1085 1105 1627 2166 
246 1641 1708 1069 1935 
247 1541 1810 1728 1894 
248 846 1711 827 2211 
249 860 1901 879 2159 
250 920 1741 1657 2010 
251 1082 1611 1819 1995 
252 1541 1734 1631 1812 
253 790 1942 1690 2059 
254 1713 1728 1712 1990 
255 1943 2010 1666 2011 
256 1194 1822 1693 1920 
257 1650 1788 1851 1853 
258 1134 1945 556 2092 
259 1027 1008 1797 2213 
260 1614 1740 1686 1821 
261 1576 1827 1657 2010 
262 1266 206 858 1635 
263 1693 1822 1194 1941 
264 171 1757 849 1917 
265 1603 1714 1561 1781 
266 1625 1857 1555 1958 
267 1685 1929 1196 1941 
268 1528 1804 1672 2121 
269 1576 1540 1871 2035 
270 588 1787 1590 1945 
271 1532 1621 1680 1787 
272 1603 1764 1561 1888 
273 1122 1689 1654 1862 
274 1546 1645 1755 1758 
275 1559 1884 1727 1948 
276 457 1864 1938 2088 
277 1540 1643 1692 1727 
278 1576 1666 1943 2010 
279 1603 2074 1764 2162 
280 1581 1723 2040 2067 
281 1650 1583 1788 1853 
282 1541 1631 1610 1812 
283 1546 1719 1645 1758 
284 841 2083 1926 2158 
285 1594 2015 1960 2099 
286 939 1619 1781 2143 
287 1555 1857 1805 1958 
288 1825 1982 859 2083 
289 904 1722 1630 1817 
290 1728 1810 1571 1894 
291 1091 1776 1667 2091 
292 1654 1689 1122 2078 
293 1146 1659 1863 1885 
294 1864 1570 1938 2088 
295 1838 2010 1943 2011 
296 1560 1603 1764 2162 
297 1686 843 2083 2125 
298 1085 1627 1105 2088 
299 1594 1960 1770 2099 
300 460 1945 1152 2071 
301 1222 1682 1613 1997 
302 1649 1824 1604 1986 
303 1631 1838 1812 2159 
304 1672 1804 1737 1850 
305 1575 1750 1616 2001 
306 1718 1939 1695 2098 
307 1561 1714 1603 1888 
308 893 1937 1744 2106 
309 1532 1787 1680 2067 
310 448 1136 1689 1903 
311 1556 1690 1600 1739 
312 1687 1688 1595 2024 
313 893 1744 1743 2106 
314 1559 1671 1884 1948 
315 1576 1657 1561 1741 
316 1008 1980 1797 2213 
317 1554 1768 1614 1821 
318 836 1678 2043 2113 
319 1555 1805 1769 1958 
320 1593 1805 1857 1958 
321 1542 1598 1705 2112 
322 1825 2083 859 2158 
323 1588 1753 1678 2031 
324 1187 1921 1733 2079 
325 1540 1576 1943 2035 
326 299 1606 1007 1786 
327 1538 1647 1597 1905 
328 1576 1741 1561 1931 
329 978 1681 1761 2219 
330 1555 1691 1614 1906 
331 826 1711 166 1914 
332 1266 206 1635 1811 
333 1598 1542 1705 2182 
334 1947 1949 1585 1965 
335 1541 1734 1810 1901 
336 1599 1829 1608 2022 
337 565 1621 1717 2146 
338 1759 1866 1731 2007 
339 1640 1672 1528 1804 
340 1581 2040 2027 2067 
341 1260 1728 1713 1990 
342 222 1838 899 2159 
343 1545 1678 1809 2113 
344 1640 1672 1804 1959 
345 1695 1939 1861 1969 
346 1597 1644 1562 1941 
347 478 1661 1173 1723 
348 1574 1760 1638 2118 
349 1677 1740 802 1876 
350 1537 1902 1807 1958 
351 1643 1727 1548 1731 
352 1625 1763 1694 1988 
353 1629 1886 1593 2073 
354 1588 2031 1678 2060 
355 1584 1694 1554 1904 
356 1548 1727 1683 1731 
357 1003 1849 1837 2104 
358 1666 1931 1576 1943 
359 565 1621 564 1717 
360 1599 1548 1675 1818 
361 1639 1898 1612 1971 
362 1188 2020 1697 2061 
363 1759 1831 1731 1866 
364 1010 1997 1222 2045 
365 999 1992 1981 2219 
366 1724 1981 999 1992 
367 1134 556 423 2092 
368 1638 1760 1717 2118 
369 1625 1844 853 2058 
370 1693 2103 1633 2119 
371 1260 1713 1712 1990 
372 1624 1766 938 1855 
373 1545 1809 1710 2113 
374 1599 1675 1548 2090 
375 1082 1611 391 1819 
376 1259 971 296 1682 
377 1625 1555 1763 1783 
378 1565 1824 1649 1986 
379 1655 1731 1659 2111 
380 1625 1783 1763 1988 
381 1581 2027 1723 2067 
382 1704 1901 860 2052 
383 1007 1794 1606 2000 
384 1562 1644 1597 1696 
385 1604 1759 1649 1986 
386 1654 1754 1122 1862 
387 1595 2024 1688 2189 
388 1718 1893 910 2098 
389 1605 1751 1231 1808 
390 1674 1849 1670 2213 
391 938 1766 1624 1830 
392 1570 1751 1578 1897 
393 1804 1850 1672 2121 
394 1704 1711 846 2211 
395 1576 1943 1838 2010 
396 1619 1730 1577 1956 
397 1599 1548 1818 1946 
398 1614 1686 1554 1821 
399 1546 1687 1595 2024 
400 1599 1548 1835 2090 
401 1764 1888 1603 2053 
402 1542 1641 1598 1708 
403 1593 1807 1629 2073 
404 1645 1902 1537 1958 
405 1574 1717 1760 2118 
406 479 1632 1197 1920 
407 1549 1659 1655 1731 
408 1540 1692 1643 2008 
409 1540 1711 1608 1860 
410 1662 1723 1190 2033 
411 1658 1584 1964 2093 
412 1608 1829 1599 1919 
413 1528 1933 1672 1964 
414 790 1691 1942 2059 
415 939 1781 1619 1913 
416 1737 1804 1672 1959 
417 835 1746 1944 2075 
418 772 2033 1845 2168 
419 564 1717 1621 2224 
420 1718 1783 1625 2142 
421 1603 1714 1560 1888 
422 1584 1718 1783 2028 
423 1541 1635 1728 1810 
424 1240 1613 1656 2045 
425 588 559 1787 1945 
426 1857 1958 1625 1984 
427 457 1864 1709 1938 
428 1165 1938 1697 1973 
429 1234 1605 1231 1808 
430 1702 1959 1737 2074 
431 1576 1540 1692 1871 
432 1561 1657 1576 1871 
433 1992 2004 1012 2016 
434 222 1812 899 1838 
435 846 166 827 1711 
436 1616 1750 1552 2001 
437 1656 2046 1782 2107 
438 1584 1554 1694 1817 
439 1643 1727 1540 1946 
440 1706 1912 1750 2026 
441 1555 1906 1614 1988 
442 447 1689 1136 1903 
443 1581 2040 1693 2119 
444 1584 1554 1817 1964 
445 858 1635 206 2199 
446 1007 1606 317 1786 
447 1648 1555 1906 2012 
448 1703 1869 1629 2095 
449 1540 1576 1692 1943 
450 1616 1804 1575 2001 
451 454 1146 1863 1885 
452 843 824 2083 2125 
453 240 899 1812 1838 
454 117 811 598 1646 
455 1613 1701 1656 1993 
456 1056 1963 1750 2026 
457 500 1196 1929 1941 
458 1234 1778 1605 1808 
459 1631 1812 1734 2159 
460 1528 1715 1933 1964 
461 849 1757 551 1917 
462 1189 2063 1828 2215 
463 1708 1738 1055 1975 
464 1529 1702 1671 1749 
465 853 1763 1625 1857 
466 1734 1901 1541 2056 
467 1233 1232 1605 1820 
468 1625 1763 1555 1857 
469 1555 1648 1769 1805 
470 1570 1839 1751 1897 
471 588 1590 556 1945 
472 479 1173 1661 1723 
473 1769 1958 1805 2105 
474 1584 1783 1718 2142 
475 1702 1671 1749 1959 
476 1597 1941 1562 2176 
477 1590 1945 1661 2071 
478 1540 1711 1860 1946 
479 1668 1939 1718 2098 
480 1763 1783 1555 1988 
481 1599 1847 1829 2022 
482 1232 1605 1728 1990 
483 1769 1805 1648 2105 
484 391 1611 1082 2222 
485 1852 2050 1800 2060 
486 1621 1787 1532 2017 
487 1752 1868 1151 2116 
488 1232 1728 1605 1820 
489 846 1704 166 1711 
490 1068 2084 1826 2091 
491 1561 1871 1576 1931 
492 269 1729 1658 1830 
493 1534 1740 1614 1821 
494 1678 1545 2031 2043 
495 1599 1946 1818 2185 
496 1531 1736 1717 2070 
497 858 188 1635 2199 
498 1559 1802 1671 1948 
499 1136 1689 447 1960 
500 1620 1724 1706 1992 
501 1709 1864 1570 1938 
502 802 1740 1677 1926 
503 1649 1759 1604 1806 
504 1266 1635 1248 1811 
505 1638 964 1840 2194 
506 1584 1890 1658 1964 
507 588 561 1590 1787 
508 1733 1921 1163 1953 
509 1611 1970 1082 2222 
510 460 1661 1945 2071 
511 1571 1728 1713 1810 
512 166 1704 1642 1711 
513 1920 1923 1216 2114 
514 1702 1764 1671 1959 
515 768 1623 93 1798 
516 559 1662 1787 1945 
517 826 148 1711 1914 
518 1620 1681 1624 1925 
519 1593 1805 1958 2105 
520 1717 1736 1621 2070 
521 1527 1800 1721 1801 
522 1614 1768 1534 1821 
523 1649 1759 1565 1986 
524 1565 1831 2111 2128 
525 1590 1747 556 1945 
526 1541 1901 1810 2056 
527 166 1711 1642 1914 
528 1629 1807 1593 1984 
529 293 977 1637 1978 
530 364 1708 1055 1806 
531 1540 1643 1860 2008 
532 846 166 1704 1996 
533 1632 1822 1673 2225 
534 978 1925 1681 2219 
535 1756 1843 1642 1996 
536 1055 1708 382 1806 
537 1116 1848 1650 1853 
538 1839 1870 1751 1897 
539 1645 1546 1755 1908 
540 1131 436 1799 1863 
541 565 1765 1621 2146 
542 1131 1799 454 1863 
543 1578 1697 1570 1897 
544 1645 1783 1715 2054 
545 1634 2103 1693 2119 
546 1666 1576 1931 2010 
547 1706 1912 1014 1992 
548 1645 1735 1537 1902 
549 891 910 1718 1893 
550 872 1844 194 1869 
551 1593 1551 1807 2073 
552 1529 1692 1643 1727 
553 1907 2059 828 2125 
554 1565 1831 1866 2111 
555 893 1743 913 2202 
556 1695 1568 1939 1969 
557 1706 1552 1750 1912 
558 1706 1750 1616 2026 
559 772 1814 2033 2168 
560 1619 1577 1730 2153 
561 1543 1656 1613 1701 
562 1621 1765 565 2148 
563 1747 1836 1095 1851 
564 1654 1909 1803 2212 
565 1590 1787 1662 1945 
566 1610 1631 1541 1943 
567 1693 2040 1634 2119 
568 1622 1884 1534 1926 
569 1632 2040 2067 2205 
570 1907 1924 828 2059 
571 872 176 1844 1869 
572 1710 2031 1545 2043 
573 1632 2040 1723 2067 
574 1597 1562 1696 2176 
575 1548 1789 1591 2218 
576 558 1572 1787 1891 
577 1536 1624 1620 1681 
578 1616 1706 1552 1750 
579 1677 1600 1883 1989 
580 1597 1647 1538 1929 
581 1528 1645 1719 1758 
582 1656 1782 1543 2107 
583 460 1661 1662 1945 
584 1657 1827 238 2010 
585 1534 1768 1614 1989 
586 1585 1949 1947 2196 
587 1259 1682 296 2014 
588 1003 1837 1617 2104 
589 1737 1959 1536 2074 
590 1233 1605 1234 1778 
591 1621 565 1873 2148 
592 1258 1820 1609 2086 
593 1606 1786 1736 2220 
594 1731 1659 2111 2128 
595 1560 1603 1888 2053 
596 1651 1777 1568 1801 
597 1623 1548 1789 2097 
598 1240 1613 1778 1808 
599 1537 1735 1645 1861 
600 1734 1901 1631 2159 
601 1552 1706 1620 1724 
602 1240 2045 1656 2161 
603 564 1621 565 2224 
604 1558 1800 2050 2060 
605 466 1178 1828 1868 
606 1554 1672 1768 1821 
607 1538 1807 1647 1905 
608 1234 1233 1231 1605 
609 890 1718 1668 1844 
610 1248 1811 1635 2086 
611 1554 1584 1904 1964 
612 1219 1259 296 2014 
613 1616 1535 1667 1771 
614 1584 1783 1694 1904 
615 448 1689 1626 1903 
616 1536 1681 1620 1761 
617 1529 1727 1884 1948 
618 1691 1768 1614 1906 
619 1947 1949 576 2196 
620 1591 1534 1884 1926 
621 1605 1820 1541 2002 
622 1528 1755 1645 1758 
623 1529 1683 1671 1884 
624 1717 1760 1638 2155 
625 1767 1818 1675 1878 
626 1717 1638 2118 2155 
627 1736 1786 1615 2220 
628 1555 1648 1805 2012 
629 1621 1736 1717 1765 
630 901 1657 1730 2147 
631 923 234 1766 2150 
632 1829 1847 1599 1919 
633 1547 1594 1974 2193 
634 480 1822 1194 1920 
635 1629 1703 1668 1869 
636 1608 1829 1810 1894 
637 1537 1861 1695 1939 
638 1680 1787 1572 2067 
639 1560 1714 1603 1983 
640 1529 1671 1702 1764 
641 1560 1604 1759 1806 
642 953 1785 1219 2014 
643 1655 1767 1878 2154 
644 1625 1694 1783 1988 
645 1550 1596 1720 2048 
646 1621 1532 1680 2070 
647 1677 1690 1600 1989 
648 1534 1600 1677 2097 
649 1768 1906 1691 1989 
650 1233 1232 1231 1605 
651 1552 1804 1616 2001 
652 457 1709 1142 1938 
653 1007 317 1606 1794 
654 269 1784 1729 1830 
655 252 923 1766 2150 
656 1695 1718 1537 1939 
657 1807 1905 1902 2036 
658 1529 1671 1683 1749 
659 222 1812 1838 2159 
660 1529 1759 1731 2007 
661 1085 1105 421 2088 
662 1529 1731 1759 1831 
663 835 1809 1746 2075 
664 1168 1655 1833 1885 
665 1668 1869 1703 2095 
666 931 2051 2087 2202 
667 460 1662 1171 1945 
668 1540 1699 1692 2008 
669 1689 1903 447 1960 
670 1551 1807 1647 1887 
671 1960 2015 446 2099 
672 1605 2002 1541 2188 
673 1588 2050 1852 2060 
674 269 1658 951 2150 
675 1642 1704 166 1996 
676 1562 1673 1632 1822 
677 391 1726 1611 2222 
678 1664 1851 1788 1853 
679 1556 1739 1600 1883 
680 1611 1726 391 1819 
681 1156 446 1960 2015 
682 1713 1728 1635 1810 
683 953 1219 296 2014 
684 1810 1829 1571 1894 
685 1547 2024 1594 2193 
686 1240 1656 1613 1808 
687 1535 1737 1702 1959 
688 1038 1732 334 2034 
689 1613 1656 1543 1808 
690 1548 1591 1683 2218 
691 1559 2032 2157 2158 
692 1558 1777 1651 1801 
693 1557 1752 1628 2207 
694 1683 1749 1671 1884 
695 855 1753 1678 1937 
696 1540 1860 1699 2008 
697 1598 1922 1705 2112 
698 1594 1903 1689 1960 
699 907 1698 1716 2106 
700 1648 1906 1841 2012 
701 1588 1852 2031 2060 
702 1603 1579 1772 2004 
703 1638 1760 1574 1856 
704 1746 1809 816 2165 
705 1612 1639 1535 1898 
706 1574 1856 1760 2146 
707 1535 1737 1640 1804 
708 1551 1647 1807 1905 
709 1156 1960 447 2015 
710 1598 1641 1542 2182 
711 1661 2017 1650 2069 
712 874 1937 893 2106 
713 1547 1594 1770 1974 
714 1609 1541 1811 2086 
715 1800 1852 1721 2050 
716 1673 1822 1562 2225 
717 1535 1702 1749 1959 
718 1630 1830 1766 2150 
719 920 256 1741 2010 
720 1659 1731 1549 2128 
721 911 1927 1743 1987 
722 1614 1906 1768 1988 
723 1534 1591 1677 1926 
724 1731 2111 1831 2128 
725 939 1956 1619 2143 
726 1600 1690 1556 1883 
727 147 806 1762 2047 
728 1572 2027 1680 2067 
729 454 1885 1863 2111 
730 1703 1807 1902 2036 
731 589 576 1949 2196 
732 1258 1609 2023 2064 
733 206 1635 1811 2199 
734 1608 1711 1599 1860 
735 942 1830 269 2150 
736 1588 1743 1558 1744 
737 1609 1811 1541 1812 
738 1751 1870 1578 1897 
739 1625 853 1857 2058 
740 1089 1824 416 2091 
741 1683 1727 1529 1731 
742 1762 1789 788 1798 
743 897 1934 1825 2157 
744 1603 1781 1561 2136 
745 802 1926 1677 2047 
746 1266 1248 206 1811 
747 1810 1901 1608 2056 
748 1562 1941 1822 2176 
749 1610 1812 1631 1838 
750 845 166 1996 2195 
751 1092 1660 1782 2046 
752 1537 1695 1861 2028 
753 997 1877 1714 1978 
754 1614 1768 1691 1989 
755 1853 1995 1819 2041 
756 1173 478 460 1661 
757 1733 2079 1921 2210 
758 1694 1904 1783 1988 
759 569 1814 1572 1891 
760 1559 1642 1756 1843 
761 1551 1647 1905 2103 
762 1068 1667 2084 2091 
763 1532 1680 2027 2067 
764 1626 1689 448 1862 
765 1658 1890 1630 1964 
766 966 1790 1674 2104 
767 1028 1993 1613 2045 
768 1560 1877 1714 1983 
769 1542 1705 1725 2112 
770 1617 2019 1003 2104 
771 1631 1901 1734 2056 
772 1546 1758 1755 1908 
773 1529 1884 1671 1948 
774 1638 1840 964 1856 
775 1650 1851 1116 1853 
776 1731 1866 1831 2111 
777 1529 1727 1643 1731 
778 1535 1640 1737 1959 
779 1606 1574 1736 1786 
780 496 1190 1723 2033 
781 1193 1780 1859 2115 
782 1143 1261 1709 1864 
783 561 1590 1787 1873 
784 806 129 1762 2047 
785 1586 1780 1648 2115 
786 1142 1709 457 1864 
787 1597 1905 1647 2103 
788 922 898 1812 2197 
789 1535 1771 1616 1991 
790 1590 1662 1661 1945 
791 1535 1639 1612 2018 
792 1244 1785 1682 2014 
793 1829 1847 1571 2022 
794 153 849 551 1917 
795 388 1095 1836 1851 
796 203 2052 1631 2159 
797 919 1657 1913 1956 
798 1558 1588 1744 2060 
799 1554 1904 1694 1988 
800 1617 1837 1003 2019 
801 1818 1878 1767 2154 
802 1532 2027 1858 2040 
803 1819 1853 390 1995 
804 1647 1807 1593 1887 
805 1534 1677 1600 1883 
806 1739 1795 1208 2215 
807 1622 1926 2083 2158 
808 1558 2050 1588 2060 
809 1660 1782 1641 1961 
810 556 1945 1747 2092 
811 1564 1820 1605 2002 
812 1586 1769 1648 1780 
813 1603 1772 1579 2162 
814 1222 1997 1613 2045 
815 1551 1774 1647 2103 
816 961 1784 269 1830 
817 1760 2100 581 2146 
818 1535 1776 1612 2128 
819 291 1781 1714 2049 
820 1532 1621 2017 2160 
821 1528 1645 1715 2054 
822 153 578 830 1646 
823 1703 1807 1629 1984 
824 1596 1720 1638 1823 
825 1091 416 1776 2091 
826 395 1909 1103 2212 
827 1069 1641 401 1708 
828 499 1693 1194 1941 
829 939 1913 1619 1956 
830 1547 1745 1696 1792 
831 303 1849 1674 2213 
832 1818 1946 1860 2185 
833 203 860 879 2159 
834 234 1630 904 1722 
835 1571 1665 1578 1870 
836 1561 1781 1714 1955 
837 1615 1736 1574 1786 
838 1553 1672 1933 1964 
839 1554 1686 1907 2003 
840 1560 1764 1603 2053 
841 1619 1730 1802 2153 
842 978 1761 1681 2170 
843 1545 1678 2031 2060 
844 1527 1703 1800 1801 
845 204 1734 880 2159 
846 479 1723 1632 1920 
847 1732 1815 1765 2146 
848 1616 1804 1737 1991 
849 1715 1964 1584 2093 
850 269 1830 1658 2150 
851 580 1172 1662 1945 
852 1629 1807 1703 2073 
853 1612 1953 1639 1971 
854 1666 2010 1741 2068 
855 1065 1979 1803 2132 
856 1640 1804 1737 1959 
857 1588 1852 1753 2031 
858 1537 1783 1718 2028 
859 1590 1650 1661 2017 
860 1644 1822 1562 1941 
861 1013 994 1954 2126 
862 569 1572 558 1891 
863 1643 1692 1529 2007 
864 1618 2031 1710 2043 
865 1570 1697 1578 1709 
866 1696 1745 1547 2193 
867 1920 1923 1693 2156 
868 1102 390 1819 1853 
869 478 1662 1661 1723 
870 1191 549 1662 1891 
871 1578 1870 1665 1897 
872 932 1890 1658 1893 
873 1655 1885 1168 2208 
874 1574 1717 1736 1765 
875 1625 1718 1537 1783 
876 556 1590 574 1747 
877 920 1657 238 2010 
878 1608 1894 1599 2022 
879 2027 2040 1532 2067 
880 858 206 188 2199 
881 569 1572 1814 1930 
882 1082 1819 390 1995 
883 1581 1693 1633 2119 
884 1131 454 436 1863 
885 1746 1887 1886 2073 
886 574 556 588 1590 
887 226 907 1698 1965 
888 1675 1878 1818 2154 
889 1532 2017 1788 2160 
890 1856 2100 1760 2146 
891 1721 1800 1558 1801 
892 796 1805 1648 2012 
893 904 1817 1630 1890 
894 192 1744 893 1937 
895 1085 2046 1627 2088 
896 1747 1945 1590 2092 
897 1534 1740 1622 1926 
898 1666 1610 1943 2011 
899 1586 1769 1780 2178 
900 1083 1853 1664 1995 
901 1902 1905 1527 2036 
902 875 178 1694 2142 
903 1564 1605 1832 2002 
904 1219 1785 1244 2014 
905 454 1863 1799 2111 
906 1134 441 1945 2092 
907 1540 1704 1608 1711 
908 1627 1105 2088 2166 
909 1564 1605 1820 2023 
910 1619 1936 1855 1956 
911 1008 323 1027 1797 
912 457 1938 1881 2088 
913 1700 1779 1663 2122 
914 1074 400 1708 1842 
915 1165 1697 475 2038 
916 1703 1902 1527 2036 
917 1612 1587 1953 1971 
918 1661 1723 1632 2138 
919 1528 1918 1768 2108 
920 588 1590 561 1873 
921 825 1926 1914 2195 
922 178 856 1694 1763 
923 1798 1835 1548 2090 
924 1622 1559 1756 2158 
925 188 838 1635 2076 
926 475 1697 1165 1938 
927 1578 1665 1571 1712 
928 1559 1727 1871 1948 
929 790 1690 126 2059 
930 1803 1909 1575 1963 
931 413 1103 1909 2212 
932 1558 1800 1703 1801 
933 1639 1612 2018 2102 
934 1548 1727 1643 1946 
935 772 1814 1891 2033 
936 1527 1721 1779 1801 
937 819 1220 170 2076 
938 1577 1936 1619 1956 
939 1260 1238 1728 1990 
940 1606 1786 299 1840 
941 1582 1682 1564 1994 
942 1639 1535 1898 1971 
943 1548 1762 1789 2218 
944 1564 1778 1605 2023 
945 1559 1653 1843 1871 
946 1645 1719 1546 1867 
947 1008 323 1797 1980 
948 1563 1731 1655 2111 
949 402 1641 1782 1961 
950 589 576 555 1949 
951 844 1756 1926 2195 
952 843 1686 162 2125 
953 1715 1783 1645 1861 
954 1556 1691 1906 1989 
955 1537 1668 1629 1703 
956 922 1812 898 1976 
957 1722 1821 1554 1982 
958 1872 1933 1755 2093 
959 1541 1943 1699 2002 
960 1558 1743 1588 2050 
961 961 1729 269 1784 
962 1053 1999 2072 2091 
963 963 550 1760 1856 
964 1759 1806 1649 1916 
965 1542 1676 1649 1866 
966 967 1796 285 1896 
967 988 1720 1840 2194 
968 1130 436 454 1863 
969 1760 2146 581 2196 
970 1568 1801 1777 1939 
971 1828 2063 1628 2215 
972 1574 1760 1717 2146 
973 1527 1721 1663 1779 
974 269 1658 1729 2209 
975 1650 1851 1788 2017 
976 1665 1897 1870 2022 
977 1547 1696 1700 1792 
978 1574 1736 1717 2118 
979 1532 1788 2070 2160 
980 238 1827 903 2010 
981 1645 1769 1719 1867 
982 1632 2067 1661 2205 
983 1555 1783 1625 1958 
984 203 1901 1631 2052 
985 1083 390 1853 1995 
986 1595 1687 1546 1908 
987 1196 1685 1780 1929 
988 402 1782 1660 1961 
989 286 1729 1796 1896 
990 1584 1658 2028 2093 
991 1735 1807 1537 1902 
992 1535 1612 1776 2018 
993 188 206 857 2199 
994 1240 1263 1613 2045 
995 897 1730 1934 2157 
996 1598 1542 1708 2112 
997 291 976 1714 1955 
998 1534 1677 1740 1926 
999 86 776 1647 1929 
1000 1565 1649 1676 1866 
1001 178 1694 1625 1763 
1002 1151 1868 449 2116 
1003 1527 1721 1800 2085 
1004 1574 2100 1856 2146 
1005 1668 1537 1718 1939 
1006 364 1738 1708 1806 
1007 580 1172 477 1662 
1008 1570 1839 1897 2030 
1009 551 1646 153 1917 
1010 1528 1672 1904 1964 
1011 1763 1805 1555 1857 
1012 1617 1674 2174 2192 
1013 1782 2046 1660 2107 
1014 1550 1779 1721 1801 
1015 1528 1904 1715 1964 
1016 1562 1632 1673 2205 
1017 1092 402 1660 1961 
1018 1552 1620 1706 2021 
1019 1633 1693 1581 1923 
1020 978 1681 2049 2170 
1021 851 176 1944 2058 
1022 1122 1654 413 1754 
1023 178 1625 853 1763 
1024 1715 1755 1933 2093 
1025 1655 1818 1767 2154 
1026 1534 1883 1600 2097 
1027 1535 1986 1776 2128 
1028 1247 819 1713 2076 
1029 1541 1605 1728 1820 
1030 1803 1909 395 2212 
1031 1693 2103 1634 2176 
1032 1007 1606 299 2000 
1033 303 1005 1849 2213 
1034 1551 1593 1807 1887 
1035 478 1190 1662 1723 
1036 565 1717 564 2146 
1037 1734 1811 1541 2199 
1038 1623 1683 1548 2097 
1039 293 1637 1707 1978 
1040 1630 1766 234 2150 
1041 1545 2031 1852 2060 
1042 1823 2118 1596 2155 
1043 883 1653 1843 1996 
1044 1625 870 1844 2142 
1045 1617 1674 1849 2174 
1046 572 1732 594 1765 
1047 1710 1809 1545 1899 
1048 479 1723 1661 2138 
1049 1587 1612 1898 1971 
1050 203 1631 1901 2159 
1051 1620 1536 1761 2021 
1052 1002 299 1786 1840 
1053 844 1756 182 1926 
1054 1241 1613 1222 1682 
1055 1548 1599 1835 1946 
1056 1623 1789 768 1967 
1057 1627 2046 1085 2166 
1058 1615 1815 1732 2034 
1059 920 1657 1741 1913 
1060 1191 549 477 1662 
1061 1532 2070 1621 2160 
1062 1720 1791 1550 2048 
1063 1650 1788 1583 2069 
1064 1660 1881 1112 1961 
1065 1603 1561 1764 2136 
1066 1664 1788 1583 1853 
1067 1557 1971 1752 2207 
1068 1784 1620 2039 2167 
1069 1540 1692 1699 1943 
1070 804 1829 1847 2172 
1071 1560 1603 1772 1983 
1072 1670 1796 1674 2213 
1073 1533 1931 1666 1943 
1074 1657 1843 1653 1871 
1075 1612 1733 1587 1898 
1076 765 1665 114 1846 
1077 932 1893 1658 2062 
1078 1826 2084 1667 2091 
1079 1266 858 188 1635 
1080 1616 1737 1535 1991 
1081 1554 1817 1722 1982 
1082 1593 1648 1805 2105 
1083 1608 1860 1599 1894 
1084 1686 1554 1821 1982 
1085 893 210 1743 1744 
1086 148 1762 1711 1914 
1087 1538 1769 1645 1867 
1088 1055 1708 365 1935 
1089 252 1766 1830 2150 
1090 1528 1715 1645 1755 
1091 1539 1735 1645 1745 
1092 1655 1659 1549 1833 
1093 1645 1745 1735 1902 
1094 1529 2007 1692 2053 
1095 1558 1777 1801 1939 
1096 1581 1858 2027 2040 
1097 1631 1734 1541 2056 
1098 203 1901 860 2159 
1099 1532 2017 1661 2069 
1100 1715 1872 1755 2093 
1101 1597 1538 1685 1929 
1102 1705 1834 1773 1839 
1103 1741 1931 1666 2068 
1104 1614 1768 1554 1988 
1105 1648 1555 1769 1906 
1106 1686 1740 1622 1821 
1107 1594 1547 1770 2024 
1108 1674 1796 303 2213 
1109 1601 1636 1881 1968 
1110 765 96 1665 1846 
1111 474 1938 1165 1973 
1112 1646 1793 829 1917 
1113 1550 1720 1596 1823 
1114 231 910 1893 2098 
1115 1653 1843 1657 2147 
1116 1160 1626 1862 1868 
1117 1756 1926 1622 2158 
1118 1678 2031 1793 2043 
1119 1606 1550 1720 2000 
1120 1631 1901 1704 2052 
1121 1541 1728 1605 2188 
1122 1550 1721 1596 2124 
1123 1015 1877 1772 1983 
1124 1010 350 1997 2045 
1125 574 1590 588 1873 
1126 1613 1808 1543 2081 
1127 988 1840 1720 2000 
1128 1560 1772 1603 2162 
1129 1693 1920 1581 1923 
1130 1616 1750 1575 1963 
1131 1736 1765 1621 2160 
1132 147 1762 1914 2047 
1133 1711 1835 807 1919 
1134 1543 1808 1839 2081 
1135 213 1718 910 2098 
1136 479 1632 1723 2138 
1137 1604 1806 1560 2162 
1138 571 594 1732 1765 
1139 1607 1637 1533 1888 
1140 1582 1564 1742 1994 
1141 1554 1817 1982 2003 
1142 1596 1823 1638 2118 
1143 928 1957 1777 2137 
1144 1590 2017 1661 2067 
1145 1642 1996 166 2195 
1146 1266 1248 1635 2086 
1147 1632 1723 1661 2067 
1148 990 1682 1252 1997 
1149 1634 2040 1693 2176 
1150 1038 334 1732 1815 
1151 1701 1954 1613 2183 
1152 1019 1815 1786 2034 
1153 383 1069 1708 1935 
1154 1672 1850 1737 1959 
1155 1172 477 1662 1945 
1156 1781 2049 958 2143 
1157 203 860 1901 2052 
1158 1674 1539 2174 2192 
1159 1599 1860 1711 1946 
1160 283 1813 985 2019 
1161 1690 1942 1691 2059 
1162 1649 1708 400 1842 
1163 1533 1637 1607 1707 
1164 1010 332 1222 1997 
1165 1863 1885 1659 2111 
1166 1687 2029 1932 2132 
1167 1603 1983 1714 2049 
1168 1717 1736 1531 2118 
1169 1812 1838 1610 2197 
1170 1609 1820 1541 2086 
1171 1684 1794 1045 2055 
1172 1599 1860 1946 2185 
1173 1009 1613 1954 1997 
1174 853 1844 177 2058 
1175 145 802 1740 1876 
1176 1560 1764 1702 2162 
1177 1711 1919 827 2211 
1178 1668 1718 890 2098 
1179 1122 430 1689 1862 
1180 1055 383 1708 1935 
1181 1632 1822 480 1920 
1182 1007 318 1794 2000 
1183 1197 1632 480 1920 
1184 1571 1810 1713 1829 
1185 1025 1652 1837 2055 
1186 939 1781 272 2143 
1187 387 1747 1096 1836 
1188 1534 1749 1683 1884 
1189 1550 1596 1721 1823 
1190 1096 1747 587 1836 
1191 1589 1846 1675 2185 
1192 1559 2157 1843 2158 
1193 466 1626 1160 1868 
1194 1561 1888 1764 2053 
1195 324 1014 1912 1992 
1196 801 1267 1713 2172 
1197 1076 388 1836 1879 
1198 1541 1609 1812 2002 
1199 93 1798 1623 1878 
1200 1835 2090 789 2120 
1201 1546 1595 1908 2024 
1202 1606 1720 1550 1823 
1203 1561 1619 1802 2136 
1204 1838 1943 1610 2011 
1205 1056 1750 360 2026 
1206 1541 1820 1609 2002 
1207 1586 1795 1906 1918 
1208 1116 1851 1650 2092 
1209 1636 1897 1697 1973 
1210 1768 1821 1672 2129 
1211 1616 1575 1804 1991 
1212 1528 1640 1804 2108 
1213 1777 1957 1568 2137 
1214 1582 1564 1682 2081 
1215 1540 1642 1704 1711 
1216 1582 1922 1707 1977 
1217 1208 1795 1739 2145 
1218 1594 2187 1974 2193 
1219 1092 1660 402 1782 
1220 1614 1691 1555 1924 
1221 238 1827 1657 2147 
1222 1603 1579 2074 2162 
1223 1599 1675 1846 2185 
1224 365 1935 1708 1975 
1225 776 1647 1929 2186 
1226 1538 1645 1769 1958 
1227 1055 1708 364 1738 
1228 1600 2080 1690 2135 
1229 1700 1880 1663 2077 
1230 1643 1540 1860 1946 
1231 1766 1830 1630 1874 
1232 1082 1970 1611 1995 
1233 801 134 1267 2172 
1234 1666 1931 1741 2010 
1235 1554 1907 1686 1988 
1236 1627 2046 1656 2107 
1237 479 1661 1173 2138 
1238 1569 1588 1753 1940 
1239 1639 1991 1771 2018 
1240 1168 1655 489 1833 
1241 1559 1657 1730 1802 
1242 1740 2083 824 2125 
1243 1730 1934 1577 1956 
1244 1693 1923 1633 2156 
1245 1080 2029 1932 2222 
1246 1252 1682 1222 1997 
1247 970 1729 286 2209 
1248 989 1796 1729 1980 
1249 1600 1690 1677 2135 
1250 943 1638 1760 2057 
1251 1560 1806 1759 1916 
1252 240 1838 1812 2197 
1253 954 1681 1925 2143 
1254 1532 2017 1787 2067 
1255 395 1909 1803 1963 
1256 1649 1676 1542 2204 
1257 1623 1966 1549 2025 
1258 1694 1763 856 1907 
1259 1613 1682 1582 1997 
1260 1643 1860 1818 1946 
1261 1195 1941 500 1962 
1262 1596 2118 1638 2155 
1263 1539 1735 1745 1792 
1264 1570 1709 1578 1751 
1265 1559 1756 1642 2164 
1266 1560 1759 1604 2162 
1267 423 556 1747 2092 
1268 1841 1906 1795 1942 
1269 1587 1733 1612 1953 
1270 1699 1541 2002 2188 
1271 1789 1967 1677 2047 
1272 1608 1540 1860 2056 
1273 1619 1561 1781 2136 
1274 1620 1624 1536 2167 
1275 1542 1834 1705 2182 
1276 1681 1761 1536 2074 
1277 1620 1784 1624 2167 
1278 1600 1883 1739 2210 
1279 222 240 899 1812 
1280 412 1654 1122 2078 
1281 1658 1729 1553 1830 
1282 453 1146 1659 1863 
1283 1764 2074 1702 2162 
1284 86 1774 775 1962 
1285 1599 1919 1847 2120 
1286 1725 1692 2007 2053 
1287 158 851 1944 2058 
1288 1628 1868 1828 2117 
1289 1827 1838 903 2010 
1290 1534 1677 1591 2097 
1291 796 1648 1805 1972 
1292 1569 1680 1852 2082 
1293 1241 1240 1613 1778 
1294 1569 1753 1716 1940 
1295 575 581 2100 2146 
1296 1645 1861 1783 1958 
1297 1702 1737 1579 2074 
1298 1002 1840 1786 2096 
1299 1244 1682 1785 2023 
1300 1569 1753 1852 2031 
1301 1553 1672 1850 1933 
1302 317 1786 1606 1794 
1303 1600 1966 1623 2025 
1304 234 1630 1722 1766 
1305 901 1730 237 1956 
1306 1605 1839 1808 2081 
1307 1537 1735 1703 1807 
1308 1680 1930 1787 2224 
1309 966 1790 284 1813 
1310 787 768 1789 1967 
1311 1566 1732 1615 1765 
1312 976 1714 292 1978 
1313 1745 1696 1902 2193 
1314 1599 1818 1675 2185 
1315 166 1914 1642 2195 
1316 1696 1792 1745 1902 
1317 1643 1818 1548 1946 
1318 1621 1765 1717 2146 
1319 769 1798 93 1878 
1320 1194 1693 498 1920 
1321 853 1625 177 1844 
1322 171 849 153 1917 
1323 1062 2029 1950 2132 
1324 1191 1662 477 1891 
1325 588 559 561 1787 
1326 1532 1680 1858 2027 
1327 1625 1694 178 2142 
1328 299 1007 317 1786 
1329 1648 1780 1769 2105 
1330 1565 1676 1649 1900 
1331 1549 1612 1733 2005 
1332 1573 1684 1652 2042 
1333 466 1828 1626 1868 
1334 320 1669 1837 1849 
1335 891 214 910 1893 
1336 1676 1799 436 1863 
1337 1712 1728 1571 1990 
1338 1646 1930 1618 2031 
1339 1549 1733 1612 1898 
1340 876 206 1248 1811 
1341 1180 512 2038 2133 
1342 204 1901 1734 2159 
1343 1556 1906 1795 1918 
1344 271 1624 938 1855 
1345 1689 2024 1688 2078 
1346 1550 1823 1721 2201 
1347 1615 1732 1566 1879 
1348 1626 1689 1594 1903 
1349 1550 1721 1779 2201 
1350 1714 1781 1603 2049 
1351 1078 1664 1851 1879 
1352 489 1655 1168 2208 
1353 1724 1797 323 1980 
1354 1825 2157 2032 2158 
1355 1633 1923 778 2156 
1356 1705 1922 1725 2112 
1357 904 1890 1630 2150 
1358 1883 2025 1600 2097 
1359 963 279 550 1856 
1360 454 1799 1885 2111 
1361 1571 1665 1870 2022 
1362 1548 1683 1623 2154 
1363 1533 1707 1922 1977 
1364 1220 1635 838 2076 
1365 1895 1617 2174 2192 
1366 879 860 204 1901 
1367 475 1697 1938 2038 
1368 1527 1663 1700 1779 
1369 1546 1745 1645 1867 
1370 1534 1677 1883 1989 
1371 1595 1688 1687 1932 
1372 1602 1809 1746 2165 
1373 1697 2038 1188 2061 
1374 917 1855 1766 1934 
1375 1773 1839 1834 2030 
1376 829 1793 1646 2134 
1377 1528 1672 1933 2121 
1378 1702 1737 1535 1911 
1379 1569 1753 1588 1852 
1380 1630 1658 1553 1830 
1381 448 1626 1157 1903 
1382 332 990 1252 1997 
1383 876 1811 1248 2065 
1384 1686 2083 1740 2125 
1385 1196 1780 501 1929 
1386 1651 1550 1791 2048 
1387 222 898 240 1812 
1388 1705 1839 1832 2081 
1389 1650 1848 1135 2071 
1390 1678 2075 1809 2113 
1391 1573 1970 1611 1998 
1392 855 1937 1678 2075 
1393 285 1796 1674 1896 
1394 1594 1644 2015 2099 
1395 1686 1907 162 2125 
1396 1027 322 1008 2213 
1397 1558 2060 1744 2095 
1398 1647 1780 1538 1929 
1399 266 1790 966 1813 
1400 292 1714 976 1955 
1401 1539 1755 1861 1872 
1402 1137 427 1770 2099 
1403 291 1714 1781 1955 
1404 1618 1930 1680 2031 
1405 1785 2023 1609 2064 
1406 922 1812 1976 2197 
1407 293 1707 1637 2181 
1408 1528 1918 1719 2054 
1409 1850 1933 1672 2121 
1410 1719 1918 1906 2054 
1411 1592 1796 1729 1872 
1412 1768 1918 1640 2108 
1413 477 1662 1190 1891 
1414 1558 1939 1703 2095 
1415 1622 2032 1559 2158 
1416 1528 1672 1640 1768 
1417 1559 1730 1657 1843 
1418 1534 1671 1749 1884 
1419 1655 1878 1767 2208 
1420 1883 2025 1587 2210 
1421 1582 1682 1613 2081 
1422 790 108 1690 1942 
1423 1211 1723 1192 2114 
1424 1122 1689 430 2078 
1425 1560 1702 1764 2053 
1426 1023 1892 1837 2123 
1427 781 1223 134 2172 
1428 1539 1755 1645 1861 
1429 1582 1832 1922 1977 
1430 317 1002 299 1786 
1431 1554 1907 1988 2003 
1432 1535 1749 1640 1959 
1433 1715 1861 1755 1872 
1434 1558 1668 1939 2095 
1435 1559 1843 1657 1871 
1436 1554 1686 1614 1988 
1437 400 1073 382 1708 
1438 574 1747 1590 1873 
1439 1543 1839 1705 2081 
1440 1228 2127 1751 2133 
1441 1594 1770 1644 2099 
1442 1565 1759 1649 1866 
1443 1640 1587 1883 1898 
1444 1706 1620 1992 2021 
1445 1572 1787 1680 1930 
1446 1618 1710 1545 2119 
1447 1595 1932 1687 2029 
1448 413 1909 1654 2212 
1449 848 171 153 1917 
1450 807 1919 1835 2120 
1451 879 1901 204 2159 
1452 1561 1714 1888 1955 
1453 1587 2025 1898 2210 
1454 1700 1792 1696 2077 
1455 978 1761 307 2219 
1456 1078 1851 388 1879 
1457 167 846 827 2211 
1458 1769 2105 1780 2178 
1459 1746 1551 1887 2073 
1460 1161 494 1709 2133 
1461 1618 1545 1710 2031 
1462 1591 1789 1762 2218 
1463 1527 1663 1721 2085 
1464 1560 1607 1725 1888 
1465 276 1666 1854 2181 
1466 1654 1687 1546 2078 
1467 1654 1546 1689 2078 
1468 1680 1787 1621 2224 
1469 1573 1611 1970 2042 
1470 1174 1941 1644 2015 
1471 1777 1568 2098 2137 
1472 883 1653 2052 2147 
1473 869 1753 2106 2151 
1474 1157 1626 466 1903 
1475 1693 1941 499 1962 
1476 1586 1648 1769 1841 
1477 1881 1938 1570 2088 
1478 1597 1941 1693 1962 
1479 177 1625 870 1844 
1480 1712 1713 1571 1728 
1481 1575 1803 1654 1909 
1482 1787 1930 560 2224 
1483 890 1668 194 1844 
1484 1188 1973 1697 2020 
1485 1695 1969 1861 2028 
1486 781 1712 1223 2172 
1487 1768 1906 1556 1918 
1488 1098 1882 1726 2217 
1489 1152 2071 1945 2092 
1490 352 1732 1615 1879 
1491 1671 2037 1821 2129 
1492 1661 2017 1532 2067 
1493 1684 2006 1652 2042 
1494 1585 1717 2155 2196 
1495 1729 1896 286 2209 
1496 1605 1778 1564 1832 
1497 1631 1541 1943 2056 
1498 216 1722 904 1817 
1499 1599 1894 1860 2022 
1500 1537 1718 1695 2028 
1501 1171 1662 477 1945 
1502 1830 1874 1766 2167 
1503 391 1819 1726 1882 
1504 1558 1800 1721 2050 
1505 1616 1771 1575 1991 
1506 1603 1579 2004 2074 
1507 1629 1844 176 1869 
1508 1708 1935 1598 1975 
1509 1597 1696 1538 1905 
1510 1574 1786 1606 1840 
1511 1601 1834 1660 1881 
1512 86 104 775 1774 
1513 1721 1852 1800 2085 
1514 1761 2004 1992 2016 
1515 269 951 1658 2209 
1516 1717 2146 1760 2196 
1517 1527 1700 1663 2077 
1518 1563 1643 1731 1866 
1519 1927 2048 930 2051 
1520 1563 1655 1731 1818 
1521 874 192 893 1937 
1522 185 1704 860 2052 
1523 421 2046 1085 2088 
1524 1621 1873 1787 2017 
1525 1542 1649 1759 1866 
1526 1585 2155 1760 2196 
1527 155 1678 855 1753 
1528 1090 1649 1900 2072 
1529 896 1812 1811 2065 
1530 293 1637 2068 2181 
1531 1610 1943 1541 2002 
1532 1539 1645 1755 1908 
1533 1619 1913 1802 1956 
1534 1692 1727 1529 1948 
1535 1074 400 382 1708 
1536 1601 1570 1834 1881 
1537 1537 1703 1629 1984 
1538 1604 1702 1759 1986 
1539 1167 1733 470 1833 
1540 1529 1702 1749 1831 
1541 1051 1935 1701 2223 
1542 1607 1560 1738 1877 
1543 1534 1591 1884 2097 
1544 1160 1626 448 1862 
1545 1560 1725 1607 2112 
1546 320 1669 1849 2200 
1547 1539 1849 1674 2174 
1548 223 880 1734 1812 
1549 796 1972 1805 2144 
1550 1716 1753 1588 1940 
1551 1663 2160 1788 2201 
1552 1228 1709 2127 2133 
1553 1711 1762 1642 1914 
1554 1668 1703 1537 1939 
1555 280 964 1840 1856 
1556 551 1646 1917 2101 
1557 1586 1841 1769 1906 
1558 309 1714 1983 2049 
1559 1553 1658 1630 1964 
1560 1260 1267 1223 2172 
1561 1567 1872 1715 2093 
1562 457 1124 1864 2088 
1563 1562 1644 1696 1974 
1564 1563 1773 1643 1866 
1565 1759 1831 1565 1986 
1566 1554 1982 1686 2003 
1567 1653 1657 1576 1827 
1568 1595 1688 1932 2189 
1569 1535 1749 1702 1831 
1570 1742 1854 1666 2181 
1571 938 252 1766 1830 
1572 1592 1872 1729 2093 
1573 1677 1876 802 2135 
1574 1730 1559 2032 2157 
1575 1629 1668 1537 1844 
1576 1640 1768 1556 1918 
1577 1751 2127 1709 2133 
1578 1553 1630 1830 2167 
1579 598 117 1646 1814 
1580 875 1694 2066 2142 
1581 1628 2063 1795 2215 
1582 784 1846 1847 2120 
1583 1569 1852 1588 1940 
1584 1799 2089 1131 2216 
1585 1600 1739 1690 2145 
1586 1682 1994 1582 1997 
1587 1732 572 1815 2146 
1588 1549 1966 1733 2210 
1589 1620 1761 1681 2219 
1590 861 1810 1734 1901 
1591 1241 1240 1263 1613 
1592 1578 1709 1697 2038 
1593 416 1824 1776 2091 
1594 1744 1937 1588 2106 
1595 1732 1815 334 2034 
1596 364 1055 382 1806 
1597 1134 423 441 2092 
1598 1258 2023 1785 2064 
1599 1601 1881 1636 2030 
1600 1703 1939 1668 2095 
1601 1802 1913 1657 1956 
1602 1530 1705 1773 1839 
1603 1619 1802 1730 1956 
1604 1222 1613 1263 2045 
1605 893 2106 1743 2202 
1606 1537 1861 1645 1958 
1607 142 1763 834 1857 
1608 395 1803 1075 1963 
1609 1754 1868 1752 2116 
1610 491 1186 1767 1973 
1611 1091 1667 1776 2018 
1612 1529 1749 1683 1831 
1613 1542 1708 1649 1842 
1614 1867 1903 1594 2178 
1615 1929 1941 1597 1962 
1616 1620 1681 1925 2219 
1617 1573 1748 1970 1998 
1618 223 1734 880 1811 
1619 183 864 1756 1996 
1620 1567 1729 1796 1872 
1621 1583 1853 1819 2041 
1622 1559 1843 1756 2158 
1623 590 279 982 2100 
1624 883 1843 1653 2147 
1625 1772 1983 1603 2004 
1626 1128 1953 1144 2116 
1627 282 1720 969 1791 
1628 1702 1831 1759 1986 
1629 1100 1819 391 1882 
1630 1607 1560 1877 1888 
1631 1659 1885 1655 2111 
1632 1534 1622 1740 1821 
1633 1883 2207 1739 2210 
1634 1660 1834 1570 1881 
1635 1594 1689 1626 1867 
1636 1981 1992 1620 2219 
1637 1549 1623 1683 2154 
1638 1626 1867 1689 1910 
1639 1760 2155 1717 2196 
1640 1610 1977 1943 2002 
1641 854 1985 174 2075 
1642 1620 1981 1724 1992 
1643 1639 1953 1612 2102 
1644 1156 447 1903 2015 
1645 343 1992 1012 2016 
1646 1638 1720 1596 2087 
1647 1732 1765 572 2146 
1648 2009 2027 1581 2119 
1649 1657 1802 1559 1871 
1650 1688 1960 1770 2024 
1651 1541 1811 1734 1812 
1652 1613 1682 1241 1778 
1653 1658 1830 1630 2150 
1654 1187 505 1921 2079 
1655 1622 1982 1825 2083 
1656 1087 1641 402 1961 
1657 1582 1742 1564 1977 
1658 1680 2070 1852 2082 
1659 1743 1744 1588 2106 
1660 1774 1887 794 2165 
1661 1529 1692 1948 2053 
1662 1630 1874 1830 2167 
1663 194 1844 1668 1869 
1664 1686 1907 1614 1988 
1665 776 104 86 1647 
1666 1833 2184 1655 2208 
1667 966 284 1790 2104 
1668 324 1018 1724 1912 
1669 597 849 171 1757 
1670 1847 1919 1829 2120 
1671 1605 1832 2002 2188 
1672 195 1844 870 2142 
1673 331 1013 994 1954 
1674 1175 1903 1685 2015 
1675 1215 1920 1693 2156 
1676 292 1637 1714 1955 
1677 1667 1771 1535 2018 
1678 1699 2002 1832 2188 
1679 292 1714 1637 1978 
1680 1629 1593 1886 1984 
1681 494 1180 2038 2133 
1682 1532 2067 2040 2205 
1683 413 1754 1654 1909 
1684 1548 1835 1762 1946 
1685 388 1851 1836 1879 
1686 1639 1754 1752 2116 
1687 1547 1700 1696 1974 
1688 448 1689 1136 1862 
1689 1556 1795 1906 1942 
1690 786 126 1690 1876 
1691 129 1789 1762 2047 
1692 1553 1784 2039 2167 
1693 1715 1567 1861 1872 
1694 1584 2028 1715 2093 
1695 829 153 1646 1917 
1696 1662 1787 1572 1891 
1697 984 303 1674 1796 
1698 1729 1784 1553 1830 
1699 1626 1828 466 1859 
1700 1535 1616 1667 1911 
1701 1645 1755 1715 1861 
1702 788 1835 1798 2090 
1703 901 1657 237 1730 
1704 1691 1906 1841 1942 
1705 1590 1661 1650 2071 
1706 943 262 1638 2057 
1707 1563 1767 1655 1818 
1708 1054 364 382 1806 
1709 1645 1958 1783 2054 
1710 323 1724 1018 1797 
1711 770 2044 1846 2090 
1712 1552 1737 1616 1804 
1713 276 956 1742 1854 
1714 1541 1812 1610 2002 
1715 1713 1810 1635 2076 
1716 324 1912 1724 1992 
1717 378 1963 1056 2026 
1718 1528 2108 1804 2121 
1719 1735 1792 1539 1895 
1720 1534 1821 1768 2129 
1721 1546 1758 1908 2140 
1722 1561 1619 1781 1913 
1723 1542 1641 1708 1842 
1724 906 1949 555 1965 
1725 1546 2024 1689 2078 
1726 1540 1642 1711 1946 
1727 401 1708 1641 1842 
1728 1774 1962 1647 2103 
1729 1619 1561 1802 1913 
1730 174 1937 855 2075 
1731 1693 1822 1632 1920 
1732 482 1685 1196 1941 
1733 488 1733 1167 1833 
1734 488 1184 1733 1833 
1735 1602 1746 2073 2165 
1736 1685 1594 1903 2178 
1737 1561 1802 1764 2136 
1738 559 1662 549 1891 
1739 872 194 176 1869 
1740 1602 1944 1746 2075 
1741 943 1638 262 1760 
1742 1686 1982 1622 2083 
1743 1613 1778 1808 2081 
1744 111 768 93 1798 
1745 1649 1842 1676 2204 
1746 1753 1793 1678 2031 
1747 1643 1692 2007 2008 
1748 1623 1789 1548 1798 
1749 1606 1550 2000 2006 
1750 1689 1867 1546 1910 
1751 1593 1958 1857 1984 
1752 994 1994 1954 2126 
1753 1142 1709 475 1938 
1754 1618 2009 1710 2119 
1755 964 262 1638 1856 
1756 1560 1607 1738 2112 
1757 1645 1735 1539 1861 
1758 1133 441 423 2092 
1759 1531 1721 1663 1852 
1760 181 859 1982 2083 
1761 1883 1898 1587 2025 
1762 402 1641 1069 1935 
1763 1537 1807 1703 1984 
1764 365 1708 1055 1975 
1765 826 148 166 1711 
1766 500 1941 1929 1962 
1767 950 931 2051 2087 
1768 1174 463 1644 1941 
1769 1675 1798 1548 2090 
1770 1122 1754 431 1862 
1771 550 1856 590 2100 
1772 550 279 590 1856 
1773 443 1140 1673 1848 
1774 1618 1545 2027 2119 
1775 1231 1808 1751 2127 
1776 1208 1942 1795 2145 
1777 1850 2039 1620 2167 
1778 1733 1833 1549 2005 
1779 1618 1680 1930 2027 
1780 1652 1684 1573 2055 
1781 276 1742 956 2181 
1782 1602 1899 1809 2165 
1783 1532 1788 1663 2070 
1784 1682 2014 1785 2023 
1785 1674 1969 1539 2192 
1786 1688 1770 1547 2024 
1787 1549 1831 1683 2025 
1788 1837 1849 1617 2104 
1789 1717 1816 567 1947 
1790 1578 1712 1571 1870 
1791 1569 1816 1680 2082 
1792 1673 1848 1650 2071 
1793 1217 1841 780 2115 
1794 145 1740 802 1926 
1795 1542 2007 1725 2008 
1796 1618 2027 2009 2119 
1797 1193 1859 502 2115 
1798 1635 1541 1811 2199 
1799 1704 1901 1631 2056 
1800 1670 1674 1539 1849 
1801 908 1777 1987 2098 
1802 1616 1579 1737 2021 
1803 1074 1708 401 1842 
1804 1549 1833 1733 1966 
1805 1569 1930 1646 2031 
1806 1161 1709 1249 2133 
1807 919 237 1657 1956 
1808 1534 1683 1749 2025 
1809 283 1791 1813 2019 
1810 163 843 824 2083 
1811 1260 1712 1238 1990 
1812 471 1168 1833 1885 
1813 1645 1745 1546 1908 
1814 1659 1549 1833 2005 
1815 934 1785 1976 2064 
1816 788 1762 129 1789 
1817 960 1637 1955 2068 
1818 1538 1696 1902 1905 
1819 1871 2035 1540 2173 
1820 1062 1950 1775 2132 
1821 1568 1695 1939 2098 
1822 216 1817 885 1982 
1823 1703 1807 1735 1902 
1824 1691 1906 1555 2012 
1825 1770 1960 446 2099 
1826 969 2048 1720 2194 
1827 1534 1740 1677 1876 
1828 956 1742 1854 2014 
1829 148 827 166 1711 
1830 1592 1933 1729 2039 
1831 819 1247 1220 2076 
1832 478 496 1190 1723 
1833 1581 1723 1632 2040 
1834 1607 1533 1725 1888 
1835 1673 1848 1140 2179 
1836 324 1724 999 1992 
1837 1697 2020 1665 2061 
1838 594 1732 572 1815 
1839 1552 1724 1620 2039 
1840 1761 2021 1536 2074 
1841 1549 1683 1623 2025 
1842 1700 1663 1880 2122 
1843 773 81 1814 1891 
1844 1752 1971 1587 2207 
1845 1166 1953 1921 2117 
1846 1663 2070 2160 2201 
1847 931 2087 245 2202 
1848 1657 1827 1653 2147 
1849 1745 1792 1735 1902 
1850 947 1896 1790 2137 
1851 1881 1938 1636 2030 
1852 1582 1977 1564 2081 
1853 93 769 111 1798 
1854 1761 1992 1706 2016 
1855 194 871 176 1869 
1856 128 1677 1967 2047 
1857 893 913 2106 2202 
1858 261 963 1760 1856 
1859 1630 1722 1554 1817 
1860 210 913 893 1743 
1861 1644 1597 1696 2187 
1862 1528 1719 1645 2054 
1863 1629 1944 176 2058 
1864 1191 477 495 1891 
1865 1665 1712 1578 2177 
1866 1652 1794 318 2000 
1867 1079 393 2029 2132 
1868 1549 1731 1683 1831 
1869 284 1813 1790 2192 
1870 579 1947 1757 1965 
1871 1216 1920 84 1923 
1872 1914 1926 1756 2195 
1873 477 1190 495 1891 
1874 1827 2052 1653 2147 
1875 1736 2160 2070 2201 
1876 1143 1709 458 1864 
1877 1533 1922 1832 1977 
1878 1619 1936 1577 2153 
1879 314 1682 990 1997 
1880 1728 1605 1870 1990 
1881 1648 1769 1841 1906 
1882 1556 1906 1768 1989 
1883 1542 1725 1705 2008 
1884 1567 1796 1729 1896 
1885 934 1785 1854 1976 
1886 1606 1823 1550 2006 
1887 1594 1644 1770 1974 
1888 1531 1823 1596 2155 
1889 1771 2018 1088 2190 
1890 564 1816 1717 2224 
1891 1542 1916 1708 2112 
1892 1538 1780 1685 1929 
1893 949 265 1651 1957 
1894 1597 1929 1685 1941 
1895 1592 1729 1981 2039 
1896 1534 1671 1821 2129 
1897 1592 1797 1724 1980 
1898 1556 1739 1883 2207 
1899 1538 1696 1597 2187 
1900 1553 1729 1933 2039 
1901 1548 1683 1727 2218 
1902 1164 1636 474 1973 
1903 1080 1932 1726 2222 
1904 1680 1816 2070 2082 
1905 1564 1977 1832 2081 
1906 1640 1768 1672 2129 
1907 1530 1839 1773 2030 
1908 276 1854 1742 2181 
1909 1567 1729 1872 2093 
1910 237 1657 901 2147 
1911 1589 1675 1818 2185 
1912 1192 496 478 1723 
1913 1538 1902 1807 1905 
1914 443 1848 1673 2071 
1915 1557 1752 1639 1754 
1916 1539 1735 1895 1969 
1917 1533 1699 1692 1943 
1918 1606 1840 299 2000 
1919 1228 1709 1257 2127 
1920 1530 1643 1773 2008 
1921 1547 1974 1696 2193 
1922 1621 1717 2070 2082 
1923 1565 1831 1759 1866 
1924 1088 1771 397 2018 
1925 1531 1596 1823 2050 
1926 1574 1606 1736 2118 
1927 1595 1687 1908 2132 
1928 1533 1666 1637 1707 
1929 1597 1647 1962 2103 
1930 1628 1795 1586 1918 
1931 1569 1680 1930 2031 
1932 1592 1933 1872 2093 
1933 1573 1998 1611 2042 
1934 1535 1831 1702 1986 
1935 1590 1787 2017 2067 
1936 842 168 1810 1901 
1937 1159 1673 2179 2225 
1938 1535 1612 1898 2128 
1939 1663 2070 1788 2160 
1940 1954 2081 1613 2183 
1941 997 328 1877 1978 
1942 1770 1960 1594 2024 
1943 1530 1773 1705 2008 
1944 976 309 291 1714 
1945 1537 1783 1861 1958 
1946 1535 1771 1991 2018 
1947 1596 2087 2051 2202 
1948 1734 1810 861 2199 
1949 1722 1825 1821 1982 
1950 1535 1776 1667 2018 
1951 855 173 1753 1937 
1952 262 962 1760 1856 
1953 1614 1740 1534 1989 
1954 469 1163 1921 1953 
1955 1568 1939 1777 2098 
1956 270 1624 1784 1830 
1957 1622 2083 1825 2158 
1958 1637 1666 2068 2181 
1959 1190 1891 1662 2033 
1960 1923 2009 1581 2119 
1961 1563 1655 1885 2111 
1962 1534 1821 1671 2032 
1963 1094 1909 395 1963 
1964 1608 1901 1810 2211 
1965 1833 1966 1549 2184 
1966 1548 1798 1762 1835 
1967 1641 1834 1542 2182 
1968 1728 1870 1571 1990 
1969 1195 499 1941 1962 
1970 1039 595 333 1732 
1971 1619 2049 1781 2143 
1972 1592 1729 1980 1981 
1973 874 1753 173 1937 
1974 1755 1908 1758 2140 
1975 949 1651 265 2048 
1976 1559 1871 1802 1948 
1977 1180 1915 512 2133 
1978 270 1784 1624 1925 
1979 1696 1527 1902 1905 
1980 1587 1640 1883 2207 
1981 885 1817 198 1982 
1982 121 1746 816 2165 
1983 1601 2130 1636 2191 
1984 1622 1926 1756 2164 
1985 471 1833 1659 1885 
1986 1603 2004 1983 2170 
1987 1539 1745 1645 1908 
1988 1890 1893 912 2066 
1989 1198 1859 1828 2063 
1990 397 1667 1091 2018 
1991 1608 1711 1704 2211 
1992 1586 1906 1719 1918 
1993 1604 1759 1702 2162 
1994 550 1760 1856 2100 
1995 1541 1894 1728 2188 
1996 1599 1711 1608 1919 
1997 1721 1663 1779 2201 
1998 284 1790 2104 2192 
1999 1651 1813 1791 2169 
2000 1237 1635 1728 2086 
2001 1003 320 1837 1849 
2002 1582 1832 1977 2081 
2003 1848 2179 1583 2203 
2004 862 1982 1686 2083 
2005 979 1742 312 2181 
2006 1554 1768 1672 1904 
2007 850 1793 1753 1917 
2008 1649 1542 1842 2204 
2009 1703 1629 2073 2095 
2010 423 556 596 1747 
2011 401 1641 1087 1842 
2012 1724 1912 1706 1992 
2013 1746 1886 832 1944 
2014 1761 1992 993 2219 
2015 1237 1635 1713 1728 
2016 1055 1738 364 1975 
2017 1584 1817 1694 2066 
2018 926 2057 1698 2087 
2019 423 596 1115 1747 
2020 407 1848 1116 1853 
2021 1719 1769 1645 2054 
2022 1533 1943 1666 1977 
2023 576 1947 579 1965 
2024 1681 2049 1619 2143 
2025 494 1161 1218 2133 
2026 835 1746 139 1944 
2027 1731 1818 1655 2154 
2028 1730 2032 1825 2157 
2029 1733 1966 1187 2079 
2030 1663 2077 1880 2085 
2031 1541 1728 1635 2086 
2032 1098 410 1726 1932 
2033 1932 2029 393 2132 
2034 113 2090 1846 2120 
2035 430 1689 1119 2078 
2036 1714 1877 1560 1888 
2037 1952 1973 1767 2130 
2038 930 1927 1651 2048 
2039 1739 1921 1183 2079 
2040 1636 1938 1881 1968 
2041 1797 1912 1750 2163 
2042 1613 1582 1954 1997 
2043 147 806 129 1762 
2044 1667 1776 1535 1986 
2045 1733 1898 1549 2210 
2046 1672 1821 1554 1874 
2047 850 155 1753 1793 
2048 1542 1649 1708 1916 
2049 1043 1775 1950 2131 
2050 1643 1731 1548 1818 
2051 237 1730 1657 1956 
2052 1737 1804 1535 1991 
2053 142 1805 1763 1857 
2054 352 1879 1615 2034 
2055 1687 1580 1908 2132 
2056 1832 1839 1605 2081 
2057 1852 2070 1858 2085 
2058 1615 1574 1736 1765 
2059 1707 1742 1582 1977 
2060 953 278 1785 2014 
2061 1098 391 1726 1882 
2062 1745 1908 1595 2024 
2063 325 1012 1992 2004 
2064 1846 2090 1599 2120 
2065 770 1675 2044 2090 
2066 1687 1595 2029 2132 
2067 1645 1867 1745 2193 
2068 1573 1892 1684 1970 
2069 1638 1823 1720 2118 
2070 939 254 1956 2143 
2071 114 1846 1665 1847 
2072 1260 1713 1267 2172 
2073 1622 1756 1559 2164 
2074 253 938 1766 1855 
2075 1703 1735 1527 1902 
2076 84 1923 1920 2156 
2077 1556 1691 1690 1942 
2078 134 1223 1267 2172 
2079 1632 1723 1581 1920 
2080 969 2087 2048 2194 
2081 1575 1771 1616 1963 
2082 1087 1961 419 2089 
2083 1068 379 1826 2084 
2084 1684 1892 1044 1970 
2085 1542 1773 1705 1834 
2086 1596 1698 2087 2202 
2087 1772 1999 344 2016 
2088 286 1796 967 1896 
2089 1751 1870 1605 1990 
2090 1586 1795 1841 1906 
2091 860 1704 185 1901 
2092 1529 1683 1731 1831 
2093 1085 422 1105 2166 
2094 1532 1858 1680 2070 
2095 922 240 898 2197 
2096 880 1734 205 1811 
2097 1564 1778 1682 2081 
2098 1529 1727 1683 1884 
2099 421 1660 1092 2046 
2100 1244 1778 1682 2023 
2101 1682 1778 1613 2081 
2102 1756 1926 1914 2164 
2103 81 772 1814 1891 
2104 1755 1758 1580 2140 
2105 1095 1747 387 1836 
2106 145 821 1740 1926 
2107 160 1763 853 1857 
2108 1696 1527 1792 1902 
2109 1752 1953 1144 2117 
2110 570 562 565 1873 
2111 870 1625 178 2142 
2112 1781 2049 1619 2136 
2113 558 559 549 1891 
2114 984 1674 285 1796 
2115 449 1862 1754 1868 
2116 1240 2161 1656 2175 
2117 1570 1601 1834 2030 
2118 287 1729 961 1784 
2119 129 808 147 1762 
2120 466 1828 1178 1859 
2121 905 1949 1965 2057 
2122 804 1847 133 2172 
2123 1593 1807 1647 2105 
2124 1754 1909 1639 2180 
2125 1730 1802 1657 1956 
2126 1832 1922 1705 2183 
2127 1573 1748 1892 1970 
2128 262 945 1638 2057 
2129 1674 1790 285 1896 
2130 1681 1619 2049 2136 
2131 919 1657 237 1913 
2132 139 1746 832 1944 
2133 1087 419 1842 2089 
2134 966 1674 285 2104 
2135 1573 1892 1837 2055 
2136 284 2104 1813 2192 
2137 475 1938 1709 2038 
2138 1531 2070 1717 2082 
2139 1623 1600 2025 2097 
2140 1528 1719 1918 2108 
2141 564 567 1717 1816 
2142 1861 1939 1735 1969 
2143 170 1220 838 2076 
2144 1579 1737 1702 1911 
2145 86 1647 104 1774 
2146 1607 1877 1714 1888 
2147 1697 1897 1636 2030 
2148 812 2009 2043 2134 
2149 1220 1713 1635 2076 
2150 1656 1808 1627 2107 
2151 1651 1791 1550 2169 
2152 1527 1696 1792 2077 
2153 1705 1598 2182 2183 
2154 1535 1831 1986 2128 
2155 811 578 598 1646 
2156 174 1985 1937 2075 
2157 910 213 891 1718 
2158 907 1716 208 2106 
2159 1657 1741 1576 2010 
2160 1536 1764 1671 2153 
2161 1045 1794 1684 1889 
2162 1602 2073 1899 2165 
2163 1545 1852 1800 2060 
2164 1622 1825 2032 2158 
2165 1690 1691 1556 1989 
2166 949 1651 247 1957 
2167 938 1624 270 1830 
2168 1563 1731 1643 1818 
2169 1624 1830 1766 2167 
2170 1597 1644 1941 2187 
2171 1544 1684 1995 2041 
2172 1571 1712 1665 2177 
2173 1692 1888 1725 1931 
2174 887 579 1757 1965 
2175 1772 1579 1999 2016 
2176 590 1856 279 2100 
2177 1687 1932 393 2132 
2178 459 1171 477 1945 
2179 873 1869 1744 1985 
2180 1148 1612 1953 2102 
2181 1167 1833 470 2005 
2182 1638 2087 945 2194 
2183 1637 1888 1714 1955 
2184 1084 2132 1803 2212 
2185 1587 1898 1640 1971 
2186 1530 1699 1860 2008 
2187 1172 459 477 1945 
2188 1750 1912 1797 1979 
2189 1652 1573 1837 2055 
2190 1683 1831 1749 2025 
2191 1721 1663 1852 2085 
2192 1534 2025 1883 2097 
2193 1201 2079 1966 2080 
2194 1554 1722 1630 1874 
2195 1740 1876 1534 1989 
2196 1595 1908 1775 2132 
2197 1530 1705 1699 2008 
2198 1623 1549 1966 2184 
2199 580 1172 549 477 
2200 1579 1616 1826 2016 
2201 324 1992 999 2219 
2202 765 96 114 1665 
2203 1704 2035 1631 2052 
2204 1635 1811 1541 2086 
2205 1745 1998 1547 2189 
2206 1784 1981 1729 2039 
2207 2050 2106 1698 2202 
2208 377 1075 1803 1963 
2209 1189 1828 485 2215 
2210 389 1664 1083 1853 
2211 1035 364 1738 1975 
2212 1810 1901 168 2211 
2213 1695 2098 1568 2137 
2214 1090 1900 1824 2072 
2215 890 195 1718 1844 
2216 1078 1664 389 1851 
2217 1629 1869 176 1944 
2218 1822 1875 1562 2225 
2219 1720 1823 1606 1840 
2220 252 923 234 1766 
2221 1591 1884 1683 2218 
2222 571 572 594 1765 
2223 1535 1737 1616 1911 
2224 1535 1804 1640 1991 
2225 1527 2077 1663 2085 
2226 1550 1651 1801 2124 
2227 251 269 951 2150 
2228 988 299 1840 2000 
2229 796 124 1805 2012 
2230 1553 1874 1630 2167 
2231 1555 1614 1924 1988 
2232 1539 1792 1745 1951 
2233 1790 1896 1674 1969 
2234 835 139 1746 1809 
2235 285 1674 966 1790 
2236 1755 1580 1908 2140 
2237 1709 1938 1697 2038 
2238 402 1782 1641 1935 
2239 1586 1648 1841 2115 
2240 1622 1740 1686 2083 
2241 285 1790 966 1896 
2242 821 1926 841 2083 
2243 1627 1660 2046 2107 
2244 222 204 880 2159 
2245 406 1851 1116 2092 
2246 1636 1601 2030 2130 
2247 766 114 96 1665 
2248 1586 1769 1719 1906 
2249 386 2161 1066 2175 
2250 1530 1860 1643 2008 
2251 498 480 1194 1920 
2252 901 219 1730 2157 
2253 1629 1844 1537 1984 
2254 1533 1699 1943 1977 
2255 1641 1842 1542 2204 
2256 463 1875 1644 1941 
2257 1721 1823 1596 2050 
2258 272 1781 958 2143 
2259 1540 1608 1704 2056 
2260 1615 1574 1765 1815 
2261 1065 1803 376 2132 
2262 126 1690 1876 2059 
2263 400 1090 1649 1900 
2264 1584 1890 1817 2066 
2265 1546 1745 1867 2024 
2266 251 942 269 2150 
2267 1616 1771 1667 2084 
2268 1712 1870 1578 1990 
2269 296 1682 972 2014 
2270 466 1157 448 1626 
2271 1678 1753 155 1793 
2272 226 1965 1698 2057 
2273 1639 1953 1752 1971 
2274 1139 1679 427 2099 
2275 1545 1618 2027 2031 
2276 1160 466 448 1626 
2277 1536 1671 1764 1959 
2278 1699 1943 1541 2056 
2279 1715 1904 1584 1964 
2280 103 1633 778 2156 
2281 413 1113 1754 1909 
2282 1637 1707 1666 2181 
2283 823 1810 1829 2076 
2284 1535 1991 1639 2018 
2285 553 1020 333 1815 
2286 223 1734 1811 1812 
2287 1717 1765 1574 2146 
2288 237 1657 920 1913 
2289 1192 479 497 1723 
2290 1647 1807 1538 2105 
2291 1164 1952 1636 1973 
2292 1666 1943 1610 1977 
2293 1711 1642 1762 2218 
2294 135 153 830 1646 
2295 135 811 117 1646 
2296 928 1777 230 2137 
2297 351 1058 1732 1836 
2298 979 312 1742 1994 
2299 1543 1808 1656 2107 
2300 784 113 1846 2120 
2301 1763 1924 1907 1988 
2302 271 1624 1855 2143 
2303 1572 1618 1814 1930 
2304 1631 2035 1704 2056 
2305 1620 1536 1850 2167 
2306 1626 1859 466 1903 
2307 932 1658 951 2209 
2308 549 580 477 1662 
2309 352 1040 1879 2034 
2310 252 234 917 1766 
2311 1570 1834 1660 2107 
2312 1534 1876 1677 1989 
2313 242 915 1976 2064 
2314 1574 1615 1786 1815 
2315 1553 1630 1874 1964 
2316 1951 1998 1745 2189 
2317 1580 1687 1803 2132 
2318 1684 1892 1573 2055 
2319 1218 1161 1249 2133 
2320 1237 1713 1260 1728 
2321 1826 1999 1579 2016 
2322 162 843 180 1686 
2323 1719 1867 1769 2178 
2324 1761 2016 1706 2021 
2325 957 270 1624 1925 
2326 1636 1938 474 1973 
2327 1640 1672 1959 2129 
2328 400 1649 1090 2072 
2329 1193 501 1685 1859 
2330 859 2083 841 2158 
2331 1574 1840 1606 2118 
2332 551 1917 1757 2101 
2333 1541 1820 1728 2086 
2334 928 1777 247 1927 
2335 457 1881 1127 2088 
2336 897 217 1825 1934 
2337 828 1907 161 1924 
2338 928 247 1777 1957 
2339 161 1763 837 1924 
2340 265 1813 1651 1957 
2341 438 1112 1881 1961 
2342 408 1102 1819 1853 
2343 1625 1537 1718 1844 
2344 498 1197 480 1920 
2345 113 789 2090 2120 
2346 1867 2178 1594 2187 
2347 504 1739 1208 2215 
2348 1576 1871 1653 2035 
2349 1698 1716 1585 1965 
2350 570 1873 565 2148 
2351 1799 1863 1676 2111 
2352 1750 1979 1797 2163 
2353 1068 1826 380 2091 
2354 1552 1737 1804 1850 
2355 1589 1767 1973 2130 
2356 829 153 135 1646 
2357 810 135 117 1646 
2358 1260 1223 1712 2172 
2359 945 1638 2057 2087 
2360 154 829 1793 1917 
2361 1605 1808 1778 2081 
2362 286 1729 989 1796 
2363 147 1762 808 1914 
2364 1017 329 1865 2214 
2365 863 1756 201 1843 
2366 825 1914 1926 2047 
2367 1722 1817 216 1982 
2368 167 827 1919 2211 
2369 406 1747 1095 1851 
2370 1621 2070 1816 2082 
2371 1674 1796 1567 1896 
2372 1690 1691 1989 2059 
2373 1132 1754 449 1862 
2374 1717 1816 1621 2224 
2375 351 1732 1057 1836 
2376 1629 1886 1944 2058 
2377 1553 1933 1729 2093 
2378 1145 1928 1659 2005 
2379 1614 1907 1686 2125 
2380 1587 1898 1733 2210 
2381 1239 1808 1231 2127 
2382 1573 1970 1684 2042 
2383 1060 1892 1748 1970 
2384 1014 1706 342 1912 
2385 1576 1657 1653 1871 
2386 1086 2166 422 2175 
2387 1624 1784 1620 1925 
2388 1671 1534 1749 2129 
2389 1091 398 416 2091 
2390 1594 1689 1867 2024 
2391 1542 1834 1641 2204 
2392 1642 1914 1762 2218 
2393 1691 1841 1906 2012 
2394 1036 1701 1954 1993 
2395 1049 1826 379 2026 
2396 1561 1802 1657 1871 
2397 851 176 1869 1944 
2398 1592 1729 1933 2093 
2399 377 1803 1750 1963 
2400 287 1980 1729 1981 
2401 1711 1762 148 1835 
2402 960 293 1637 2068 
2403 1707 2126 1742 2181 
2404 1550 1801 1721 2124 
2405 1196 1685 501 1780 
2406 1240 1778 1234 1808 
2407 108 126 790 1690 
2408 936 1854 276 2197 
2409 443 1135 1848 2071 
2410 387 405 1096 1747 
2411 1723 1211 2033 2114 
2412 1825 1934 1730 2157 
2413 1556 1906 1691 1942 
2414 176 1844 1629 2058 
2415 1750 1963 1616 2026 
2416 168 823 1810 1829 
2417 383 1069 401 1708 
2418 1716 2106 1753 2151 
2419 836 2043 137 2113 
2420 879 204 222 2159 
2421 293 973 1707 2181 
2422 1252 1241 1222 1682 
2423 1746 1809 1602 2075 
2424 1576 1931 1692 1943 
2425 1675 2044 1767 2208 
2426 397 1771 1667 2018 
2427 1003 302 1849 2104 
2428 1067 2161 1656 2223 
2429 790 107 1691 2012 
2430 816 1746 139 1809 
2431 1089 416 398 2091 
2432 343 1706 1014 1992 
2433 1614 2059 1907 2125 
2434 270 1784 961 1830 
2435 1051 366 1701 1935 
2436 1079 1687 393 2132 
2437 1712 1571 1870 1990 
2438 773 81 99 1814 
2439 881 1722 216 1982 
2440 284 985 1813 2104 
2441 1538 1597 1685 2187 
2442 1651 1558 1801 2124 
2443 1618 1930 1572 2027 
2444 1549 1612 2005 2128 
2445 347 1017 1865 2214 
2446 1822 1875 463 1941 
2447 1577 1825 1730 2032 
2448 149 1711 807 1919 
2449 1193 1780 501 1859 
2450 166 826 1914 2195 
2451 830 153 551 578 
2452 148 1762 808 1835 
2453 183 1996 1756 2195 
2454 785 2172 1847 2177 
2455 901 1730 219 2147 
2456 1570 1897 1697 2030 
2457 1095 405 387 1747 
2458 843 162 824 2125 
2459 287 1729 1784 1981 
2460 1645 1538 1867 2193 
2461 980 1925 288 2219 
2462 213 890 1718 2098 
2463 1189 503 2063 2215 
2464 1607 1707 1637 1978 
2465 99 81 772 1814 
2466 1882 2189 1726 2217 
2467 1601 1773 2130 2191 
2468 1584 1658 1890 1893 
2469 164 844 182 1926 
2470 1680 1858 1852 2070 
2471 980 1784 288 1925 
2472 1193 1685 483 1859 
2473 1974 2187 1696 2193 
2474 1015 327 1877 1983 
2475 1797 1980 1592 2213 
2476 1237 1246 1635 2086 
2477 1547 2189 1882 2217 
2478 1578 1697 1665 2061 
2479 1690 1883 1600 1989 
2480 1688 1932 1099 2078 
2481 182 841 164 1926 
2482 108 786 126 1690 
2483 1019 334 1815 2034 
2484 508 1206 1878 2208 
2485 352 1057 1732 1879 
2486 236 897 1730 1934 
2487 1532 1663 1858 2070 
2488 345 1772 1015 1877 
2489 1533 1692 1931 1943 
2490 1586 1628 1918 2198 
2491 1706 1724 1552 1912 
2492 555 576 579 1965 
2493 571 1765 1732 2148 
2494 781 116 1223 1712 
2495 916 2011 1838 2197 
2496 1533 1692 1699 2008 
2497 1769 1867 1538 2178 
2498 1683 1884 1727 2218 
2499 595 553 333 1732 
2500 1608 1901 1704 2056 
2501 1529 1759 1702 1831 
2502 954 1681 289 1925 
2503 978 289 1681 1925 
2504 1685 1594 2178 2187 
2505 425 1650 1116 1848 
2506 425 1135 1650 1848 
2507 494 1180 512 2038 
2508 954 1925 271 2143 
2509 452 1612 1148 2102 
2510 401 1074 383 1708 
2511 1598 1708 1641 1935 
2512 1762 1591 1914 2047 
2513 1231 1229 1751 1990 
2514 1985 2060 1937 2075 
2515 111 787 768 1789 
2516 1568 1801 1735 2169 
2517 555 887 207 1965 
2518 1690 1876 1677 2135 
2519 1772 344 2004 2016 
2520 1535 1898 1831 2128 
2521 1092 1782 403 2046 
2522 808 1762 148 1914 
2523 1549 1683 1731 2154 
2524 1235 1728 1232 1820 
2525 1633 2165 1774 2171 
2526 904 1630 234 2150 
2527 1583 2179 1848 2206 
2528 492 1165 1697 1973 
2529 1560 1772 1877 1983 
2530 180 847 162 1907 
2531 1751 1808 1605 1839 
2532 837 1763 142 1924 
2533 1548 1731 1683 2154 
2534 1639 1909 1754 2190 
2535 834 1763 160 1857 
2536 1174 482 1941 2015 
2537 1531 1852 1663 2070 
2538 1527 1905 1696 2077 
2539 1609 1564 1854 2002 
2540 437 1131 2089 2216 
2541 1725 2007 1692 2008 
2542 883 1843 201 1996 
2543 1628 1918 1557 2207 
2544 1725 1888 1533 1931 
2545 1730 1825 1577 1934 
2546 1167 471 1833 2005 
2547 1645 1769 1958 2054 
2548 833 1886 1857 2058 
2549 1580 1803 1687 2140 
2550 1566 1788 1664 1851 
2551 1832 1839 1705 2188 
2552 937 2011 1666 2068 
2553 1667 1771 397 2084 
2554 1638 1720 1840 2118 
2555 1659 1833 1655 1885 
2556 1033 1912 1706 2026 
2557 296 1259 1219 953 
2558 963 590 550 279 
2559 1818 1860 1643 2185 
2560 903 1838 1827 2159 
2561 1633 1774 103 2171 
2562 1552 1850 1804 2121 
2563 896 223 1811 1812 
2564 1646 1814 1618 1930 
2565 1546 1719 1758 1910 
2566 1692 1871 1727 1948 
2567 1909 1991 1639 2180 
2568 1580 1758 1755 2001 
2569 1999 2110 1806 2162 
2570 1692 1888 1561 1948 
2571 971 314 296 1682 
2572 452 1125 1928 2102 
2573 1777 1927 1651 1957 
2574 1679 1770 427 2099 
2575 1604 2072 1999 2091 
2576 1547 1770 1882 2141 
2577 1668 1718 1537 1844 
2578 1748 1892 1060 2123 
2579 1559 2032 1622 2164 
2580 1533 1705 1699 1832 
2581 2102 2116 1128 2190 
2582 1616 1737 1579 1911 
2583 1553 1933 1715 1964 
2584 984 303 1796 2213 
2585 360 1750 1912 2026 
2586 1595 1745 2024 2189 
2587 1612 1953 1733 2005 
2588 188 838 1220 1635 
2589 878 1825 859 2158 
2590 1055 365 383 1935 
2591 1618 1793 1646 2031 
2592 1679 1882 1770 2141 
2593 1623 2025 1683 2097 
2594 1549 2005 1659 2128 
2595 500 1929 1212 1962 
2596 1558 1800 2060 2095 
2597 1562 1822 1644 1875 
2598 1533 1637 1666 1931 
2599 1136 1689 430 1862 
2600 1553 1784 1729 2039 
2601 1557 1754 1639 2180 
2602 1266 1635 1246 2086 
2603 1062 375 1950 2029 
2604 1756 1996 1642 2195 
2605 1683 1884 1591 2097 
2606 1627 1570 1864 2088 
2607 1568 1777 1651 1957 
2608 1561 1741 1657 1913 
2609 1705 1922 1598 2183 
2610 1663 1721 1531 2201 
2611 1797 1979 1046 2131 
2612 786 1876 1690 2135 
2613 296 314 972 1682 
2614 1832 1705 2081 2183 
2615 191 874 893 2106 
2616 822 1919 168 2211 
2617 1580 1687 1908 2140 
2618 1534 1884 1683 2097 
2619 780 1841 106 2115 
2620 262 1760 1638 1856 
2621 1587 1921 1733 1953 
2622 1802 2136 1619 2153 
2623 400 1649 1842 1900 
2624 883 2052 220 2147 
2625 1652 2000 1550 2006 
2626 1558 1743 1927 1987 
2627 256 920 1741 1913 
2628 1630 1817 1554 1964 
2629 1621 1816 1717 2082 
2630 354 1684 1045 2055 
2631 104 1774 1647 1887 
2632 1698 1965 1585 2057 
2633 1974 2141 1700 2206 
2634 795 1887 104 1972 
2635 1657 1802 1561 1913 
2636 189 887 1757 1965 
2637 179 1694 856 1907 
2638 1533 1699 1705 2008 
2639 512 1181 494 2038 
2640 1624 1925 1681 2143 
2641 1539 1674 1670 1872 
2642 1228 1230 1751 2127 
2643 1535 1640 1971 1991 
2644 1596 2050 1531 2155 
2645 1756 2164 1914 2195 
2646 979 1742 295 1994 
2647 1152 442 2071 2092 
2648 1677 1876 1690 1989 
2649 1680 1816 1930 2224 
2650 1767 1878 1675 2208 
2651 1542 1773 1834 2204 
2652 1659 1833 471 2005 
2653 220 903 238 1827 
2654 1000 2096 1815 2100 
2655 1819 1882 1120 2203 
2656 1700 1611 1998 2042 
2657 212 908 1987 2098 
2658 1715 1783 1584 1904 
2659 1533 1607 1725 1922 
2660 555 579 887 1965 
2661 1628 1752 1557 1868 
2662 1692 1725 1533 1931 
2663 1527 1735 1703 1801 
2664 1730 1843 1559 2157 
2665 1544 1794 1684 2006 
2666 1739 1795 1556 1942 
2667 421 1660 2046 2088 
2668 195 1718 1844 2142 
2669 897 218 1730 2157 
2670 978 289 1925 2219 
2671 1775 1908 1580 2132 
2672 1742 2126 312 2181 
2673 202 1653 883 1996 
2674 564 565 562 2224 
2675 1125 434 1928 2102 
2676 1748 2029 1726 2189 
2677 1550 1779 2006 2201 
2678 1532 1663 1788 2122 
2679 1609 1564 1785 1854 
2680 1553 1658 1964 2093 
2681 379 2026 1826 2084 
2682 331 1954 994 1994 
2683 240 1812 898 2197 
2684 1823 1840 1720 2118 
2685 1057 1836 1732 1879 
2686 1697 1709 1570 1938 
2687 1228 1751 1229 2133 
2688 840 168 1901 2211 
2689 1752 1754 1557 1868 
2690 773 1814 584 1891 
2691 1184 1966 1833 2184 
2692 407 1121 1848 1853 
2693 1684 1889 1544 1995 
2694 1682 1742 1564 1994 
2695 1132 431 1754 1862 
2696 1880 2077 1634 2085 
2697 1186 1767 508 2208 
2698 332 1252 1222 1997 
2699 1261 1257 1709 1864 
2700 1529 1731 1643 2007 
2701 1624 1681 1536 1936 
2702 1042 1950 1669 2200 
2703 973 311 293 1707 
2704 1899 1905 1634 2103 
2705 580 1662 559 1945 
2706 1554 1821 1722 1874 
2707 1670 1797 1592 2213 
2708 822 1829 168 1919 
2709 772 82 1845 2033 
2710 920 238 256 2010 
2711 280 1840 983 2096 
2712 1742 1994 1682 2014 
2713 470 1833 1733 2005 
2714 1651 2048 1927 2051 
2715 508 1878 1205 2208 
2716 103 1774 1633 2156 
2717 567 1816 566 1947 
2718 92 1623 768 1967 
2719 348 1865 1954 2094 
2720 1098 1726 410 2217 
2721 1581 2009 1845 2027 
2722 1648 1972 796 2186 
2723 1668 1844 1629 1869 
2724 1204 1623 92 1966 
2725 1642 1540 1704 2173 
2726 886 1965 1757 2151 
2727 457 1127 1881 1938 
2728 383 365 1050 1935 
2729 1573 1669 1837 2123 
2730 483 1176 1859 1903 
2731 953 296 278 2014 
2732 1550 2006 1823 2201 
2733 1555 1924 1763 1988 
2734 1745 1867 2024 2193 
2735 1549 1623 2154 2184 
2736 1637 1533 1888 1931 
2737 427 1120 1882 2203 
2738 452 1148 1612 2005 
2739 1577 1821 1722 1825 
2740 1731 1831 1549 2128 
2741 1627 1864 1570 2127 
2742 1561 1888 1692 1931 
2743 1241 1263 1222 1613 
2744 1562 1974 1700 2206 
2745 1750 1803 377 1979 
2746 271 957 1624 1925 
2747 1680 1621 1816 2224 
2748 1545 1800 1852 2085 
2749 1566 1765 1615 2109 
2750 1148 1953 1612 2005 
2751 1530 1699 1705 2188 
2752 1690 1739 1556 2145 
2753 494 1218 1180 2133 
2754 1557 1639 1991 2180 
2755 1598 1975 1935 2094 
2756 908 1777 1927 1987 
2757 168 1810 1608 1829 
2758 1632 1562 1822 2176 
2759 783 764 1967 2135 
2760 763 1712 98 1915 
2761 1025 1652 319 1837 
2762 1531 1823 1721 2050 
2763 133 1847 785 2172 
2764 1772 2110 1999 2162 
2765 1551 1905 1899 2103 
2766 1665 2020 1203 2061 
2767 480 1822 1632 2138 
2768 102 1633 778 2171 
2769 1546 1867 1689 2024 
2770 999 1981 306 2219 
2771 152 1713 819 2076 
2772 807 1711 148 1835 
2773 247 1927 1777 1957 
2774 1773 2030 1601 2130 
2775 907 1698 2106 2202 
2776 1614 1924 1907 2059 
2777 407 1116 1851 1853 
2778 1625 1537 1844 1984 
2779 1092 1660 420 1961 
2780 1189 485 1828 2063 
2781 1632 1822 1693 2176 
2782 377 1750 1056 1963 
2783 487 1733 1187 1921 
2784 1163 1733 487 1921 
2785 1632 1673 2138 2225 
2786 168 1829 1608 1919 
2787 238 1657 902 2147 
2788 1558 1777 1927 2124 
2789 1669 1950 1775 2200 
2790 559 558 560 1787 
2791 1534 1884 1622 2032 
2792 1626 1594 1867 1903 
2793 1553 1784 1624 1830 
2794 1859 2063 502 2115 
2795 1244 1785 1250 2023 
2796 790 1691 125 2012 
2797 1587 2207 1883 2210 
2798 231 213 910 2098 
2799 1567 1674 1896 1969 
2800 1201 1966 1967 2080 
2801 1223 1253 116 763 
2802 1044 1892 1684 2055 
2803 1115 596 587 1747 
2804 1237 1260 1238 1728 
2805 292 1637 977 1978 
2806 586 1732 1058 1836 
2807 556 1134 423 596 
2808 784 1846 114 1847 
2809 1671 2032 1821 2037 
2810 1569 1716 1947 2082 
2811 1601 1570 1881 2030 
2812 957 1784 270 1925 
2813 283 1791 968 1813 
2814 1553 2039 1850 2167 
2815 1572 1814 1618 2168 
2816 1533 1832 1699 1977 
2817 360 1750 1037 1912 
2818 1721 1823 1531 2201 
2819 1549 1731 1655 2154 
2820 242 1976 896 2065 
2821 1713 1829 1810 2076 
2822 1549 2154 1655 2184 
2823 1700 1998 1792 2042 
2824 395 413 1103 1909 
2825 560 1930 569 2224 
2826 1038 1732 333 1815 
2827 1622 2032 1884 2164 
2828 1532 1880 1663 2122 
2829 1640 1749 1535 1898 
2830 1217 1795 89 1841 
2831 1631 1838 1576 1943 
2832 110 787 128 1967 
2833 266 966 284 1813 
2834 1915 2038 512 2133 
2835 1651 1927 1777 2124 
2836 1752 1953 1587 1971 
2837 1618 1646 2134 2168 
2838 1716 1585 1947 2082 
2839 1688 2189 1547 2217 
2840 1558 1651 1777 2124 
2841 1155 1644 463 2099 
2842 964 983 1840 2194 
2843 1646 1793 1569 2031 
2844 1641 1782 1660 2182 
2845 1714 1877 1607 1978 
2846 1530 1870 1839 1897 
2847 295 972 1994 2014 
2848 1898 2025 1549 2210 
2849 790 1691 107 1942 
2850 952 278 296 2014 
2851 1170 485 2117 2215 
2852 351 369 1058 1836 
2853 110 128 783 1967 
2854 1151 1868 1752 2117 
2855 1745 1792 1547 1998 
2856 1665 1578 2061 2177 
2857 921 256 238 2010 
2858 1527 1800 1703 2036 
2859 1097 1851 389 1853 
2860 1726 1882 1547 2189 
2861 1580 1758 2001 2140 
2862 775 1962 1774 2156 
2863 500 482 1196 1941 
2864 1545 1852 1680 1858 
2865 2006 2042 1779 2139 
2866 1599 2090 1835 2120 
2867 1698 2050 1940 2106 
2868 1809 2113 816 2171 
2869 427 1117 1770 1882 
2870 1932 2029 1726 2222 
2871 811 135 578 1646 
2872 351 1057 369 1836 
2873 1550 1779 1801 1895 
2874 494 1162 1709 2038 
2875 876 224 1811 2065 
2876 183 864 201 1756 
2877 247 1651 1927 1957 
2878 215 1817 904 1890 
2879 1627 2046 1660 2088 
2880 1015 1983 1772 2004 
2881 554 773 99 1814 
2882 1685 1941 1644 2187 
2883 1704 1901 1608 2211 
2884 1678 1937 2060 2075 
2885 1762 1789 1591 2047 
2886 1743 2106 2050 2202 
2887 1597 1696 1905 2176 
2888 1147 454 1799 1885 
2889 1695 1893 1718 2098 
2890 271 1925 1624 2143 
2891 1032 344 1772 1999 
2892 1530 1897 1839 2030 
2893 1561 1888 1637 1955 
2894 1147 1885 1799 1952 
2895 1241 1682 1244 1778 
2896 1566 1788 1851 2017 
2897 1553 1964 1874 2167 
2898 1543 1782 1656 2223 
2899 1177 1875 1822 2225 
2900 1642 1559 2164 2173 
2901 443 1673 1159 2138 
2902 1233 1235 1232 1820 
2903 1220 1237 1635 1713 
2904 163 824 1740 2083 
2905 1717 1947 567 2196 
2906 1561 1692 1871 1931 
2907 553 333 1732 1815 
2908 234 904 216 1722 
2909 1545 1852 1858 2085 
2910 1026 1794 318 2055 
2911 1213 776 1929 2186 
2912 1751 1990 1229 2133 
2913 1696 1974 1700 2077 
2914 1242 1233 1778 2023 
2915 494 2038 1709 2133 
2916 1543 1656 1701 2223 
2917 988 1840 281 2194 
2918 457 1142 475 1938 
2919 1656 2045 1993 2161 
2920 582 925 944 1949 
2921 778 1633 102 1923 
2922 1111 2018 1776 2102 
2923 195 891 1718 2142 
2924 1556 1768 1640 1883 
2925 1138 446 1770 1960 
2926 226 208 907 1965 
2927 1548 1789 1762 1798 
2928 1763 1805 142 1924 
2929 1556 1795 1628 1918 
2930 406 1114 1747 2092 
2931 287 989 1729 1980 
2932 1187 1733 506 1966 
2933 1553 1729 1658 2093 
2934 1609 1854 1976 2002 
2935 1576 1871 1692 1931 
2936 1640 1883 1749 1898 
2937 1739 1942 1556 2145 
2938 1800 1899 1602 2073 
2939 427 1770 1679 1882 
2940 1128 2102 1953 2116 
2941 462 1822 2138 2225 
2942 1764 2136 1802 2153 
2943 410 1726 1932 2217 
2944 1680 1816 1569 1930 
2945 1538 1958 1769 2105 
2946 180 1907 1686 2003 
2947 343 1706 1992 2016 
2948 1950 2131 1775 2200 
2949 1065 377 1803 1979 
2950 104 1887 1647 1972 
2951 1848 1853 1121 2203 
2952 266 284 965 1813 
2953 475 1709 1162 2038 
2954 1611 1819 1995 2041 
2955 231 909 213 2098 
2956 1636 1973 1952 2130 
2957 917 235 1855 1934 
2958 1578 1665 1697 1897 
2959 282 969 264 1791 
2960 1579 2016 1761 2021 
2961 1736 1621 2070 2160 
2962 188 170 838 2076 
2963 152 819 170 2076 
2964 1062 375 2029 2132 
2965 375 1079 2029 2132 
2966 483 1685 1175 1903 
2967 1616 1579 1826 1911 
2968 1632 2138 1822 2225 
2969 94 1798 769 1878 
2970 1594 1644 1974 2187 
2971 1611 1726 1819 2141 
2972 1907 1924 1614 1988 
2973 1710 2009 1923 2119 
2974 1211 496 1192 1723 
2975 183 201 863 1756 
2976 1684 1794 1544 1889 
2977 1094 413 395 1909 
2978 220 238 902 2147 
2979 862 1686 1982 2003 
2980 1550 2000 1652 2139 
2981 393 1932 1081 2029 
2982 1608 1810 168 2211 
2983 268 286 967 1896 
2984 1613 1993 1656 2045 
2985 780 1217 89 1841 
2986 1531 2118 1823 2155 
2987 1144 1953 1752 2116 
2988 1609 2064 1258 2065 
2989 1602 2060 1985 2075 
2990 378 1056 360 2026 
2991 276 2011 937 2197 
2992 1666 1854 1610 2197 
2993 900 234 216 1722 
2994 1615 1765 1732 1815 
2995 1558 1744 1743 1987 
2996 1149 1636 473 1968 
2997 315 1000 1815 2100 
2998 1655 1833 1549 2184 
2999 1573 1779 2042 2139 
3000 1540 1642 1946 2173 
3001 341 1912 1037 1979 
3002 1664 1995 1853 2041 
3003 1260 1712 1713 2172 
3004 1605 1839 1832 2188 
3005 1666 1610 2011 2197 
3006 354 1970 1063 1995 
3007 1557 1991 2108 2180 
3008 1597 1941 1685 2187 
3009 972 1682 1994 2014 
3010 944 925 243 1949 
3011 1643 1866 1773 2007 
3012 1722 1825 217 1934 
3013 1195 482 500 1941 
3014 1654 1689 1546 1910 
3015 1619 1956 1855 2143 
3016 321 1849 1670 2200 
3017 264 968 1791 2048 
3018 944 261 550 1760 
3019 1888 1948 1692 2053 
3020 1786 1815 1615 2034 
3021 1745 1951 1792 1998 
3022 1225 1261 1123 1864 
3023 1564 1742 1682 2014 
3024 1701 1935 1782 2223 
3025 1808 1839 1751 2107 
3026 465 1903 1175 2015 
3027 104 1647 776 2186 
3028 1218 1915 1180 2133 
3029 1578 1751 1709 2133 
3030 1587 1971 1640 2207 
3031 1658 1890 932 2150 
3032 1679 1583 2179 2203 
3033 956 1854 277 2014 
3034 1658 1893 1584 2028 
3035 1227 1253 1915 1990 
3036 1537 1861 1783 2028 
3037 306 1981 980 2219 
3038 1690 1556 1942 2145 
3039 412 1122 430 2078 
3040 485 1828 1628 2215 
3041 1551 1647 1774 1887 
3042 999 323 1980 1981 
3043 1846 2044 1675 2090 
3044 1689 1960 1688 2024 
3045 161 1907 1763 1924 
3046 1675 1798 94 1878 
3047 1712 1915 1253 1990 
3048 324 1014 342 1912 
3049 549 559 580 1662 
3050 475 1150 457 1938 
3051 787 110 768 1967 
3052 1697 1897 1665 2020 
3053 176 851 158 2058 
3054 1542 1759 1649 1916 
3055 1617 1813 1791 2019 
3056 1528 1768 1640 2108 
3057 1527 1801 1779 1895 
3058 1548 1623 1798 2154 
3059 1568 1695 1790 1969 
3060 1145 453 1659 1928 
3061 796 1648 106 2012 
3062 1725 1888 1692 2053 
3063 1914 1926 1591 2164 
3064 1700 1998 1611 2141 
3065 282 264 968 1791 
3066 1056 1750 377 1979 
3067 1006 319 1652 2019 
3068 1535 1702 1911 1986 
3069 905 208 226 1965 
3070 1533 1707 1607 1922 
3071 1617 1791 1813 2169 
3072 328 1877 1978 2214 
3073 325 1992 1761 2004 
3074 947 249 1896 2137 
3075 551 849 597 1757 
3076 1580 1803 1979 2132 
3077 1851 2017 1650 2092 
3078 2069 2122 1583 2206 
3079 276 1666 937 2011 
3080 261 279 963 1856 
3081 1572 1618 1845 2168 
3082 1253 1712 763 1915 
3083 1684 1794 1652 2006 
3084 1597 1647 1929 1962 
3085 257 2011 937 2068 
3086 1921 1953 1752 2117 
3087 1609 1854 1785 1976 
3088 1603 2074 2004 2170 
3089 812 2009 2134 2168 
3090 1650 2017 1788 2069 
3091 314 1252 990 1682 
3092 158 1944 1886 2058 
3093 1673 1848 2179 2206 
3094 1552 1850 1620 2021 
3095 598 1646 591 1814 
3096 501 1780 1685 1859 
3097 1198 502 1859 2063 
3098 1568 1735 1939 1969 
3099 1673 1562 1875 2225 
3100 564 566 567 1816 
3101 886 1716 1965 2151 
3102 1559 1802 1730 2032 
3103 492 474 1165 1973 
3104 1945 2071 1590 2092 
3105 1566 1836 1851 1879 
3106 1606 1840 1823 2118 
3107 865 1704 185 2052 
3108 1657 1843 1730 2147 
3109 262 1638 945 2194 
3110 553 1732 594 1815 
3111 906 225 1949 1965 
3112 1244 1242 1778 2023 
3113 1801 1895 1735 2169 
3114 835 1944 157 2075 
3115 1638 1720 2087 2194 
3116 1564 2002 1609 2023 
3117 813 794 122 1887 
3118 1754 1862 1557 1868 
3119 1678 1753 1588 1937 
3120 188 839 170 2076 
3121 170 820 152 2076 
3122 255 919 237 1913 
3123 1542 1676 1866 2204 
3124 1060 1970 1748 2222 
3125 220 2052 1827 2147 
3126 1231 1751 1230 2127 
3127 554 792 117 1814 
3128 1760 1949 943 2057 
3129 1583 1788 1664 2041 
3130 94 1798 1675 2090 
3131 553 315 1020 1815 
3132 1547 1882 1770 2217 
3133 846 184 166 1996 
3134 1534 1622 1821 2032 
3135 1639 1752 1557 1971 
3136 101 774 83 1923 
3137 1983 2004 1015 2170 
3138 1557 1868 1862 1910 
3139 1726 1882 1819 2141 
3140 1552 1620 1850 2039 
3141 1626 1868 1557 1910 
3142 443 2071 1673 2138 
3143 180 162 1686 1907 
3144 1544 1995 1889 2041 
3145 801 1267 1247 1713 
3146 1771 1909 1639 2190 
3147 324 342 1018 1912 
3148 788 130 1835 2090 
3149 1632 2040 1562 2176 
3150 255 237 920 1913 
3151 84 1920 1215 2156 
3152 1624 1681 1936 2143 
3153 360 1052 378 2026 
3154 197 875 1694 2066 
3155 1020 553 333 595 
3156 288 1784 957 1925 
3157 1550 1801 1651 2169 
3158 1856 2096 981 2100 
3159 1651 1801 1568 2169 
3160 1821 2037 1672 2129 
3161 1577 1722 1821 1874 
3162 1582 2081 1954 2183 
3163 1714 1877 997 1983 
3164 1565 1649 1824 1900 
3165 173 874 191 1753 
3166 155 855 173 1753 
3167 1006 1652 2000 2019 
3168 1631 1943 1576 2035 
3169 1621 1873 2017 2160 
3170 1679 2141 1974 2206 
3171 341 1797 1912 1979 
3172 1555 1924 1691 2012 
3173 821 1740 1926 2083 
3174 1724 1980 323 1981 
3175 1795 1942 1739 2145 
3176 153 551 578 1646 
3177 1581 1920 1693 2040 
3178 1564 1832 1778 2081 
3179 574 588 561 1873 
3180 1780 2115 1214 2186 
3181 823 1829 151 2076 
3182 184 845 166 1996 
3183 999 1724 323 1981 
3184 1547 1974 1770 2141 
3185 157 1985 854 2075 
3186 927 1695 1893 2062 
3187 1231 1232 1229 1990 
3188 480 462 1177 1822 
3189 1858 2070 1663 2085 
3190 1051 384 1935 2223 
3191 1168 1885 490 2208 
3192 1570 2107 1627 2127 
3193 1036 1954 1701 2094 
3194 318 1794 1652 2055 
3195 279 261 962 1856 
3196 89 771 1841 1942 
3197 1557 1862 1754 2180 
3198 1688 1547 1770 2217 
3199 492 1164 474 1973 
3200 1590 1787 1873 2017 
3201 1589 1973 1767 2044 
3202 1060 1748 356 2029 
3203 491 509 1186 1973 
3204 1918 1971 1557 2207 
3205 1258 1250 1785 2023 
3206 1586 2063 1859 2115 
3207 1686 1740 1614 2125 
3208 1556 1640 1918 2207 
3209 1626 1862 1868 1910 
3210 906 555 207 1965 
3211 1656 1808 1240 2175 
3212 1167 488 470 1733 
3213 488 1184 506 1733 
3214 409 1819 1100 1882 
3215 412 430 1119 2078 
3216 1738 1975 1708 2112 
3217 1716 1757 1569 1947 
3218 1628 2117 485 2215 
3219 1750 1580 1979 2163 
3220 1548 1798 1675 1878 
3221 285 1674 986 2104 
3222 1697 1938 1636 1973 
3223 107 1841 771 1942 
3224 1596 2087 1698 2155 
3225 176 158 852 2058 
3226 1731 1866 1643 2007 
3227 93 1623 1204 2184 
3228 1219 1250 1244 1785 
3229 1529 1671 1764 1948 
3230 127 802 1876 2135 
3231 1559 1671 1802 2032 
3232 1674 1849 303 2104 
3233 1080 374 1932 2029 
3234 869 1753 191 2106 
3235 341 323 1018 1797 
3236 1540 1943 1699 2056 
3237 1112 1881 1660 2088 
3238 458 1709 1142 1864 
3239 1698 2050 1596 2155 
3240 1253 116 763 1712 
3241 1637 1666 1931 2068 
3242 1726 1688 1932 2217 
3243 220 1827 238 2147 
3244 1557 1626 1910 2198 
3245 1554 1904 1672 1964 
3246 231 1893 1695 2098 
3247 1538 1807 1958 2105 
3248 1122 413 431 1754 
3249 191 869 173 1753 
3250 173 850 155 1753 
3251 1267 134 781 1223 
3252 117 554 598 792 
3253 1149 474 1636 1968 
3254 1709 1570 1864 2127 
3255 1687 1932 1688 2078 
3256 1177 1822 462 2225 
3257 1548 1675 1818 2154 
3258 554 99 792 1814 
3259 1602 1899 1800 2060 
3260 873 1744 1937 1985 
3261 964 280 262 1856 
3262 804 1829 150 2120 
3263 1808 2107 1751 2127 
3264 1688 1726 2189 2217 
3265 504 1208 1739 2145 
3266 1609 2002 1820 2023 
3267 1536 1620 1850 2021 
3268 174 855 156 2075 
3269 1772 2004 1579 2016 
3270 106 1841 1648 2115 
3271 1573 1837 1892 2123 
3272 1638 1840 1720 2194 
3273 1570 1938 1881 2030 
3274 1795 2063 503 2215 
3275 83 779 101 1923 
3276 573 581 2146 2196 
3277 214 2066 1893 2142 
3278 1778 1832 1605 2081 
3279 354 1684 1044 1970 
3280 1534 1683 2025 2097 
3281 1701 1935 366 2094 
3282 1675 1599 1846 2090 
3283 1569 1940 1716 2082 
3284 1581 1845 1723 2027 
3285 488 506 1187 1733 
3286 470 488 1163 1733 
3287 1709 1751 1570 2127 
3288 1708 1806 1738 1916 
3289 1043 1950 339 2131 
3290 1080 374 2029 2222 
3291 261 963 550 1760 
3292 1735 1792 1527 1902 
3293 1726 2029 1748 2222 
3294 900 1722 217 1934 
3295 241 922 898 1976 
3296 1762 1835 1711 1946 
3297 1215 1693 499 2156 
3298 949 247 265 1957 
3299 1723 1845 1581 2114 
3300 491 1767 1952 1973 
3301 1668 1987 1869 2095 
3302 1557 1868 1626 2198 
3303 1741 1931 1576 2010 
3304 156 854 174 2075 
3305 1649 1806 1604 2072 
3306 1693 1920 1632 2040 
3307 905 1965 226 2057 
3308 1680 1816 1621 2070 
3309 199 859 1825 1982 
3310 1601 1834 1773 2204 
3311 1679 1770 1974 2141 
3312 1024 2131 1670 2213 
3313 1606 1794 1652 2000 
3314 769 1798 94 2090 
3315 278 933 1219 1785 
3316 1585 1716 1698 1940 
3317 764 2080 1967 2135 
3318 147 1914 825 2047 
3319 1586 1859 1780 2115 
3320 1564 2014 1682 2023 
3321 1788 2122 1663 2201 
3322 1143 476 458 1709 
3323 1161 494 476 1709 
3324 445 1139 427 2099 
3325 1552 1750 1912 2163 
3326 825 1914 165 2195 
3327 239 903 1838 2010 
3328 1715 1755 1528 1933 
3329 1640 1898 1535 1971 
3330 1655 1767 1563 1885 
3331 341 1027 323 1797 
3332 1540 1704 2035 2056 
3333 1570 1751 2107 2127 
3334 413 1113 431 1754 
3335 135 830 578 1646 
3336 1587 1921 1752 2117 
3337 986 1674 303 2104 
3338 1706 1992 1761 2021 
3339 1546 1687 1654 2140 
3340 1010 350 332 1997 
3341 332 314 990 1997 
3342 1703 1735 1537 1939 
3343 1550 1652 2006 2139 
3344 1639 1971 1557 1991 
3345 491 1182 509 1973 
3346 1096 552 387 1836 
3347 1556 1628 1795 2207 
3348 1025 1837 337 2055 
3349 893 192 210 1744 
3350 1592 1796 1670 2213 
3351 149 1919 807 2120 
3352 883 1653 202 2052 
3353 1562 1673 1875 2206 
3354 595 1039 586 1732 
3355 1617 2019 1791 2169 
3356 1804 2108 1991 2180 
3357 1543 1701 1782 2223 
3358 973 1707 2126 2152 
3359 1978 2152 998 2214 
3360 828 1924 143 2059 
3361 471 1659 1146 1885 
3362 941 2010 257 2068 
3363 1624 1784 1553 2167 
3364 1585 1716 1947 1965 
3365 762 2061 1915 2177 
3366 1645 1902 1538 2193 
3367 962 262 280 1856 
3368 1620 1784 1981 2219 
3369 1566 1836 1747 1851 
3370 1811 1812 1609 2065 
3371 1148 1163 469 1953 
3372 1532 1858 1663 1880 
3373 1544 1684 2041 2042 
3374 1558 1801 1703 1939 
3375 939 273 1781 1913 
3376 347 1865 1975 2214 
3377 1700 1974 1562 2077 
3378 292 960 1637 1955 
3379 458 476 1142 1709 
3380 494 1162 476 1709 
3381 511 1188 2038 2061 
3382 1158 2179 1875 2225 
3383 1649 1604 1824 2072 
3384 1632 1693 2040 2176 
3385 1582 1613 1954 2081 
3386 1534 1671 1884 2032 
3387 1623 1878 1798 2154 
3388 1809 1899 1710 2171 
3389 315 297 1000 2100 
3390 389 1851 1664 1853 
3391 1826 2026 1616 2084 
3392 955 2068 1666 2181 
3393 1580 1775 1979 2131 
3394 1623 1966 1204 2184 
3395 884 1827 2052 2159 
3396 1625 1958 1783 1984 
3397 140 1746 813 1887 
3398 1115 587 405 1747 
3399 1666 1854 1742 1977 
3400 1701 2094 1954 2183 
3401 107 1691 1841 1942 
3402 1553 1850 1672 2167 
3403 930 247 1651 1927 
3404 1161 476 1249 1709 
3405 1001 297 315 2100 
3406 107 1841 1691 2012 
3407 1241 1234 1240 1778 
3408 452 1928 1612 2102 
3409 1634 1905 1899 2036 
3410 1684 1970 354 1995 
3411 797 2165 121 2171 
3412 1644 1875 1822 1941 
3413 1628 2117 1921 2207 
3414 1583 1650 1848 1853 
3415 1594 1960 1689 2024 
3416 1560 1916 1725 2112 
3417 595 594 553 1732 
3418 1160 1862 449 1868 
3419 1232 1728 1238 1990 
3420 892 210 192 1744 
3421 827 1711 149 1919 
3422 1193 501 483 1685 
3423 493 1697 1165 2038 
3424 1626 1689 1862 1910 
3425 404 1086 422 2175 
3426 1750 1803 1575 1963 
3427 482 1685 1941 2015 
3428 940 1913 1741 1955 
3429 1637 1741 1931 1955 
3430 1732 1765 1566 2148 
3431 1670 2131 1797 2213 
3432 1702 1759 1529 2053 
3433 1644 1941 1685 2015 
3434 1557 1991 1971 2108 
3435 944 550 582 1760 
3436 1587 1921 2117 2207 
3437 1708 1649 1806 1916 
3438 1598 1708 1975 2112 
3439 214 912 1893 2066 
3440 265 247 946 1957 
3441 1583 1819 1853 2203 
3442 1111 1776 434 2102 
3443 1137 445 427 2099 
3444 1790 1674 2104 2192 
3445 1755 1539 1908 2013 
3446 1752 1921 1587 1953 
3447 158 832 1886 1944 
3448 847 1907 180 2003 
3449 1728 1820 1235 2086 
3450 833 141 1857 1886 
3451 505 1183 1921 2079 
3452 822 150 1829 1919 
3453 1580 1979 1797 2131 
3454 1579 2004 1761 2016 
3455 850 154 1793 1917 
3456 404 386 1066 2175 
3457 297 2096 1000 2100 
3458 1715 1783 1904 2054 
3459 1047 1221 1066 2161 
3460 1698 2087 2057 2155 
3461 1547 1998 1700 2141 
3462 790 125 1691 2059 
3463 254 1855 1956 2143 
3464 466 1859 1176 1903 
3465 1128 451 1144 1953 
3466 1531 1721 1852 2050 
3467 1617 1895 2169 2192 
3468 1625 1783 1537 1984 
3469 1574 1840 1638 1856 
3470 168 1919 1608 2211 
3471 1673 2071 1661 2138 
3472 268 970 286 2209 
3473 1548 1818 1731 2154 
3474 1607 1888 1714 1978 
3475 1710 1899 1545 2119 
3476 160 178 853 1763 
3477 160 834 142 1763 
3478 934 1854 259 1976 
3479 197 1694 866 2003 
3480 1208 1795 503 2215 
3481 332 991 314 1997 
3482 332 350 1009 1997 
3483 770 95 1846 2044 
3484 1644 1875 463 2099 
3485 1196 483 501 1685 
3486 937 2011 258 2197 
3487 1748 1951 1573 2123 
3488 1618 1814 1646 2168 
3489 406 1747 1851 2092 
3490 1797 1979 1580 2163 
3491 947 267 1790 1896 
3492 267 966 1790 1896 
3493 1088 2018 415 2190 
3494 1566 1615 1879 2109 
3495 950 2051 2048 2087 
3496 1551 1899 1905 2036 
3497 1530 1773 1643 2185 
3498 1567 1896 1729 2209 
3499 248 1957 928 2137 
3500 1096 587 552 1836 
3501 1609 1785 1564 2023 
3502 876 224 206 1811 
3503 1561 1931 1741 1955 
3504 1725 1922 1705 2008 
3505 1045 1794 1889 2034 
3506 1582 1742 1707 2126 
3507 1527 1792 1735 1895 
3508 1110 436 418 1900 
3509 1732 1836 1566 1879 
3510 953 278 1219 1785 
3511 216 885 198 1982 
3512 241 1812 896 1976 
3513 1006 1652 318 2000 
3514 1700 2041 1583 2141 
3515 1755 1872 1592 1933 
3516 1169 491 1767 1952 
3517 1742 1994 312 2126 
3518 1045 1684 354 1889 
3519 808 1762 130 1835 
3520 1543 2081 1705 2183 
3521 1531 1717 2118 2155 
3522 1643 2130 1818 2185 
3523 1669 1950 1042 2123 
3524 1248 2065 1811 2086 
3525 498 1693 1215 1920 
3526 1679 2179 1583 2206 
3527 1583 2041 1819 2141 
3528 181 1982 862 2083 
3529 1639 1909 1771 1991 
3530 203 185 860 2052 
3531 1607 1877 1738 2214 
3532 1595 2029 1748 2189 
3533 194 1668 889 1987 
3534 886 1757 189 2151 
3535 288 1925 974 2219 
3536 98 763 116 1712 
3537 2000 2019 1652 2139 
3538 393 1932 1687 2078 
3539 415 1088 397 2018 
3540 1558 1668 1777 1939 
3541 1783 1861 1715 2028 
3542 262 244 945 2057 
3543 1842 1900 1676 2089 
3544 375 1061 1950 2029 
3545 1694 1817 197 2066 
3546 1773 1834 1601 2030 
3547 1641 1660 1834 2182 
3548 1705 1832 1533 1922 
3549 1875 2179 1673 2225 
3550 1776 1928 434 2102 
3551 1543 1834 1705 1839 
3552 160 856 178 1763 
3553 160 142 837 1763 
3554 374 1748 1060 2029 
3555 1944 2073 1869 2095 
3556 1581 1633 1923 2119 
3557 1719 1906 1769 2054 
3558 1681 1603 2049 2170 
3559 1671 1802 1764 1948 
3560 1545 1858 2027 2119 
3561 343 325 1012 1992 
3562 1544 1889 1794 2220 
3563 1540 2035 1943 2056 
3564 1581 1923 1920 2114 
3565 1852 1663 2070 2085 
3566 1217 780 88 2115 
3567 943 244 262 2057 
3568 1575 1758 1804 2180 
3569 415 397 1091 2018 
3570 794 1774 104 1887 
3571 1527 1735 1801 1895 
3572 1806 2110 1560 2162 
3573 1586 1828 1628 2198 
3574 212 1668 890 2098 
3575 337 1837 1023 1892 
3576 1228 1230 1229 1751 
3577 171 1917 848 2151 
3578 1042 339 1950 2200 
3579 1693 1962 499 2156 
3580 1237 1728 1235 2086 
3581 1547 1700 1974 2141 
3582 1536 1737 1850 1959 
3583 995 1992 324 2219 
3584 1670 1849 1539 2149 
3585 1886 1887 814 2144 
3586 1680 2027 1618 2031 
3587 1757 1947 1716 1965 
3588 1091 1776 416 2018 
3589 104 1972 1647 2186 
3590 775 1774 103 2156 
3591 964 1638 262 2194 
3592 116 762 98 1712 
3593 1560 1759 1725 1916 
3594 380 1999 1053 2091 
3595 877 206 224 1811 
3596 329 2152 1865 2214 
3597 1800 2036 1899 2073 
3598 1528 1672 1768 1904 
3599 1551 1899 2073 2165 
3600 1616 2016 1706 2026 
3601 1608 1860 1894 2056 
3602 197 1817 1694 2003 
3603 1607 1978 1877 2214 
3604 2019 2139 1791 2169 
3605 1808 2127 1254 2175 
3606 1654 1862 1689 1910 
3607 1527 1792 1700 2077 
3608 1551 1905 1807 2036 
3609 1749 1898 1883 2025 
3610 950 245 931 2087 
3611 999 1980 305 1981 
3612 408 1853 1819 2203 
3613 1601 1834 1641 1961 
3614 1054 1806 382 2072 
3615 1556 1883 1640 2207 
3616 1790 1813 266 1957 
3617 1092 420 402 1961 
3618 230 1777 2098 2137 
3619 111 788 1789 1798 
3620 1188 510 1973 2020 
3621 1240 1255 2045 2161 
3622 1208 90 1942 2145 
3623 493 1165 475 2038 
3624 1631 2052 2035 2159 
3625 1588 1937 1753 2106 
3626 436 1109 418 1900 
3627 1537 1735 1861 1939 
3628 453 1863 1659 1928 
3629 944 1760 582 1949 
3630 337 1892 1023 2123 
3631 1651 1813 1568 1957 
3632 1220 838 188 1266 
3633 139 816 121 1746 
3634 1726 2029 1932 2189 
3635 1610 1838 1631 1943 
3636 1944 1985 157 2075 
3637 1602 1985 1944 2075 
3638 1677 1926 1591 2047 
3639 1527 1800 2036 2085 
3640 371 1664 1078 1879 
3641 1700 1792 1779 2042 
3642 835 139 157 1944 
3643 1752 1953 1639 2116 
3644 1601 1636 1799 2191 
3645 1879 1889 1615 2034 
3646 1544 2122 1788 2201 
3647 1558 1927 1777 1987 
3648 171 868 597 1757 
3649 233 1890 904 2150 
3650 1562 2040 1632 2205 
3651 1604 1826 1667 2091 
3652 280 1856 1840 2096 
3653 1096 405 587 1747 
3654 352 1038 334 2034 
3655 1728 1894 1870 2188 
3656 1800 1899 1545 2060 
3657 1661 2071 1154 2138 
3658 198 881 216 1982 
3659 393 1099 1932 2078 
3660 1076 370 388 1879 
3661 1681 1619 1936 2143 
3662 1636 1952 473 1968 
3663 219 1843 1730 2157 
3664 343 1014 325 1992 
3665 1724 1912 1797 2163 
3666 269 961 287 1729 
3667 1042 1669 338 2200 
3668 1065 358 1979 2132 
3669 1535 1749 1831 1898 
3670 2048 2087 1720 2194 
3671 1680 1569 1852 2031 
3672 1569 1793 1753 2031 
3673 1636 1563 1799 2130 
3674 1088 396 1771 1909 
3675 1672 1964 1553 2167 
3676 1556 1918 1628 2207 
3677 203 865 185 2052 
3678 1641 1834 1660 1961 
3679 1773 2130 1643 2185 
3680 1869 2073 1629 2095 
3681 1698 1596 2050 2202 
3682 943 1949 243 2057 
3683 1786 1840 1574 2096 
3684 1584 1783 1715 2028 
3685 1545 2027 1858 2031 
3686 1899 2119 1710 2171 
3687 1582 1954 1865 2094 
3688 105 796 1972 2186 
3689 1637 1931 1561 1955 
3690 370 1078 388 1879 
3691 179 866 1694 2003 
3692 842 186 168 1901 
3693 490 1169 1767 1952 
3694 1099 1932 1688 2217 
3695 1558 1987 1668 2095 
3696 418 1900 1842 2089 
3697 493 475 1162 2038 
3698 1790 1896 1695 2137 
3699 1702 2074 1579 2162 
3700 598 554 117 1814 
3701 1723 1920 497 2114 
3702 1544 2006 1684 2042 
3703 1548 1878 1675 2154 
3704 205 1811 1734 2199 
3705 1670 1592 1797 2013 
3706 1220 1247 1713 2076 
3707 813 139 121 1746 
3708 456 1881 1127 1938 
3709 1826 1999 380 2091 
3710 1636 2130 1799 2191 
3711 1581 1923 1845 2009 
3712 1651 1568 1813 2169 
3713 157 139 832 1944 
3714 223 880 205 1811 
3715 1557 1910 1862 2180 
3716 1087 402 420 1961 
3717 490 1885 1767 2208 
3718 1202 2020 1846 2044 
3719 1690 1989 1876 2059 
3720 553 594 572 1815 
3721 438 1961 1881 2216 
3722 1715 1904 1528 2054 
3723 236 1934 1730 1956 
3724 409 1100 391 1882 
3725 1636 1938 1697 2030 
3726 820 1713 152 2076 
3727 287 970 269 1729 
3728 981 1856 280 2096 
3729 1674 1796 1670 1872 
3730 1586 1719 1769 2178 
3731 1554 1672 1874 1964 
3732 319 1837 1652 2019 
3733 1571 1665 1847 2177 
3734 801 1713 152 2172 
3735 1546 1908 1745 2024 
3736 781 116 1712 2172 
3737 918 1855 235 1934 
3738 1257 1709 1864 2127 
3739 881 217 1722 1982 
3740 840 168 186 1901 
3741 933 1251 1219 1785 
3742 483 1175 465 1903 
3743 1633 1551 1899 2103 
3744 1821 1874 1672 2037 
3745 242 2064 1976 2065 
3746 261 1760 962 1856 
3747 362 1999 1826 2016 
3748 1024 1670 321 2213 
3749 1834 1839 1570 2030 
3750 1536 1850 1672 1959 
3751 338 1669 1042 2123 
3752 565 572 1765 2146 
3753 339 2131 1950 2200 
3754 1547 1792 1700 1998 
3755 1664 1788 1566 2109 
3756 232 1890 932 1893 
3757 1534 1749 1883 2025 
3758 1545 1680 1852 2031 
3759 1707 1865 1607 1922 
3760 1633 2119 1899 2171 
3761 497 1211 1192 2114 
3762 1852 1940 1569 2082 
3763 1669 1539 1849 2149 
3764 976 310 1714 1978 
3765 1572 1723 2027 2067 
3766 1221 1066 2161 2175 
3767 231 1695 927 2137 
3768 1669 1573 1951 2123 
3769 1620 1925 1784 2219 
3770 1228 1257 1230 2127 
3771 1640 1971 1918 2207 
3772 2035 2052 1827 2159 
3773 1670 1849 1669 2200 
3774 1533 1922 1725 2008 
3775 1560 1738 1916 2112 
3776 427 1882 1679 2203 
3777 1112 420 1660 1961 
3778 193 1744 873 1869 
3779 1814 1572 1891 2033 
3780 1573 1837 1669 2174 
3781 1799 2130 1563 2191 
3782 98 1712 762 1915 
3783 1098 409 391 1882 
3784 1690 1556 1883 1989 
3785 988 1720 282 2000 
3786 1563 1636 1799 1952 
3787 1697 1938 1570 2030 
3788 884 1827 220 2052 
3789 1577 1825 1722 1934 
3790 561 1873 1787 2224 
3791 1654 1575 1909 2180 
3792 295 1994 1742 2014 
3793 1716 1940 1585 2082 
3794 1176 483 465 1903 
3795 1730 1843 219 2147 
3796 473 1636 1164 1952 
3797 958 2049 290 2143 
3798 223 205 877 1811 
3799 1568 1790 1695 2137 
3800 84 778 1923 2156 
3801 1653 2035 1871 2173 
3802 1619 1681 1936 2136 
3803 1703 1801 1735 1939 
3804 1544 1794 2006 2220 
3805 585 587 1747 1836 
3806 944 243 1760 1949 
3807 1755 1872 1539 2013 
3808 334 1040 352 2034 
3809 1880 2122 2069 2206 
3810 467 1828 1178 1868 
3811 585 1747 1873 2148 
3812 1529 1764 1702 2053 
3813 1780 1859 1586 2178 
3814 1567 1796 1674 1872 
3815 1843 2157 863 2158 
3816 1595 1908 1745 1951 
3817 1617 1849 1674 2104 
3818 131 1835 789 2120 
3819 807 1835 131 2120 
3820 1976 2064 1609 2065 
3821 1710 1923 798 2171 
3822 1149 473 455 1968 
3823 1692 1561 1871 1948 
3824 1691 1924 1614 2059 
3825 1661 1662 1590 2067 
3826 795 1972 104 2186 
3827 984 303 285 1674 
3828 176 852 1844 2058 
3829 188 1220 1266 1635 
3830 990 332 1252 1222 
3831 1001 315 553 583 
3832 1728 1870 1605 2188 
3833 1582 1994 1742 2126 
3834 1576 1653 1827 2035 
3835 453 1146 471 1659 
3836 1658 2028 1567 2062 
3837 1607 1637 1888 1978 
3838 564 1717 573 2146 
3839 941 1741 2010 2068 
3840 269 1729 970 2209 
3841 1970 1998 1748 2222 
3842 565 1765 571 2148 
3843 1546 1908 1687 2140 
3844 1626 1903 1867 2178 
3845 473 1952 1799 1968 
3846 1804 1758 2108 2180 
3847 453 471 1145 1659 
3848 986 285 303 1674 
3849 1747 2017 1851 2092 
3850 1908 1951 1595 2149 
3851 1583 1853 1848 2203 
3852 1669 1849 1539 2174 
3853 1700 2141 1583 2206 
3854 1669 1775 2149 2200 
3855 1711 1835 1599 1946 
3856 1636 1952 1563 2130 
3857 1538 1780 1647 2105 
3858 802 146 1926 2047 
3859 821 841 163 2083 
3860 336 1045 1794 2055 
3861 770 1846 113 2090 
3862 1869 1944 1629 2073 
3863 1691 1614 1989 2059 
3864 1582 1994 1954 1997 
3865 321 303 1005 1849 
3866 554 584 773 1814 
3867 831 2043 1793 2134 
3868 240 916 1838 2197 
3869 1549 1898 1612 2128 
3870 1782 1935 384 2223 
3871 208 1716 888 2106 
3872 2010 2011 257 2068 
3873 1745 1908 1539 1951 
3874 801 1247 152 1713 
3875 1527 1634 2077 2085 
3876 1164 491 1952 1973 
3877 812 2009 119 2043 
3878 265 946 1813 1957 
3879 926 227 245 2202 
3880 1703 1807 1551 2073 
3881 1240 1255 2161 2175 
3882 1013 330 994 2126 
3883 358 1046 1979 2131 
3884 1607 1865 1707 2152 
3885 484 1828 1198 1859 
3886 484 1178 1828 1859 
3887 1539 1861 1735 1969 
3888 1722 1766 1630 1874 
3889 1611 1700 2041 2042 
3890 318 1652 1025 2055 
3891 597 868 579 1757 
3892 801 152 134 2172 
3893 781 134 116 2172 
3894 1239 1231 1230 2127 
3895 407 425 1116 1848 
3896 425 443 1135 1848 
3897 374 1081 1932 2029 
3898 1571 1847 1829 2172 
3899 882 1843 219 2157 
3900 803 150 1919 2120 
3901 1601 1660 1834 1961 
3902 1573 1792 1998 2042 
3903 1589 1675 1767 1818 
3904 1546 1867 1719 1910 
3905 908 1927 211 1987 
3906 1550 1791 2139 2169 
3907 1717 2082 1585 2155 
3908 1043 1775 357 1950 
3909 357 1775 1062 1950 
3910 946 266 1813 1957 
3911 187 861 1810 2199 
3912 1812 1976 1610 2002 
3913 1759 2007 1529 2053 
3914 1610 1976 1854 2002 
3915 232 1893 932 2062 
3916 307 1761 993 2219 
3917 1572 1723 1662 2033 
3918 943 1760 243 1949 
3919 93 1878 1623 2184 
3920 1572 1845 1618 2027 
3921 1575 1654 1803 2140 
3922 1611 1998 1970 2222 
3923 1586 1859 1828 2198 
3924 356 1950 1061 2029 
3925 1609 1976 1812 2002 
3926 1682 991 1994 1997 
3927 1653 1996 1704 2173 
3928 926 1698 227 2202 
3929 1754 1862 1654 2180 
3930 1550 1791 1720 2000 
3931 1711 1946 1642 2218 
3932 1580 1979 1775 2132 
3933 1669 1950 1595 2149 
3934 1139 1679 2179 2203 
3935 1543 1705 1834 2182 
3936 1539 1951 1908 2149 
3937 1555 1805 1924 2012 
3938 345 1015 327 1877 
3939 1542 1916 1725 2007 
3940 1033 1706 2016 2026 
3941 1770 1882 1117 2217 
3942 276 955 1666 2181 
3943 1604 1999 1806 2162 
3944 1054 364 1806 2110 
3945 1551 1807 1703 2036 
3946 1174 481 463 1941 
3947 354 1064 1889 1995 
3948 268 286 1896 2209 
3949 227 931 245 2202 
3950 780 106 88 2115 
3951 1627 2166 1243 2175 
3952 1676 1842 1649 1900 
3953 1661 2067 1532 2205 
3954 1582 1954 2094 2183 
3955 777 88 106 2115 
3956 1004 303 321 1849 
3957 371 1083 1664 1995 
3958 1756 1843 863 2158 
3959 1650 1848 1673 2069 
3960 1107 415 2018 2190 
3961 209 893 913 2106 
3962 1563 1866 1731 2111 
3963 1266 1246 1248 2086 
3964 1570 1839 1834 2107 
3965 490 1767 1885 1952 
3966 993 325 1761 2004 
3967 1775 1979 358 2132 
3968 573 2146 1717 2196 
3969 1575 1803 1750 2001 
3970 1666 1610 1854 1977 
3971 917 253 1766 1855 
3972 162 1907 828 2125 
3973 991 1682 314 1997 
3974 399 1090 1824 2072 
3975 1626 1828 1859 2198 
3976 198 1982 1817 2003 
3977 1611 1819 2041 2141 
3978 592 556 1134 1945 
3979 1213 1929 1780 2186 
3980 1262 2064 895 2065 
3981 1088 1771 396 2084 
3982 1562 1700 2077 2206 
3983 380 1826 1049 1999 
3984 190 1716 886 2151 
3985 501 1780 1213 1929 
3986 1659 1928 1863 2128 
3987 287 989 1980 1981 
3988 1847 2172 1571 2177 
3989 1569 1793 1646 1917 
3990 316 1786 1019 1815 
3991 1536 1672 1850 2167 
3992 143 828 161 1924 
3993 1676 1565 1863 1900 
3994 1147 1799 473 1952 
3995 878 2157 1825 2158 
3996 1837 1849 1669 2174 
3997 773 557 81 1891 
3998 1668 1987 1777 2098 
3999 1612 1928 1776 2102 
4000 407 1121 425 1848 
4001 425 1140 443 1848 
4002 1177 463 1822 1875 
4003 1695 1567 1969 2028 
4004 1633 1551 2103 2165 
4005 1720 1840 1606 2000 
4006 1768 1904 1554 1988 
4007 1745 2024 1547 2193 
4008 823 169 1810 2076 
4009 1533 1725 1692 2008 
4010 347 1017 329 1865 
4011 1738 1806 364 2110 
4012 579 868 189 1757 
4013 321 1670 1024 2200 
4014 81 772 1891 2033 
4015 1221 2161 1255 2175 
4016 1695 1896 1567 2062 
4017 360 1912 1033 2026 
4018 1780 2105 1538 2178 
4019 1595 1951 1745 2189 
4020 140 1886 1746 1887 
4021 496 1723 1211 2033 
4022 1615 1765 1736 2160 
4023 1627 1570 2088 2107 
4024 1574 1638 1840 2118 
4025 464 1174 1644 2015 
4026 313 1682 991 1994 
4027 217 1825 1722 1982 
4028 1667 1826 1616 2084 
4029 1016 345 327 1877 
4030 1601 1799 1636 1968 
4031 161 837 143 1924 
4032 152 800 134 2172 
4033 134 782 116 2172 
4034 189 887 579 1757 
4035 1036 1954 349 1993 
4036 1696 1562 2077 2176 
4037 1946 2173 1642 2218 
4038 236 1730 901 1956 
4039 1527 1779 1700 1792 
4040 1586 1918 1719 2198 
4041 1536 1936 1681 2136 
4042 1530 1643 1860 2185 
4043 313 972 1682 1994 
4044 593 555 906 1949 
4045 390 408 1102 1819 
4046 394 2132 1084 2212 
4047 1531 1852 2070 2082 
4048 468 1752 1144 2117 
4049 1757 1917 171 2151 
4050 309 1983 996 2170 
4051 1698 1940 2050 2155 
4052 1136 429 1689 1960 
4053 408 1121 1853 2203 
4054 1527 2036 1634 2085 
4055 1661 2069 1673 2205 
4056 317 1786 1794 2034 
4057 313 295 972 1994 
4058 1560 1702 1759 2162 
4059 1588 1678 1937 2060 
4060 1559 1884 2032 2164 
4061 1896 2062 1695 2137 
4062 1893 2028 1658 2062 
4063 1589 1767 1675 2044 
4064 1679 1583 2141 2206 
4065 236 897 218 1730 
4066 585 1836 1747 2148 
4067 341 1046 1797 1979 
4068 474 1938 1636 1968 
4069 1661 1723 1662 2067 
4070 1582 1865 1707 1922 
4071 1123 1225 1864 2166 
4072 1596 1638 2087 2155 
4073 1665 1846 96 2020 
4074 1669 1849 1670 2149 
4075 1776 2018 1612 2102 
4076 1887 1972 814 2144 
4077 1545 2085 1858 2119 
4078 401 1087 419 1842 
4079 1155 464 1644 2099 
4080 481 1177 463 1822 
4081 1032 362 344 1999 
4082 249 948 1896 2062 
4083 311 1978 1707 2152 
4084 1665 2061 1203 2177 
4085 1722 1766 1577 1934 
4086 1097 407 1851 1853 
4087 471 1168 489 1833 
4088 329 1011 347 1865 
4089 1577 1766 1722 1874 
4090 92 1966 1623 1967 
4091 1725 1916 1759 2007 
4092 1627 2127 1808 2175 
4093 1766 1934 1855 1936 
4094 356 1748 1950 2029 
4095 1553 1830 1624 2167 
4096 483 1859 1685 1903 
4097 469 1921 1166 1953 
4098 485 467 1170 1828 
4099 289 974 1925 2219 
4100 313 979 295 1994 
4101 140 814 1886 1887 
4102 762 1915 1712 2177 
4103 1570 1751 1839 2107 
4104 1624 1936 1855 2143 
4105 1817 1890 215 2066 
4106 218 901 236 1730 
4107 1721 1801 1558 2124 
4108 1654 2078 412 2212 
4109 396 1909 1094 1963 
4110 1559 1884 1671 2032 
4111 1855 1934 918 1956 
4112 1530 1705 1839 2188 
4113 194 1869 1668 1987 
4114 1577 2037 2032 2153 
4115 1837 1892 337 2055 
4116 408 390 1100 1819 
4117 1615 1736 2109 2160 
4118 987 2000 1791 2019 
4119 1543 1705 2182 2183 
4120 1249 1261 1257 1709 
4121 266 947 1790 2137 
4122 818 1924 1805 2012 
4123 1634 1858 2085 2119 
4124 1618 1845 2009 2027 
4125 1557 1628 1868 2198 
4126 1725 1916 1542 2112 
4127 1723 1845 1572 2027 
4128 1154 1661 460 2071 
4129 954 289 271 1925 
4130 375 1079 393 2029 
4131 1630 1890 1658 2150 
4132 804 151 1829 2172 
4133 379 1052 2026 2084 
4134 1736 2070 1531 2201 
4135 1554 1988 1694 2003 
4136 585 1747 574 1873 
4137 287 1784 980 1981 
4138 1560 1759 1702 2053 
4139 1626 2178 1867 2198 
4140 1666 1707 1977 2181 
4141 1604 1999 1826 2091 
4142 1154 2071 443 2138 
4143 1726 1932 1688 2189 
4144 354 1889 1684 1995 
4145 1059 371 1879 1889 
4146 1600 1690 2080 2145 
4147 1773 1866 1563 2191 
4148 802 1677 128 2047 
4149 249 2062 1896 2137 
4150 202 1653 1996 2052 
4151 151 1829 1713 2076 
4152 1828 1859 1586 2063 
4153 376 1803 1084 2132 
4154 1624 1766 1936 2167 
4155 1202 96 1846 2020 
4156 987 1791 283 2019 
4157 1670 1796 1592 1872 
4158 786 1690 109 2135 
4159 1575 1804 1991 2180 
4160 102 1923 1633 2171 
4161 583 590 982 2100 
4162 1581 1632 1920 2040 
4163 561 562 1873 2224 
4164 433 2102 1128 2190 
4165 1533 1666 1707 1977 
4166 1565 1863 1659 2111 
4167 2057 2087 1638 2155 
4168 1679 1583 1819 2141 
4169 358 1979 1775 2131 
4170 1629 1886 1746 1944 
4171 89 1795 1208 1942 
4172 586 351 1058 1732 
4173 1551 1633 1899 2165 
4174 1664 1544 1889 2041 
4175 1593 1805 1648 1972 
4176 212 194 890 1668 
4177 1565 1676 1863 2111 
4178 1545 1858 1680 2031 
4179 969 263 2087 2194 
4180 1663 1531 2070 2201 
4181 1775 1580 2013 2131 
4182 1093 401 419 1842 
4183 1242 1241 1244 1778 
4184 1580 2001 1755 2163 
4185 351 586 1039 1732 
4186 489 1167 471 1833 
4187 1669 1595 1950 1951 
4188 1953 2102 1639 2116 
4189 175 851 1869 1944 
4190 1612 1928 452 2005 
4191 1665 1846 1589 2022 
4192 1098 1726 392 1932 
4193 392 1726 1080 1932 
4194 889 194 212 1668 
4195 467 485 1178 1828 
4196 1682 1778 1564 2023 
4197 1648 1841 106 2012 
4198 1616 2026 1963 2084 
4199 446 1137 1770 2099 
4200 1611 2041 1700 2141 
4201 1554 1874 1630 1964 
4202 1748 1950 1595 1951 
4203 1599 1835 1711 1919 
4204 1057 370 1836 1879 
4205 508 1206 94 1878 
4206 1534 1883 1749 2129 
4207 1581 1845 1923 2114 
4208 1602 2073 1944 2095 
4209 1238 1712 1253 1990 
4210 1035 1975 1738 2214 
4211 1995 2041 1684 2042 
4212 429 1960 1118 2078 
4213 1724 1592 1980 1981 
4214 1579 1999 1826 2162 
4215 1555 1805 1763 1924 
4216 557 549 1191 1891 
4217 1233 1234 1242 1778 
4218 1668 1558 1777 1987 
4219 386 1047 1066 2161 
4220 1588 2050 1743 2106 
4221 1573 1779 1792 2042 
4222 1799 1601 2089 2216 
4223 983 280 964 1840 
4224 1552 1737 1850 2021 
4225 1764 1802 1671 2153 
4226 927 1695 231 1893 
4227 1736 2201 1606 2220 
4228 1566 1765 2109 2160 
4229 1618 1793 2031 2043 
4230 1552 1912 1724 2163 
4231 471 1145 1659 2005 
4232 1742 1977 1707 2181 
4233 1194 1822 481 1941 
4234 1576 1838 1827 2010 
4235 1220 1237 1246 1635 
4236 325 993 1761 1992 
4237 1559 1871 1727 2173 
4238 1536 1850 1737 2021 
4239 1158 445 1875 2179 
4240 297 981 2096 2100 
4241 1528 1933 1755 2121 
4242 337 1041 1892 2123 
4243 275 937 1666 2068 
4244 1556 1795 1739 2207 
4245 1743 2050 1558 2124 
4246 1564 1820 2002 2023 
4247 1585 2057 1760 2155 
4248 1748 1998 1595 2189 
4249 1565 1659 1863 2128 
4250 1858 1880 1634 2085 
4251 271 289 957 1925 
4252 492 1697 1188 1973 
4253 565 572 571 1765 
4254 2131 2149 1775 2200 
4255 1699 1832 1705 2188 
4256 1701 1656 1993 2223 
4257 1560 1738 1806 1916 
4258 490 1885 1169 1952 
4259 1643 2007 1773 2008 
4260 1533 1705 1922 2008 
4261 467 1868 1151 2117 
4262 1671 1749 1959 2129 
4263 1593 1647 1887 1972 
4264 933 914 1251 2064 
4265 1542 1759 1916 2007 
4266 1806 1999 1604 2072 
4267 1673 1583 1848 2206 
4268 1646 1793 1618 2134 
4269 993 2004 1761 2170 
4270 1667 1826 1604 1911 
4271 375 393 1081 2029 
4272 1247 819 152 1713 
4273 1226 1180 1218 1915 
4274 1799 2089 1601 2191 
4275 347 1865 1011 2094 
4276 1738 1560 1806 2110 
4277 1030 1975 347 2094 
4278 1614 1876 1740 1989 
4279 1611 1995 1684 2042 
4280 1527 1779 1792 1895 
4281 256 1741 940 1913 
4282 1666 2011 2010 2068 
4283 1704 2035 1653 2173 
4284 317 1794 1026 2034 
4285 1132 449 431 1862 
4286 86 1213 776 1929 
4287 1654 1909 1754 2180 
4288 1616 1826 2016 2026 
4289 1615 2109 1765 2160 
4290 1736 1823 1606 2201 
4291 1641 1598 1935 2182 
4292 557 1210 81 1891 
4293 265 283 968 1813 
4294 903 221 1838 2159 
4295 342 1706 1033 1912 
4296 1641 1834 1601 2204 
4297 1893 2066 1584 2142 
4298 1572 1930 1680 2027 
4299 1874 1936 1766 2167 
4300 1943 2035 1631 2056 
4301 1560 1725 1759 2053 
4302 1564 1785 2014 2023 
4303 197 885 1817 2003 
4304 1588 1940 2050 2106 
4305 875 196 178 2142 
4306 803 1919 149 2120 
4307 950 931 246 2051 
4308 1032 1999 1772 2110 
4309 94 1205 508 1878 
4310 1801 1550 1895 2169 
4311 2004 2074 1761 2170 
4312 1732 1566 1836 2148 
4313 1600 2079 1739 2145 
4314 1557 1971 1918 2108 
4315 1663 1880 1858 2085 
4316 822 150 168 1829 
4317 1687 2078 1654 2212 
4318 1641 1601 1961 2204 
4319 1714 1888 1637 1978 
4320 1712 2061 1578 2177 
4321 1049 361 1826 2026 
4322 196 870 178 2142 
4323 1904 1988 1768 2054 
4324 1616 1826 1667 1911 
4325 1719 1867 1626 1910 
4326 1652 1794 1684 2055 
4327 1138 1770 428 1960 
4328 129 787 1789 2047 
4329 1558 2050 1721 2124 
4330 89 1841 1795 1942 
4331 1003 302 320 1849 
4332 1626 1859 2178 2198 
4333 1944 1985 1602 2095 
4334 1797 2013 1580 2131 
4335 1772 1999 1579 2162 
4336 1788 1583 2069 2122 
4337 1101 393 1687 2078 
4338 429 1119 1689 2078 
4339 249 231 927 2137 
4340 266 1790 1957 2137 
4341 783 109 764 2135 
4342 421 1112 1660 2088 
4343 1606 2201 2006 2220 
4344 798 1923 1710 2009 
4345 1543 1839 1808 2107 
4346 955 293 2068 2181 
4347 450 1752 1151 2116 
4348 1088 1771 414 1909 
4349 482 1175 1685 2015 
4350 1767 1885 1655 2208 
4351 109 1690 767 2080 
4352 1774 2103 1551 2165 
4353 1123 1265 1225 2166 
4354 448 1136 430 1862 
4355 1088 414 1771 2190 
4356 1531 2082 1717 2155 
4357 965 283 265 1813 
4358 1004 303 1849 2104 
4359 1541 1699 1894 2188 
4360 1557 1918 1628 2198 
4361 1561 1948 1888 2053 
4362 1135 1650 2071 2092 
4363 1141 431 449 1862 
4364 823 168 150 1829 
4365 1234 1231 1239 1808 
4366 861 1734 204 1901 
4367 1656 2046 1067 2223 
4368 789 1835 130 2090 
4369 1869 1985 1944 2095 
4370 1835 1919 1599 2120 
4371 940 1741 274 1955 
4372 839 187 2076 2199 
4373 1585 1965 1949 2057 
4374 1565 1863 1928 2128 
4375 976 292 310 1978 
4376 821 163 1740 2083 
4377 1845 2009 774 2168 
4378 1105 440 2088 2166 
4379 1654 2140 1575 2180 
4380 1044 1684 354 2055 
4381 556 574 596 1747 
4382 1921 2079 1739 2210 
4383 1578 1915 1712 1990 
4384 1555 1988 1783 2054 
4385 1579 1737 2021 2074 
4386 1751 1839 1605 1870 
4387 572 2100 1815 2146 
4388 212 1987 1668 2098 
4389 584 557 773 1891 
4390 1528 1755 1758 2121 
4391 320 302 1004 1849 
4392 1076 1836 370 1879 
4393 591 1814 1646 1930 
4394 1583 2122 1700 2206 
4395 148 808 130 1835 
4396 903 1827 221 2159 
4397 1626 1867 1719 2198 
4398 322 2131 1024 2213 
4399 497 1192 1723 2114 
4400 1694 1988 1907 2003 
4401 846 1704 184 1996 
4402 1824 1900 1649 2072 
4403 167 1919 822 2211 
4404 1783 1958 1537 1984 
4405 397 1771 1088 2084 
4406 1159 2179 444 2225 
4407 271 1855 935 2143 
4408 159 833 1857 2058 
4409 348 1954 1036 2094 
4410 125 1924 1691 2059 
4411 1542 1773 1866 2007 
4412 1574 1765 1815 2146 
4413 175 1869 873 1985 
4414 1760 2057 1638 2155 
4415 1867 2178 1719 2198 
4416 1858 2027 1680 2031 
4417 328 1978 998 2214 
4418 189 1757 886 1965 
4419 932 951 250 2209 
4420 1777 1939 1668 2098 
4421 592 1134 441 1945 
4422 1548 1798 1878 2154 
4423 1601 1881 1660 1961 
4424 355 1060 1892 2123 
4425 230 2098 929 2137 
4426 1802 2032 1671 2153 
4427 430 1141 448 1862 
4428 788 1798 112 2090 
4429 1078 371 389 1664 
4430 1559 1653 1871 2173 
4431 116 1253 1223 1712 
4432 1805 1972 1593 2144 
4433 1557 1910 1719 2198 
4434 1703 1800 1558 2095 
4435 371 1083 389 1664 
4436 1565 1866 1676 2111 
4437 1093 1842 419 2089 
4438 1582 2094 1865 2183 
4439 1662 1787 1590 2067 
4440 1583 1664 1853 2041 
4441 249 929 231 2137 
4442 1153 592 441 1945 
4443 1589 1846 1665 2020 
4444 310 292 977 1978 
4445 1237 1238 1232 1728 
4446 481 1822 463 1941 
4447 1779 1895 1550 2139 
4448 1093 418 400 1842 
4449 1821 1825 1577 2032 
4450 836 2075 1678 2113 
4451 1669 1595 1951 2149 
4452 790 125 107 2012 
4453 1116 1650 424 2092 
4454 804 150 132 2120 
4455 1720 1791 282 2000 
4456 899 1838 221 2159 
4457 1829 1919 150 2120 
4458 1575 1991 1909 2180 
4459 1135 424 1650 2092 
4460 1772 1560 2110 2162 
4461 487 1187 505 1921 
4462 469 1163 487 1921 
4463 1674 1617 2104 2192 
4464 1530 1894 1870 2022 
4465 1595 1950 1775 2149 
4466 1766 1577 1934 1936 
4467 1256 2166 1086 2175 
4468 799 106 1841 2012 
4469 192 873 1744 1937 
4470 355 1892 1060 1970 
4471 1183 1921 1739 2215 
4472 1566 1851 1747 2017 
4473 1660 1881 1570 2088 
4474 130 807 148 1835 
4475 1983 2049 1603 2170 
4476 1568 1813 1790 1957 
4477 856 1763 161 1907 
4478 1558 1927 1743 2124 
4479 1604 1911 1702 1986 
4480 1566 1873 2148 2160 
4481 433 1107 2018 2190 
4482 1704 1996 1642 2173 
4483 225 905 1949 1965 
4484 1857 1886 141 2144 
4485 1774 2103 1633 2156 
4486 1586 2178 1859 2198 
4487 1539 1872 1861 1969 
4488 355 1892 1041 2123 
4489 1566 1851 1664 1879 
4490 1598 1935 1701 2094 
4491 387 552 1077 1836 
4492 1044 1892 355 1970 
4493 1203 1665 96 2020 
4494 1743 2050 1596 2202 
4495 925 582 593 1949 
4496 959 1781 273 1955 
4497 815 1805 142 2144 
4498 179 1907 847 2003 
4499 1772 1877 345 2110 
4500 1782 2046 1656 2223 
4501 241 898 1812 1976 
4502 1539 1908 2013 2149 
4503 1862 1910 1654 2180 
4504 1532 2069 1661 2205 
4505 1147 472 454 1885 
4506 575 573 581 2146 
4507 93 1205 1878 2184 
4508 340 1797 1046 2131 
4509 832 1746 140 1886 
4510 1685 1903 1594 2015 
4511 167 827 149 1919 
4512 1716 1569 1757 2151 
4513 206 1811 877 2199 
4514 1551 2073 1746 2165 
4515 1240 1255 1263 2045 
4516 1769 1538 2105 2178 
4517 120 816 2113 2171 
4518 1628 2207 1921 2215 
4519 405 423 1115 1747 
4520 209 2106 913 2202 
4521 1633 2103 1774 2165 
4522 859 878 199 1825 
4523 1613 1954 1701 1993 
4524 1589 1665 1897 2020 
4525 152 1713 800 2172 
4526 782 1712 116 2172 
4527 1622 1825 1821 2032 
4528 92 1201 1966 1967 
4529 957 288 270 1784 
4530 1676 2089 1799 2191 
4531 896 1811 224 2065 
4532 1539 1674 1872 1969 
4533 1704 865 1996 2052 
4534 1626 1859 1903 2178 
4535 1670 2131 1024 2200 
4536 1527 1634 2036 2077 
4537 423 405 1114 1747 
4538 862 180 1686 2003 
4539 1918 1971 1640 2108 
4540 1036 367 1701 1993 
4541 1694 1817 1554 2003 
4542 1748 1951 1595 1998 
4543 505 1183 487 1921 
4544 1166 469 487 1921 
4545 799 107 125 2012 
4546 1644 1770 1974 2099 
4547 359 1750 1056 1979 
4548 1598 1701 1935 2182 
4549 472 1146 454 1885 
4550 1563 1952 1767 2130 
4551 1699 1860 1540 2056 
4552 1147 455 473 1799 
4553 1750 1803 1580 2001 
4554 275 257 937 2068 
4555 1227 1238 1253 1990 
4556 182 859 841 2158 
4557 1258 1785 1251 2064 
4558 1537 1958 1807 1984 
4559 1227 1990 1915 2133 
4560 1566 2017 1873 2160 
4561 1575 1803 2001 2140 
4562 1144 450 1128 2116 
4563 803 132 150 2120 
4564 1707 1865 1582 2126 
4565 1823 2006 1606 2201 
4566 1623 1967 1600 2097 
4567 1109 1900 1863 2221 
4568 821 164 841 1926 
4569 1188 1697 493 2038 
4570 1583 2041 1700 2122 
4571 947 249 267 1896 
4572 267 285 966 1896 
4573 551 578 1646 2101 
4574 87 1780 1214 2186 
4575 978 2049 308 2170 
4576 94 1675 770 2090 
4577 185 1901 1704 2211 
4578 1733 1966 2079 2210 
4579 1099 410 1932 2217 
4580 1752 1868 1628 2117 
4581 1531 2050 1940 2155 
4582 1231 1229 1230 1751 
4583 270 288 961 1784 
4584 276 937 258 2197 
4585 167 149 822 1919 
4586 885 198 1817 2003 
4587 1592 1981 1724 2039 
4588 197 179 866 1694 
4589 453 1129 1863 1928 
4590 964 281 983 2194 
4591 1534 1768 1989 2129 
4592 291 1781 959 1955 
4593 1726 1998 1748 2189 
4594 785 115 2172 2177 
4595 1571 1870 1728 1894 
4596 1220 1247 1237 1713 
4597 107 89 771 1841 
4598 1120 1819 409 1882 
4599 326 1015 2004 2170 
4600 553 1815 572 2100 
4601 1565 2111 1659 2128 
4602 455 1799 1131 2216 
4603 1147 472 1885 1952 
4604 125 1691 1924 2012 
4605 1711 1762 1946 2218 
4606 1575 1804 1758 2001 
4607 1799 1952 1636 1968 
4608 1700 2042 1779 2122 
4609 955 275 1666 2068 
4610 179 197 875 1694 
4611 1547 1882 1726 2141 
4612 429 1689 1960 2078 
4613 941 257 275 2068 
4614 1749 1640 1959 2129 
4615 1746 1886 1629 2073 
4616 371 1889 1064 1995 
4617 1729 1796 1592 1980 
4618 884 2052 203 2159 
4619 1627 2127 1243 2166 
4620 1664 1879 371 1889 
4621 1653 1704 1996 2052 
4622 1664 1889 1544 2109 
4623 1803 2132 1687 2212 
4624 1723 1581 1920 2114 
4625 1679 1819 1583 2203 
4626 1602 1800 2073 2095 
4627 1627 1808 1656 2175 
4628 258 936 276 2197 
4629 916 2010 1838 2011 
4630 1243 2127 1627 2175 
4631 1639 2116 2102 2190 
4632 1591 1677 2047 2097 
4633 213 890 195 1718 
4634 1663 2122 1779 2201 
4635 1249 1257 1228 1709 
4636 512 1915 1200 2061 
4637 1658 1567 2028 2093 
4638 1607 1725 1922 2112 
4639 267 249 948 1896 
4640 967 285 267 1896 
4641 228 1743 911 1927 
4642 1535 1971 1639 1991 
4643 1542 1866 1773 2191 
4644 1244 1241 1252 1682 
4645 1650 1583 1848 2069 
4646 411 1688 1099 2078 
4647 1627 2107 1808 2127 
4648 298 280 983 2096 
4649 1198 1828 485 2063 
4650 107 799 1841 2012 
4651 306 980 288 2219 
4652 324 999 306 2219 
4653 195 891 213 1718 
4654 427 1679 1139 2203 
4655 1782 1935 1701 2182 
4656 1672 1536 2037 2167 
4657 1561 1637 1888 1931 
4658 1690 2080 109 2135 
4659 1568 1735 1801 1939 
4660 1573 1892 1748 2123 
4661 774 1845 82 2114 
4662 1236 1820 1233 2023 
4663 89 107 780 1841 
4664 1572 1845 1723 2033 
4665 1586 1795 2063 2115 
4666 1617 1849 1837 2174 
4667 1090 417 1824 1900 
4668 1658 2062 1567 2209 
4669 1768 1883 1556 1989 
4670 1662 1723 1572 2067 
4671 464 2015 1644 2099 
4672 1591 2164 1884 2218 
4673 1669 2149 1670 2200 
4674 1573 1792 1779 1895 
4675 315 553 583 1815 
4676 1625 1844 1718 2142 
4677 1070 402 384 1782 
4678 1578 1990 1751 2133 
4679 418 1842 1093 2089 
4680 1045 1889 353 2034 
4681 1959 2037 1671 2129 
4682 1237 1235 1246 2086 
4683 1783 1988 1904 2054 
4684 1217 503 1795 2063 
4685 1611 2041 1995 2042 
4686 366 1935 1050 2094 
4687 179 1694 1907 2003 
4688 1251 1785 933 2064 
4689 1596 2051 1743 2202 
4690 889 1668 212 1987 
4691 1766 1855 1624 1936 
4692 1249 1709 1228 2133 
4693 1562 1875 1679 2206 
4694 1541 1894 1699 2056 
4695 981 280 298 2096 
4696 1099 1688 411 2217 
4697 1758 1755 2001 2121 
4698 1662 1572 1787 2067 
4699 1698 1940 1716 2106 
4700 1629 1944 1746 2073 
4701 1589 2022 1846 2185 
4702 1557 2108 1910 2180 
4703 867 189 1757 2151 
4704 1623 1966 1600 1967 
4705 1128 451 1953 2102 
4706 326 1983 1015 2170 
4707 1802 1871 1561 1948 
4708 108 767 1690 2145 
4709 489 1184 1833 2184 
4710 567 573 564 1717 
4711 565 564 573 2146 
4712 310 997 1714 1978 
4713 374 1060 356 2029 
4714 1543 1782 1701 2182 
4715 346 1016 1877 2110 
4716 1652 1794 1606 2006 
4717 1026 336 1794 2055 
4718 300 2000 987 2019 
4719 1675 1846 1589 2044 
4720 1646 1930 1569 2101 
4721 1580 1750 2001 2163 
4722 484 1198 502 1859 
4723 484 466 1178 1859 
4724 828 2059 144 2125 
4725 397 1068 1667 2084 
4726 1126 1881 1968 2216 
4727 561 559 560 1787 
4728 1673 1848 1583 2069 
4729 1561 1764 1948 2053 
4730 1754 1909 1113 2190 
4731 1253 763 1226 1915 
4732 1652 1837 1573 2139 
4733 1239 1254 1808 2127 
4734 1114 423 1747 2092 
4735 1575 1771 1909 1991 
4736 1775 2131 2013 2149 
4737 1715 1861 1567 2028 
4738 1573 1951 1792 2174 
4739 1865 1954 1582 2126 
4740 1673 2138 1661 2205 
4741 1600 2025 1883 2210 
4742 1591 2047 1789 2097 
4743 109 2080 764 2135 
4744 1531 1852 1940 2050 
4745 246 930 2048 2051 
4746 1569 1753 1793 1917 
4747 1720 2048 1596 2087 
4748 1553 1715 1933 2093 
4749 305 1980 989 1981 
4750 1528 1758 1719 2108 
4751 1921 2117 1628 2215 
4752 1584 1893 1718 2028 
4753 1159 2138 1673 2225 
4754 1591 1926 1914 2047 
4755 414 1909 1771 2190 
4756 886 1716 208 1965 
4757 1606 1823 1736 2118 
4758 1123 1864 440 2166 
4759 1606 1794 1786 2220 
4760 850 1753 172 1917 
4761 1062 1775 358 2132 
4762 295 1742 956 2014 
4763 1671 2037 1536 2153 
4764 151 1713 820 2076 
4765 1603 2074 1681 2136 
4766 300 1006 2000 2019 
4767 1588 1753 1716 2106 
4768 1679 1882 1819 2203 
4769 883 202 220 2052 
4770 306 995 324 2219 
4771 288 974 306 2219 
4772 818 142 1805 1924 
4773 1049 1826 362 1999 
4774 1557 1719 1910 2108 
4775 560 561 1787 2224 
4776 1599 1846 2022 2185 
4777 1201 91 2079 2080 
4778 1244 1252 1259 1682 
4779 81 1891 1209 2033 
4780 1043 357 339 1950 
4781 357 1062 375 1950 
4782 1719 1910 1626 2198 
4783 1665 1589 1897 2022 
4784 1677 1600 1967 2097 
4785 1561 1741 1913 1955 
4786 1565 1986 1831 2128 
4787 502 1193 484 1859 
4788 484 1176 466 1859 
4789 1897 2130 2030 2185 
4790 396 1771 1909 1963 
4791 1610 1854 1977 2002 
4792 200 878 859 2158 
4793 1708 1916 1738 2112 
4794 395 377 1075 1803 
4795 248 928 230 2137 
4796 1580 1803 1750 1979 
4797 886 190 208 1716 
4798 1060 1748 374 2222 
4799 1106 1961 438 2216 
4800 1530 1860 1699 1894 
4801 1644 1562 1875 1974 
4802 1696 2077 1905 2176 
4803 1586 1841 1795 2115 
4804 917 235 253 1855 
4805 253 271 938 1855 
4806 290 978 1681 2049 
4807 1070 1782 384 2223 
4808 1719 2178 1586 2198 
4809 347 1975 1865 2094 
4810 1758 1575 2140 2180 
4811 1716 1753 1569 2151 
4812 1061 374 356 2029 
4813 888 208 190 1716 
4814 791 118 2134 2168 
4815 428 1138 446 1770 
4816 1565 1928 1863 2221 
4817 1547 2024 1745 2189 
4818 1634 2040 1858 2119 
4819 1727 1884 1559 2164 
4820 1573 1792 1895 2174 
4821 908 1777 229 1927 
4822 229 1777 928 1927 
4823 1536 1624 1936 2167 
4824 1552 2001 1750 2163 
4825 1531 1823 1736 2201 
4826 591 1646 568 1930 
4827 1578 2038 1697 2061 
4828 1660 2088 1570 2107 
4829 809 1924 125 2059 
4830 1527 2036 1905 2077 
4831 371 1664 1889 1995 
4832 1045 335 1794 2034 
4833 197 1817 885 2066 
4834 1607 1975 1865 2214 
4835 1632 1661 2138 2205 
4836 573 1717 567 2196 
4837 1684 1970 1611 2042 
4838 1084 377 395 1803 
4839 1606 2000 1652 2006 
4840 867 1757 171 2151 
4841 218 901 1730 2157 
4842 1137 428 446 1770 
4843 319 1003 1837 2019 
4844 1880 2077 1700 2206 
4845 1567 1872 1674 1969 
4846 884 220 202 2052 
4847 1713 1829 151 2172 
4848 1562 2040 1880 2176 
4849 1042 339 357 1950 
4850 375 1061 357 1950 
4851 1536 2021 1737 2074 
4852 461 1661 1154 2138 
4853 111 788 129 1789 
4854 1800 1703 2073 2095 
4855 1910 2108 1758 2180 
4856 1783 1958 1555 2054 
4857 235 918 253 1855 
4858 935 271 253 1855 
4859 1767 1818 1563 2130 
4860 199 181 859 1982 
4861 1773 2191 1601 2204 
4862 1129 1928 434 2221 
4863 1609 1976 1785 2064 
4864 1615 2034 1889 2220 
4865 1601 2191 2089 2204 
4866 818 1805 124 2012 
4867 1653 2035 1704 2052 
4868 1571 1847 1665 2022 
4869 1562 2077 1880 2206 
4870 1530 2130 1773 2185 
4871 1671 2032 2037 2153 
4872 842 187 1810 2076 
4873 1589 2130 1897 2185 
4874 568 1930 1646 2101 
4875 1618 2043 2009 2134 
4876 1617 2139 2019 2169 
4877 181 841 859 2083 
4878 260 933 1785 2064 
4879 230 929 248 2137 
4880 1565 1928 1776 2128 
4881 294 979 312 2181 
4882 1884 2164 1727 2218 
4883 211 1927 911 1987 
4884 1567 1861 1872 1969 
4885 294 1742 979 2181 
4886 1647 2105 1780 2186 
4887 1688 1960 1689 2078 
4888 1611 1970 1684 1995 
4889 131 789 113 2120 
4890 149 807 131 2120 
4891 329 998 2152 2214 
4892 111 129 787 1789 
4893 598 591 554 1814 
4894 1258 1236 1250 2023 
4895 311 1707 973 2152 
4896 1565 1776 1928 2221 
4897 1202 1846 95 2044 
4898 440 1864 1124 2088 
4899 1595 1998 1951 2189 
4900 1607 1865 1975 2112 
4901 1767 1563 1885 1952 
4902 200 863 2157 2158 
4903 1563 1885 1799 2111 
4904 1043 358 1775 2131 
4905 473 1799 455 1968 
4906 1637 1931 1741 2068 
4907 1605 1870 1839 2188 
4908 1004 1849 302 2104 
4909 999 323 305 1980 
4910 1530 1870 1897 2022 
4911 1776 1986 1565 2128 
4912 1724 1981 1620 2039 
4913 1790 1813 1568 2192 
4914 1727 2164 1559 2173 
4915 1243 1254 2127 2175 
4916 1858 2040 1581 2119 
4917 1551 1887 1774 2165 
4918 1568 1957 1790 2137 
4919 933 260 914 2064 
4920 1769 1555 1958 2054 
4921 578 591 598 1646 
4922 1033 1706 343 2016 
4923 1030 365 1975 2094 
4924 366 1036 1701 2094 
4925 294 312 973 2181 
4926 1254 1240 1808 2175 
4927 913 1743 228 2202 
4928 317 1021 1786 2034 
4929 1561 1913 1781 1955 
4930 1552 1933 1850 2121 
4931 1101 2078 1687 2212 
4932 181 199 862 1982 
4933 902 1657 237 2147 
4934 1641 1961 2089 2204 
4935 1764 1802 1561 1948 
4936 1567 1729 2093 2209 
4937 145 1876 1740 2125 
4938 1807 1958 1593 1984 
4939 331 1954 1994 1997 
4940 1766 1874 1577 1936 
4941 1608 1919 1711 2211 
4942 1604 1826 1999 2162 
4943 177 1844 852 2058 
4944 817 2043 1710 2113 
4945 1569 1930 1816 2101 
4946 1039 333 351 1732 
4947 940 273 1913 1955 
4948 345 1877 1016 2110 
4949 1579 1911 1702 2162 
4950 934 260 1785 2064 
4951 1184 506 1966 2184 
4952 1034 1738 364 2110 
4953 1641 2089 1842 2204 
4954 84 498 1215 1920 
4955 346 2110 1877 2214 
4956 1727 2173 1946 2218 
4957 1599 1847 1846 2120 
4958 1038 351 333 1732 
4959 254 935 1855 2143 
4960 1562 2205 1673 2206 
4961 131 803 149 2120 
4962 113 784 131 2120 
4963 1712 1915 1578 2061 
4964 159 1857 853 2058 
4965 1530 1860 1894 2022 
4966 1677 1967 1789 2097 
4967 1571 1870 1894 2022 
4968 108 1690 1942 2145 
4969 143 1924 809 2059 
4970 1025 319 337 1837 
4971 1173 1661 461 2138 
4972 1058 552 586 1836 
4973 1538 1685 1780 2178 
4974 1671 1959 1536 2037 
4975 1755 1592 1872 2013 
4976 1008 305 323 1980 
4977 1915 1990 1578 2133 
4978 1258 1250 1251 1785 
4979 1622 1926 1740 2083 
4980 1589 1818 1767 2130 
4981 1564 1977 1854 2002 
4982 1703 2036 1800 2073 
4983 1788 2041 1544 2109 
4984 1604 1702 1911 2162 
4985 399 1824 1089 2091 
4986 1840 1856 1574 2096 
4987 1889 2034 1794 2220 
4988 1645 1745 1902 2193 
4989 1186 490 1767 2208 
4990 1604 1911 1826 2162 
4991 1544 1779 2042 2122 
4992 1672 1536 1959 2037 
4993 1010 1222 1264 2045 
4994 1589 2020 1973 2044 
4995 978 307 289 2219 
4996 2001 2121 1755 2163 
4997 1749 1883 1640 2129 
4998 175 1944 1869 1985 
4999 1687 1654 2140 2212 
5000 337 319 1023 1837 
5001 1551 1899 2036 2073 
5002 2041 2042 1700 2122 
5003 327 997 1877 1983 
5004 1607 1865 2152 2214 
5005 958 1781 291 2049 
5006 1144 1752 450 2116 
5007 1548 1727 1946 2218 
5008 1921 2207 1739 2215 
5009 84 1216 498 1920 
5010 1544 2109 1889 2220 
5011 1810 2076 187 2199 
5012 1585 1940 1698 2155 
5013 1688 2024 1547 2189 
5014 1590 1873 1747 2017 
5015 282 1791 987 2000 
5016 783 764 110 1967 
5017 1572 1662 1891 2033 
5018 346 1738 1034 2110 
5019 274 960 1955 2068 
5020 361 2016 1826 2026 
5021 1740 1876 1614 2125 
5022 1593 1647 1972 2105 
5023 788 112 130 2090 
5024 1761 2004 1579 2074 
5025 1861 1969 1567 2028 
5026 1724 1797 1592 2163 
5027 1098 392 410 1932 
5028 392 1080 374 1932 
5029 1054 1806 363 2110 
5030 1538 1902 1696 2193 
5031 1584 1893 1890 2066 
5032 354 1063 372 1995 
5033 877 1811 205 2199 
5034 1859 1685 1903 2178 
5035 1112 438 420 1961 
5036 895 2064 242 2065 
5037 941 1741 256 2010 
5038 1575 2001 1758 2140 
5039 406 1116 424 2092 
5040 1664 1889 1995 2041 
5041 907 2106 209 2202 
5042 184 1704 865 1996 
5043 1064 354 372 1995 
5044 1725 1560 1888 2053 
5045 1669 1775 1950 2149 
5046 1781 1913 273 1955 
5047 372 1970 1082 1995 
5048 385 1067 2046 2223 
5049 805 2059 1876 2125 
5050 1725 2007 1759 2053 
5051 1794 2034 1786 2220 
5052 435 1863 1129 1928 
5053 1530 1894 1699 2188 
5054 1826 1911 1579 2162 
5055 571 1732 1836 2148 
5056 2046 2166 1627 2175 
5057 1758 1910 1719 2108 
5058 1607 1707 1978 2152 
5059 374 1748 2029 2222 
5060 1557 1719 1918 2198 
5061 1744 1588 1937 2060 
5062 1937 1985 1744 2060 
5063 770 95 113 1846 
5064 406 424 1114 2092 
5065 1664 2041 1788 2109 
5066 568 1816 563 1930 
5067 1616 1963 1771 2084 
5068 1717 1816 1947 2082 
5069 988 299 281 1840 
5070 243 1949 924 2057 
5071 1880 2040 1634 2176 
5072 873 1937 174 1985 
5073 1545 1899 1800 2085 
5074 289 307 974 2219 
5075 112 1798 769 2090 
5076 1666 1977 1742 2181 
5077 1780 2105 1648 2186 
5078 1117 428 1770 2217 
5079 1600 1739 2079 2210 
5080 1566 2148 1765 2160 
5081 112 789 130 2090 
5082 1771 1963 396 2084 
5083 1565 1900 1824 2221 
5084 433 2018 2102 2190 
5085 420 438 1106 1961 
5086 1551 1746 1887 2165 
5087 1718 1893 1695 2028 
5088 1246 1266 1220 1635 
5089 374 1081 392 1932 
5090 392 1099 410 1932 
5091 1544 1779 2122 2201 
5092 1580 1775 2013 2149 
5093 416 1776 1111 2018 
5094 1530 2030 1773 2130 
5095 1080 1726 391 2222 
5096 1598 1975 1865 2112 
5097 97 2061 762 2177 
5098 1238 1260 1253 1712 
5099 1774 1962 2103 2156 
5100 1261 1225 1257 1864 
5101 1718 1893 1584 2142 
5102 2089 2191 1676 2204 
5103 127 802 145 1876 
5104 1580 2001 1803 2140 
5105 1615 1889 2109 2220 
5106 765 113 95 1846 
5107 236 918 1934 1956 
5108 1562 1880 2077 2176 
5109 1667 1986 1604 2091 
5110 373 1082 1970 2222 
5111 794 104 122 1887 
5112 299 983 281 1840 
5113 1237 1232 1235 1728 
5114 1611 1726 1998 2222 
5115 795 122 104 1887 
5116 1747 1873 1566 2017 
5117 346 1877 1016 2214 
5118 1071 396 1963 2084 
5119 1664 1544 2041 2109 
5120 1027 1797 340 2131 
5121 1644 1594 2015 2187 
5122 1549 1831 1898 2128 
5123 1587 1733 1921 2210 
5124 1787 1873 1621 2224 
5125 301 283 985 2019 
5126 1600 1966 2079 2080 
5127 1748 1595 1950 2029 
5128 1639 2102 2018 2190 
5129 1886 1984 1857 2058 
5130 1540 2035 1704 2173 
5131 571 1732 586 1836 
5132 987 283 301 2019 
5133 457 1127 439 2088 
5134 1553 1964 1715 2093 
5135 817 1710 120 2113 
5136 1530 1839 1870 2188 
5137 1612 1776 1928 2128 
5138 862 1982 198 2003 
5139 457 439 1124 2088 
5140 145 805 127 1876 
5141 229 928 247 1927 
5142 908 229 211 1927 
5143 1011 1865 348 2094 
5144 346 1035 1738 2214 
5145 1634 1880 1858 2040 
5146 944 243 261 1760 
5147 1213 1780 87 2186 
5148 356 1748 1060 2123 
5149 346 1738 2110 2214 
5150 1213 87 776 2186 
5151 1877 2110 1738 2214 
5152 1747 1836 1566 2148 
5153 1548 1946 1762 2218 
5154 563 1930 1816 2224 
5155 796 123 1972 2144 
5156 1667 1535 1911 1986 
5157 499 1194 481 1941 
5158 1542 2191 1773 2204 
5159 1763 1907 1694 1988 
5160 1775 1908 1595 2149 
5161 1770 1960 1688 2217 
5162 1607 2112 1975 2214 
5163 943 261 243 1760 
5164 1615 1889 1879 2109 
5165 1850 1933 1552 2039 
5166 228 210 911 1743 
5167 1182 1973 510 2020 
5168 775 85 1962 2156 
5169 119 1710 817 2043 
5170 1151 1752 468 2117 
5171 1584 2066 1694 2142 
5172 767 2080 1690 2145 
5173 228 913 210 1743 
5174 1072 2072 399 2091 
5175 1723 2033 1845 2114 
5176 1183 1739 504 2215 
5177 1685 2015 1594 2187 
5178 1611 1998 1726 2141 
5179 1715 2028 1567 2093 
5180 395 1084 1803 2212 
5181 333 1020 315 1815 
5182 82 1845 2033 2114 
5183 341 1037 359 1979 
5184 359 1056 377 1979 
5185 1755 1933 1592 2163 
5186 1975 2112 1738 2214 
5187 1642 2173 2164 2218 
5188 1223 1253 1260 1712 
5189 1583 1788 2041 2122 
5190 1529 1948 1764 2053 
5191 798 1710 119 2009 
5192 1993 2161 1048 2223 
5193 252 1830 942 2150 
5194 1189 503 485 2063 
5195 1565 1824 1776 2221 
5196 1696 1562 1974 2077 
5197 1844 1625 1984 2058 
5198 1747 1566 1873 2148 
5199 1634 2077 1880 2176 
5200 1757 1965 1716 2151 
5201 1712 1571 2172 2177 
5202 930 229 247 1927 
5203 911 211 229 1927 
5204 1565 1863 1900 2221 
5205 232 912 1890 1893 
5206 1615 2109 1736 2220 
5207 1054 381 363 1806 
5208 1864 2088 440 2166 
5209 274 1741 941 2068 
5210 1540 1946 1727 2173 
5211 553 583 1815 2100 
5212 481 1195 499 1941 
5213 1051 1701 367 2223 
5214 563 569 1930 2224 
5215 1724 2039 1552 2163 
5216 1538 2178 1867 2187 
5217 1248 1245 2065 2086 
5218 1855 1936 1619 2143 
5219 333 315 1019 1815 
5220 805 1876 145 2125 
5221 1530 2030 2130 2185 
5222 1262 1251 914 2064 
5223 1695 1567 2028 2062 
5224 1026 318 336 2055 
5225 336 354 1045 2055 
5226 1532 1858 1880 2040 
5227 589 1949 582 2196 
5228 226 1698 926 2057 
5229 1632 2138 1673 2205 
5230 140 813 122 1887 
5231 183 845 1996 2195 
5232 406 1095 388 1851 
5233 1049 379 361 2026 
5234 1696 1974 1644 2187 
5235 159 833 141 1857 
5236 1687 2140 1803 2212 
5237 1899 2036 1800 2085 
5238 140 122 814 1887 
5239 1681 2074 1536 2136 
5240 1603 1681 2049 2136 
5241 341 359 1046 1979 
5242 1065 359 377 1979 
5243 814 141 1886 2144 
5244 1562 1679 1974 2206 
5245 1551 2036 1703 2073 
5246 1567 2093 1658 2209 
5247 592 1153 580 1945 
5248 1799 1885 1563 1952 
5249 281 1840 983 2194 
5250 1051 384 366 1935 
5251 1558 1744 1987 2095 
5252 1580 1908 1775 2149 
5253 1566 1879 1664 2109 
5254 1857 1984 1625 2058 
5255 1875 1974 1679 2099 
5256 464 482 1174 2015 
5257 1693 1633 2103 2156 
5258 825 1926 146 2047 
5259 455 1968 1799 2216 
5260 1881 1961 1601 2216 
5261 1580 1755 1908 2013 
5262 1700 2122 1880 2206 
5263 950 246 2048 2051 
5264 1578 1870 1751 1990 
5265 1550 2006 1779 2139 
5266 1770 1679 1974 2099 
5267 835 138 1809 2075 
5268 503 1198 485 2063 
5269 1235 1820 1236 2086 
5270 388 1097 406 1851 
5271 1736 2109 1544 2220 
5272 1592 2039 1724 2163 
5273 1744 2060 1985 2095 
5274 1573 1895 1779 2139 
5275 569 1814 591 1930 
5276 1562 1880 2040 2205 
5277 1634 2036 1899 2085 
5278 1029 368 2045 2161 
5279 1229 1990 1227 2133 
5280 141 834 159 1857 
5281 274 1955 1741 2068 
5282 1598 1865 2094 2183 
5283 1224 1262 895 2065 
5284 568 1816 1930 2101 
5285 582 1949 1760 2196 
5286 934 277 259 1854 
5287 997 309 1714 1983 
5288 798 1923 102 2171 
5289 1854 1976 1610 2197 
5290 1600 2080 2079 2145 
5291 1245 1235 1236 2086 
5292 363 1999 1032 2110 
5293 550 590 575 2100 
5294 336 318 1025 2055 
5295 336 1044 354 2055 
5296 492 1188 510 1973 
5297 1573 1669 1951 2174 
5298 379 1052 361 2026 
5299 384 1050 366 1935 
5300 1719 1557 1918 2108 
5301 1640 1883 1768 2129 
5302 1530 1897 2030 2185 
5303 1260 1247 1267 1713 
5304 356 1950 1748 2123 
5305 933 914 38 1251 
5306 944 582 14 925 
5307 800 1713 151 2172 
5308 1546 1654 1910 2140 
5309 1667 1911 1604 1986 
5310 456 1126 1881 1968 
5311 277 936 259 1854 
5312 464 446 1156 2015 
5313 1175 482 464 2015 
5314 1744 1869 193 1987 
5315 241 223 896 1812 
5316 1789 2047 1677 2097 
5317 1710 120 2113 2171 
5318 1658 2093 1729 2209 
5319 938 270 252 1830 
5320 1784 1620 1981 2039 
5321 1530 1860 2022 2185 
5322 273 959 291 1781 
5323 335 1026 1794 2034 
5324 456 1881 1938 1968 
5325 175 193 873 1869 
5326 455 1126 1968 2216 
5327 1679 1875 1562 1974 
5328 1550 2139 1895 2169 
5329 1583 1673 2069 2206 
5330 378 1071 1963 2084 
5331 1670 2013 1797 2131 
5332 363 1806 1999 2110 
5333 84 778 102 1923 
5334 907 227 1698 2202 
5335 588 580 559 1945 
5336 1088 414 396 1909 
5337 492 510 1182 1973 
5338 273 291 958 1781 
5339 241 898 223 1812 
5340 1552 2039 1933 2163 
5341 1539 1951 1669 2174 
5342 239 903 221 1838 
5343 1821 2032 1577 2037 
5344 1626 1868 1828 2198 
5345 252 270 942 1830 
5346 347 1975 1035 2214 
5347 1531 1940 1852 2082 
5348 1670 1872 1592 2013 
5349 1813 2104 1617 2192 
5350 1575 1909 1771 1963 
5351 1597 1962 1693 2103 
5352 1181 511 2038 2061 
5353 158 1886 833 2058 
5354 1590 2017 1747 2092 
5355 1755 1592 2013 2163 
5356 193 175 871 1869 
5357 1742 1564 1854 2014 
5358 1148 1953 451 2102 
5359 1676 2191 1866 2204 
5360 434 1928 1776 2221 
5361 1857 1886 1593 1984 
5362 215 885 1817 2066 
5363 380 1049 362 1999 
5364 1108 434 1776 2221 
5365 1258 1224 1245 2065 
5366 1717 2082 1947 2196 
5367 1015 1772 344 2004 
5368 824 145 1740 2125 
5369 1089 1824 417 2221 
5370 1739 2079 1207 2145 
5371 230 1777 908 2098 
5372 346 364 1034 1738 
5373 878 200 2157 2158 
5374 300 1006 318 2000 
5375 1000 316 1815 2096 
5376 899 239 221 1838 
5377 1738 1877 1560 2110 
5378 1603 1764 2074 2136 
5379 1610 1976 1812 2197 
5380 102 779 84 1923 
5381 364 346 1035 1738 
5382 396 414 1094 1909 
5383 1743 2051 228 2202 
5384 1547 1726 1998 2141 
5385 1531 1736 1823 2118 
5386 1007 300 318 2000 
5387 1665 1847 1846 2022 
5388 97 1203 2061 2177 
5389 461 1154 443 2138 
5390 1618 2134 2009 2168 
5391 842 1810 169 2076 
5392 1811 2065 1609 2086 
5393 1542 1866 2191 2204 
5394 1721 2050 1596 2124 
5395 560 562 561 2224 
5396 1571 1713 1712 2172 
5397 1644 1974 1875 2099 
5398 385 403 1070 2223 
5399 214 891 196 2142 
5400 1539 1669 1951 2149 
5401 1571 1829 1713 2172 
5402 1565 1776 1824 1986 
5403 399 1090 417 1824 
5404 1577 1874 1821 2037 
5405 228 1743 1927 2051 
5406 362 1053 380 1999 
5407 1685 1859 1780 2178 
5408 1816 1569 1947 2082 
5409 1185 507 489 2184 
5410 239 1838 916 2010 
5411 1528 1904 1768 2054 
5412 1590 2071 1650 2092 
5413 179 856 161 1907 
5414 1066 1047 45 1221 
5415 435 1928 1129 2221 
5416 1615 1786 2034 2220 
5417 461 443 1159 2138 
5418 1672 1874 1964 2167 
5419 237 901 219 2147 
5420 1717 1585 2082 2196 
5421 1865 1922 1598 2112 
5422 172 1917 1753 2151 
5423 399 417 1089 1824 
5424 120 1710 798 2171 
5425 1596 2051 2048 2124 
5426 1838 2011 1610 2197 
5427 199 878 217 1825 
5428 287 305 989 1981 
5429 489 507 1184 2184 
5430 1580 1755 2013 2163 
5431 1185 507 2184 2208 
5432 260 933 278 1785 
5433 1954 1994 1582 2126 
5434 248 266 946 1957 
5435 1869 1987 1744 2095 
5436 360 342 1033 1912 
5437 1240 1221 1255 2175 
5438 189 868 171 1757 
5439 1573 1951 1748 1998 
5440 1651 2048 2051 2124 
5441 432 1754 1113 2190 
5442 934 260 278 1785 
5443 1593 1887 1886 2144 
5444 504 1739 1207 2145 
5445 108 771 90 1942 
5446 189 171 867 1757 
5447 2164 2173 1727 2218 
5448 847 179 161 1907 
5449 956 1742 294 2181 
5450 775 103 85 2156 
5451 796 106 124 2012 
5452 1786 1815 316 2096 
5453 1651 2051 1927 2124 
5454 1716 1940 1588 2106 
5455 1883 1989 1768 2129 
5456 1150 474 456 1938 
5457 432 1132 1754 2116 
5458 304 1796 989 1980 
5459 2048 2051 1596 2087 
5460 1603 2049 1781 2136 
5461 1224 876 1248 2065 
5462 1228 1229 1227 2133 
5463 1256 1086 1221 2175 
5464 1581 2027 1858 2119 
5465 127 1876 786 2135 
5466 1036 349 367 1993 
5467 93 507 1205 2184 
5468 906 207 225 1965 
5469 189 207 887 1965 
5470 1264 1255 1029 2045 
5471 1544 2041 1788 2122 
5472 360 1037 342 1912 
5473 1607 2152 1978 2214 
5474 902 237 219 2147 
5475 305 287 980 1981 
5476 1709 2038 1578 2133 
5477 892 1744 193 1987 
5478 1832 1977 1564 2002 
5479 399 2072 1824 2091 
5480 1639 2018 1771 2190 
5481 1741 1955 1637 2068 
5482 821 163 145 1740 
5483 1593 1972 1648 2105 
5484 435 1863 1928 2221 
5485 145 163 824 1740 
5486 507 93 1204 2184 
5487 842 169 187 2076 
5488 823 151 169 2076 
5489 1785 1854 1564 2014 
5490 259 1854 936 2197 
5491 1607 1922 1865 2112 
5492 126 1876 805 2059 
5493 1569 1917 1757 2151 
5494 117 792 99 1814 
5495 1819 1882 1679 2141 
5496 274 940 256 1741 
5497 124 106 799 2012 
5498 310 328 997 1978 
5499 1905 2036 1634 2077 
5500 205 1734 861 2199 
5501 1597 2103 1693 2176 
5502 256 941 274 1741 
5503 1063 1970 372 1995 
5504 85 103 778 2156 
5505 117 99 791 1814 
5506 442 460 1152 2071 
5507 326 996 1983 2170 
5508 1772 1560 1877 2110 
5509 1742 1854 1564 1977 
5510 367 349 1028 1993 
5511 1573 2139 1837 2174 
5512 105 1972 795 2186 
5513 438 1881 1126 2216 
5514 82 2033 1211 2114 
5515 263 945 2087 2194 
5516 403 421 1092 2046 
5517 225 207 905 1965 
5518 207 189 886 1965 
5519 1213 501 87 1780 
5520 1243 2166 1256 2175 
5521 1242 1236 1233 2023 
5522 1204 1966 506 2184 
5523 1065 376 358 2132 
5524 394 376 1084 2132 
5525 1542 1866 1759 2007 
5526 87 501 1214 1780 
5527 503 89 1217 1795 
5528 411 429 1118 2078 
5529 393 411 1099 2078 
5530 585 574 570 1873 
5531 1646 1569 1917 2101 
5532 814 1972 123 2144 
5533 1047 1255 1221 2161 
5534 112 769 94 2090 
5535 1532 1788 2017 2069 
5536 1600 1967 1966 2080 
5537 169 839 187 2076 
5538 151 820 169 2076 
5539 119 2009 1710 2043 
5540 816 1809 138 2113 
5541 568 1646 578 2101 
5542 1108 1776 416 2221 
5543 585 552 587 1836 
5544 1573 1792 1951 1998 
5545 1536 2074 1764 2136 
5546 328 310 998 1978 
5547 863 182 1756 2158 
5548 89 503 1208 1795 
5549 408 1819 1120 2203 
5550 818 142 124 1805 
5551 1670 1872 2013 2149 
5552 345 1032 1772 2110 
5553 587 574 585 1747 
5554 1154 460 442 2071 
5555 1707 1865 2126 2152 
5556 1590 1650 2017 2092 
5557 125 1924 818 2012 
5558 381 1806 1054 2072 
5559 452 1125 434 1928 
5560 1799 2111 1676 2191 
5561 403 385 1067 2046 
5562 421 403 1085 2046 
5563 1739 1921 1587 2207 
5564 142 815 124 1805 
5565 1595 1932 2029 2189 
5566 1552 1933 2121 2163 
5567 834 1857 141 2144 
5568 1062 358 376 2132 
5569 376 394 1079 2132 
5570 344 1012 2004 2016 
5571 1574 1815 2100 2146 
5572 570 585 1873 2148 
5573 1574 1815 1786 2096 
5574 1617 1837 2139 2174 
5575 335 317 1026 2034 
5576 1045 353 335 2034 
5577 1109 1863 435 2221 
5578 1002 1786 316 2096 
5579 429 411 1119 2078 
5580 1101 411 393 2078 
5581 453 1129 435 1863 
5582 1828 1868 1628 2198 
5583 94 770 112 2090 
5584 254 939 272 2143 
5585 272 958 290 2143 
5586 295 956 277 2014 
5587 1712 2172 782 2177 
5588 1790 1969 1674 2192 
5589 1947 2082 1585 2196 
5590 1670 1539 1872 2149 
5591 1656 2046 1627 2175 
5592 308 2049 975 2170 
5593 1136 447 429 1960 
5594 1594 1867 2187 2193 
5595 553 572 583 2100 
5596 1876 1989 1614 2059 
5597 434 1129 452 1928 
5598 1604 1986 1824 2091 
5599 591 578 568 1646 
5600 1106 2089 1961 2216 
5601 1588 1940 1852 2050 
5602 1598 1922 1865 2183 
5603 435 1130 453 1863 
5604 1914 2164 1642 2195 
5605 586 594 595 1732 
5606 277 952 295 2014 
5607 172 1753 869 2151 
5608 195 177 870 1844 
5609 570 561 562 1873 
5610 322 1027 340 2131 
5611 358 340 1046 2131 
5612 511 1188 493 2038 
5613 1530 1870 1894 2188 
5614 564 563 1816 2224 
5615 552 1836 585 2148 
5616 317 335 1021 2034 
5617 1040 335 353 2034 
5618 455 1131 437 2216 
5619 1138 429 447 1960 
5620 254 272 935 2143 
5621 954 272 290 2143 
5622 115 782 2172 2177 
5623 1538 2187 1867 2193 
5624 1701 2182 1598 2183 
5625 876 1224 36 2065 
5626 1748 1998 1726 2222 
5627 596 574 587 1747 
5628 1033 2016 361 2026 
5629 195 872 177 1844 
5630 1874 2037 1936 2167 
5631 232 927 1893 2062 
5632 1004 1849 321 2200 
5633 1629 1984 1886 2058 
5634 1587 1921 1739 2210 
5635 586 571 594 1732 
5636 1620 1992 1761 2219 
5637 1701 1993 367 2223 
5638 1009 1954 331 1997 
5639 1846 1847 1599 2022 
5640 1936 2037 1536 2167 
5641 1546 1910 1758 2140 
5642 1567 2062 1896 2209 
5643 331 1994 991 1997 
5644 1169 1885 472 1952 
5645 1654 1910 2140 2180 
5646 1627 2088 1660 2107 
5647 1181 511 493 2038 
5648 215 1890 912 2066 
5649 1577 1936 2037 2153 
5650 1568 1969 1790 2192 
5651 1710 2113 1809 2171 
5652 984 1796 304 2213 
5653 322 340 1024 2131 
5654 1043 340 358 2131 
5655 427 1120 409 1882 
5656 1753 1917 1569 2151 
5657 1016 1877 328 2214 
5658 840 1901 185 2211 
5659 1543 1834 1839 2107 
5660 465 1156 1903 2015 
5661 185 1704 846 2211 
5662 1602 1985 2060 2095 
5663 455 437 1126 2216 
5664 1648 2115 1780 2186 
5665 1243 2127 1864 2166 
5666 468 1151 450 1752 
5667 468 450 1144 1752 
5668 233 932 1890 2150 
5669 1743 2051 1596 2124 
5670 567 1947 576 2196 
5671 409 1117 427 1882 
5672 1799 1968 1601 2216 
5673 1585 1949 1760 2057 
5674 1761 1992 1620 2021 
5675 192 174 873 1937 
5676 158 832 140 1886 
5677 1543 2182 1701 2183 
5678 1145 452 1928 2005 
5679 1257 1864 1243 2127 
5680 1247 1260 1237 1713 
5681 1710 2009 1618 2043 
5682 1536 2136 1764 2153 
5683 1897 2022 1589 2185 
5684 326 2004 993 2170 
5685 1672 2037 1959 2129 
5686 1534 1989 1883 2129 
5687 1563 2111 1799 2191 
5688 1160 449 467 1868 
5689 1151 467 449 1868 
5690 1746 1944 1602 2073 
5691 1224 895 36 2065 
5692 473 1164 491 1952 
5693 1756 1642 2164 2195 
5694 174 192 874 1937 
5695 140 833 158 1886 
5696 1128 2116 432 2190 
5697 1664 1879 1889 2109 
5698 1593 1886 1857 2144 
5699 1544 1779 2006 2042 
5700 1619 2136 1936 2153 
5701 1580 2013 1908 2149 
5702 848 1917 172 2151 
5703 1236 1235 1233 1820 
5704 1592 1980 1796 2213 
5705 1762 1914 1591 2218 
5706 1659 2005 1928 2128 
5707 221 1827 884 2159 
5708 1670 2013 2131 2149 
5709 1915 2061 1712 2177 
5710 1111 416 434 1776 
5711 319 301 1003 2019 
5712 581 573 567 2196 
5713 1169 473 491 1952 
5714 416 1108 434 1776 
5715 1685 2178 1538 2187 
5716 417 1824 1900 2221 
5717 1757 1917 1569 2101 
5718 1536 1936 2136 2153 
5719 232 932 250 2062 
5720 1006 301 319 2019 
5721 1635 2076 1810 2199 
5722 1243 1257 1225 1864 
5723 39 1219 933 1251 
5724 944 15 582 550 
5725 183 1756 844 2195 
5726 1254 1240 1239 1808 
5727 259 1976 1854 2197 
5728 254 1855 918 1956 
5729 1577 1936 1874 2037 
5730 1243 1864 1225 2166 
5731 568 566 563 1816 
5732 1170 2117 486 2215 
5733 1086 1256 47 2166 
5734 581 582 1760 2196 
5735 1539 2013 1872 2149 
5736 490 472 1169 1885 
5737 1699 1894 1860 2056 
5738 1754 432 2116 2190 
5739 1593 1972 1887 2144 
5740 564 563 566 1816 
5741 563 560 569 2224 
5742 232 250 927 2062 
5743 1555 1769 1906 2054 
5744 1553 1933 1850 2039 
5745 1598 2094 1701 2183 
5746 1758 2140 1910 2180 
5747 304 286 989 1796 
5748 312 1994 994 2126 
5749 1607 1738 2112 2214 
5750 1804 2108 1758 2121 
5751 1168 472 490 1885 
5752 304 984 286 1796 
5753 1156 447 465 1903 
5754 591 569 584 1814 
5755 798 101 1923 2009 
5756 1606 2006 1794 2220 
5757 1596 2050 1743 2124 
5758 568 566 1816 2101 
5759 438 456 1126 1881 
5760 1780 1929 1647 2186 
5761 1544 2006 1779 2201 
5762 1803 2140 1654 2212 
5763 1059 353 371 1889 
5764 157 851 175 1944 
5765 1157 465 447 1903 
5766 257 2010 916 2011 
5767 438 1127 456 1881 
5768 1593 1857 1805 2144 
5769 1789 1967 1623 2097 
5770 51 1249 1218 1161 
5771 27 580 1172 549 
5772 1594 2024 1867 2193 
5773 353 1064 371 1889 
5774 1627 1864 2127 2166 
5775 861 204 186 1901 
5776 900 217 235 1934 
5777 1928 2005 1612 2128 
5778 1544 2201 1736 2220 
5779 165 1914 826 2195 
5780 883 219 1843 2147 
5781 784 1847 132 2120 
5782 1101 412 2078 2212 
5783 1240 1234 1239 1808 
5784 186 204 860 1901 
5785 233 215 904 1890 
5786 1592 1933 2039 2163 
5787 568 563 569 1930 
5788 1865 1922 1582 2183 
5789 897 235 217 1934 
5790 1599 2022 1860 2185 
5791 1915 2038 1578 2061 
5792 1097 389 407 1853 
5793 1634 2103 1905 2176 
5794 804 133 151 2172 
5795 115 133 785 2172 
5796 1544 2042 2041 2122 
5797 1579 2021 1761 2074 
5798 509 2020 1202 2044 
5799 232 214 912 1893 
5800 215 233 912 1890 
5801 582 550 581 1760 
5802 1254 1243 1256 2175 
5803 144 2059 805 2125 
5804 1102 407 389 1853 
5805 1242 1234 1241 1778 
5806 292 274 960 1955 
5807 1248 1245 1224 2065 
5808 385 2046 403 2223 
5809 300 282 987 2000 
5810 1788 2017 1566 2160 
5811 1217 502 2063 2115 
5812 910 214 232 1893 
5813 988 282 300 2000 
5814 1642 2164 1914 2218 
5815 154 850 172 1917 
5816 133 800 151 2172 
5817 115 782 133 2172 
5818 86 1212 1929 1962 
5819 914 1262 38 1251 
5820 925 582 14 593 
5821 292 959 274 1955 
5822 1219 1251 1250 1785 
5823 1538 1696 2187 2193 
5824 1652 2019 1837 2139 
5825 504 90 1208 2145 
5826 154 172 848 1917 
5827 1641 1935 1782 2182 
5828 955 293 275 2068 
5829 120 816 138 2113 
5830 581 589 582 2196 
5831 352 370 1057 1879 
5832 1739 2207 1587 2210 
5833 458 440 1123 1864 
5834 1824 2072 1604 2091 
5835 566 1947 1816 2101 
5836 589 555 593 1949 
5837 428 1960 1770 2217 
5838 1552 1804 2001 2121 
5839 458 1124 440 1864 
5840 862 198 180 2003 
5841 1082 390 372 1995 
5842 1656 2161 1993 2223 
5843 352 1059 370 1879 
5844 444 2179 1158 2225 
5845 433 2018 1111 2102 
5846 552 585 571 2148 
5847 1760 1949 1585 2196 
5848 960 275 293 2068 
5849 1060 373 1970 2222 
5850 390 1083 372 1995 
5851 1644 2015 1685 2187 
5852 1846 2020 1589 2044 
5853 90 504 1207 2145 
5854 1816 1947 1569 2101 
5855 138 817 120 2113 
5856 387 1077 369 1836 
5857 1593 1958 1807 2105 
5858 198 866 180 2003 
5859 1670 2149 2131 2200 
5860 499 1212 85 1962 
5861 1585 2082 1940 2155 
5862 1552 2121 2001 2163 
5863 369 1076 387 1836 
5864 1773 1563 2130 2191 
5865 1601 2089 1961 2204 
5866 1569 1947 1757 2101 
5867 1757 1947 577 2101 
5868 463 1158 445 1875 
5869 1249 50 1261 1143 
5870 1153 26 592 580 
5871 1591 1914 2164 2218 
5872 1528 1758 2108 2121 
5873 138 1809 2075 2113 
5874 497 1920 1216 2114 
5875 1933 1755 2121 2163 
5876 202 1996 865 2052 
5877 1617 1837 2019 2139 
5878 561 570 574 1873 
5879 1639 1754 2116 2190 
5880 331 1009 349 1954 
5881 1927 2051 1743 2124 
5882 215 197 885 2066 
5883 212 230 908 2098 
5884 1013 331 349 1954 
5885 1239 1243 1254 2127 
5886 313 991 331 1994 
5887 784 114 132 1847 
5888 597 579 577 1757 
5889 567 566 576 1947 
5890 1218 1227 1915 2133 
5891 1676 2111 1866 2191 
5892 1744 1985 1869 2095 
5893 785 132 114 1847 
5894 331 994 313 1994 
5895 909 230 212 2098 
5896 552 571 1836 2148 
5897 894 197 215 2066 
5898 1602 2060 1800 2095 
5899 1672 2037 1874 2167 
5900 1530 2022 1897 2185 
5901 2069 2205 1880 2206 
5902 1547 1998 1726 2189 
5903 1135 2071 442 2092 
5904 1224 36 1248 876 
5905 579 887 12 555 
5906 1693 2103 1962 2156 
5907 1629 1844 1984 2058 
5908 1532 2040 1880 2205 
5909 590 16 963 550 
5910 1219 1259 40 953 
5911 1578 2038 1915 2133 
5912 1532 1880 2069 2205 
5913 1573 1895 2139 2174 
5914 1115 23 587 596 
5915 159 853 177 2058 
5916 1634 1905 2077 2176 
5917 1244 1250 1242 2023 
5918 589 593 582 1949 
5919 552 571 586 1836 
5920 203 221 884 2159 
5921 1865 1975 1598 2094 
5922 1627 2088 1864 2166 
5923 1698 2057 1585 2155 
5924 1562 1880 2205 2206 
5925 809 143 125 1924 
5926 177 852 159 2058 
5927 1028 368 1993 2045 
5928 1597 1905 2103 2176 
5929 276 956 294 2181 
5930 203 879 221 2159 
5931 479 1173 461 2138 
5932 1106 419 1961 2089 
5933 1227 1226 1218 1915 
5934 1881 1601 1968 2216 
5935 1653 1827 2035 2052 
5936 125 143 818 1924 
5937 1544 2006 2201 2220 
5938 553 18 1001 583 
5939 1252 42 990 1222 
5940 1896 2062 948 2209 
5941 1218 1226 52 1180 
5942 549 1191 28 557 
5943 1568 1813 2169 2192 
5944 1106 437 2089 2216 
5945 276 294 955 2181 
5946 479 461 1179 2138 
5947 1695 2028 1893 2062 
5948 1566 2109 1788 2160 
5949 551 597 577 1757 
5950 257 239 916 2010 
5951 584 554 591 1814 
5952 592 588 556 1945 
5953 1033 343 361 2016 
5954 921 239 257 2010 
5955 373 391 1082 2222 
5956 551 1757 577 2101 
5957 931 228 2051 2202 
5958 1793 2043 1618 2134 
5959 361 343 1031 2016 
5960 558 549 557 1891 
5961 1113 1909 414 2190 
5962 86 1212 500 1929 
5963 1563 1866 2111 2191 
5964 1080 391 373 2222 
5965 1601 1961 2089 2216 
5966 597 11 579 868 
5967 1804 1758 2001 2121 
5968 86 500 1213 1929 
5969 1600 2079 1966 2210 
5970 1876 2059 1614 2125 
5971 1617 2139 1895 2174 
5972 569 591 568 1930 
5973 1818 2130 1589 2185 
5974 1262 37 1224 895 
5975 593 13 906 555 
5976 589 567 576 2196 
5977 1796 1980 304 2213 
5978 883 219 201 1843 
5979 882 201 219 1843 
5980 1048 367 1993 2223 
5981 421 439 1112 2088 
5982 1265 1243 1225 2166 
5983 1217 88 502 2115 
5984 1105 439 421 2088 
5985 502 88 1214 2115 
5986 228 1927 930 2051 
5987 1140 1848 426 2179 
5988 1248 1246 1245 2086 
5989 337 1892 1044 2055 
5990 577 1947 566 2101 
5991 576 566 577 1947 
5992 1797 2013 1592 2163 
5993 355 1060 373 1970 
5994 1797 1580 2013 2163 
5995 355 373 1063 1970 
5996 46 1221 1256 1086 
5997 587 552 22 1096 
5998 1240 1254 1221 2175 
5999 1536 2037 1936 2153 
6000 144 126 805 2059 
6001 495 81 1210 1891 
6002 1261 49 1225 1123 
6003 25 1134 592 556 
6004 81 495 1209 1891 
6005 1223 30 1253 763 
6006 554 6 773 584 
6007 1002 316 298 2096 
6008 126 144 809 2059 
6009 1617 2169 1813 2192 
6010 1655 2154 1878 2184 
6011 345 363 1032 2110 
6012 916 258 2011 2197 
6013 1842 2089 1676 2204 
6014 417 1900 1109 2221 
6015 1000 298 316 2096 
6016 368 1048 1993 2161 
6017 572 575 2100 2146 
6018 922 1976 259 2197 
6019 1135 442 424 2092 
6020 836 138 2075 2113 
6021 1029 1264 44 1255 
6022 595 1039 20 586 
6023 1655 2184 1878 2208 
6024 345 1034 363 2110 
6025 998 1978 311 2152 
6026 1878 2154 1623 2184 
6027 1133 424 442 2092 
6028 1618 2009 1845 2168 
6029 426 1848 1121 2203 
6030 510 1203 96 2020 
6031 1993 2045 368 2161 
6032 236 254 918 1956 
6033 1202 510 96 2020 
6034 592 580 588 1945 
6035 1166 1921 486 2117 
6036 1229 1232 1238 1990 
6037 1617 1895 2139 2169 
6038 254 236 919 1956 
6039 558 557 584 1891 
6040 1139 2179 426 2203 
6041 165 825 147 1914 
6042 1227 1253 1226 1915 
6043 147 826 165 1914 
6044 939 255 273 1913 
6045 184 865 202 1996 
6046 255 940 273 1913 
6047 1221 1047 45 1255 
6048 552 586 21 1058 
6049 864 184 202 1996 
6050 1118 1960 428 2217 
6051 290 308 978 2049 
6052 1531 1940 2082 2155 
6053 146 802 128 2047 
6054 1262 1258 1251 2064 
6055 128 806 146 2047 
6056 975 308 290 2049 
6057 1574 2096 1856 2100 
6058 907 209 227 2202 
6059 162 828 144 2125 
6060 916 240 258 2197 
6061 1044 337 355 1892 
6062 209 913 227 2202 
6063 1264 1222 1263 2045 
6064 1265 1225 48 1123 
6065 556 24 1134 596 
6066 337 1041 355 1892 
6067 346 1016 328 2214 
6068 225 924 243 1949 
6069 98 512 1199 1915 
6070 512 98 1200 1915 
6071 162 144 824 2125 
6072 925 225 243 1949 
6073 922 258 240 2197 
6074 356 1042 1950 2123 
6075 32 1247 801 1267 
6076 811 8 598 578 
6077 328 1017 346 2214 
6078 1106 437 419 2089 
6079 1227 1229 1238 1990 
6080 570 565 571 2148 
6081 1110 419 437 2089 
6082 564 562 563 2224 
6083 146 825 164 1926 
6084 821 146 164 1926 
6085 1015 344 326 2004 
6086 415 433 1107 2018 
6087 426 2179 1848 2203 
6088 137 2043 817 2113 
6089 433 415 1111 2018 
6090 1012 326 344 2004 
6091 1183 486 1921 2215 
6092 29 1226 1253 763 
6093 5 773 584 557 
6094 397 379 1068 2084 
6095 120 798 102 2171 
6096 1242 1250 1236 2023 
6097 1159 462 2138 2225 
6098 1071 379 397 2084 
6099 366 348 1036 2094 
6100 1256 1243 1265 2166 
6101 1815 2096 1574 2100 
6102 102 797 120 2171 
6103 105 796 123 1972 
6104 506 1204 92 1966 
6105 1030 348 366 2094 
6106 997 327 309 1983 
6107 1673 2205 2069 2206 
6108 795 105 123 1972 
6109 1201 506 92 1966 
6110 486 2117 1921 2215 
6111 1101 394 412 2212 
6112 327 996 309 1983 
6113 92 768 110 1967 
6114 242 260 915 2064 
6115 110 764 92 1967 
6116 914 260 242 2064 
6117 1152 459 441 1945 
6118 1153 441 459 1945 
6119 394 1103 412 2212 
6120 1024 2131 339 2200 
6121 1235 1245 1246 2086 
6122 268 1896 948 2209 
6123 1186 508 490 2208 
6124 440 1105 422 2166 
6125 1030 365 347 1975 
6126 1035 347 365 1975 
6127 422 1104 440 2166 
6128 1048 385 367 2223 
6129 490 508 1185 2208 
6130 572 573 575 2146 
6131 246 228 930 2051 
6132 1051 367 385 2223 
6133 250 948 2062 2209 
6134 1028 350 368 2045 
6135 511 97 1203 2061 
6136 228 246 931 2051 
6137 1029 368 350 2045 
6138 97 511 1200 2061 
6139 284 302 985 2104 
6140 82 496 1211 2033 
6141 986 302 284 2104 
6142 82 1209 496 2033 
6143 19 553 1020 595 
6144 43 1264 1010 1222 
6145 187 205 861 2199 
6146 1008 304 1980 2213 
6147 233 251 932 2150 
6148 892 193 211 1987 
6149 572 575 583 2100 
6150 551 568 578 2101 
6151 857 205 187 2199 
6152 1148 469 451 1953 
6153 1249 1228 1218 2133 
6154 167 185 846 2211 
6155 469 1144 451 1953 
6156 233 923 251 2150 
6157 889 211 193 1987 
6158 1239 1230 1243 2127 
6159 836 138 156 2075 
6160 83 497 1216 2114 
6161 167 840 185 2211 
6162 835 156 138 2075 
6163 380 398 1068 2091 
6164 83 1211 497 2114 
6165 417 1109 435 2221 
6166 380 1072 398 2091 
6167 1071 396 378 1963 
6168 378 396 1075 1963 
6169 119 817 137 2043 
6170 417 435 1108 2221 
6171 137 812 119 2043 
6172 172 869 190 2151 
6173 867 172 190 2151 
6174 819 1247 33 1220 
6175 830 551 9 578 
6176 101 798 119 2009 
6177 1263 1255 1264 2045 
6178 119 793 101 2009 
6179 452 470 1148 2005 
6180 565 573 572 2146 
6181 1145 470 452 2005 
6182 1207 2079 91 2145 
6183 259 922 241 1976 
6184 259 241 915 1976 
6185 244 226 926 2057 
6186 1257 1243 1230 2127 
6187 2079 2080 91 2145 
6188 1267 781 31 1223 
6189 598 554 7 792 
6190 924 226 244 2057 
6191 1128 433 451 2102 
6192 91 2080 767 2145 
6193 451 433 1125 2102 
6194 224 242 896 2065 
6195 1207 505 91 2079 
6196 1201 91 505 2079 
6197 224 895 242 2065 
6198 560 563 562 2224 
6199 181 843 163 2083 
6200 163 841 181 2083 
6201 356 338 1042 2123 
6202 950 263 245 2087 
6203 245 263 945 2087 
6204 338 356 1041 2123 
6205 321 1024 339 2200 
6206 321 339 1022 2200 
6207 468 1166 486 2117 
6208 109 767 91 2080 
6209 408 426 1121 2203 
6210 91 764 109 2080 
6211 1134 25 24 556 
6212 1225 49 48 1123 
6213 863 200 182 2158 
6214 468 486 1170 2117 
6215 408 1120 426 2203 
6216 183 844 165 2195 
6217 182 200 859 2158 
6218 1218 1228 1227 2133 
6219 893 209 191 2106 
6220 888 191 209 2106 
6221 183 165 845 2195 
6222 246 264 950 2048 
6223 264 246 949 2048 
6224 312 994 330 2126 
6225 312 330 992 2126 
6226 40 39 1219 953 
6227 16 15 963 550 
6228 326 993 308 2170 
6229 6 5 773 584 
6230 30 29 1253 763 
6231 326 308 996 2170 
6232 1072 381 399 2072 
6233 444 1140 426 2179 
6234 381 1073 399 2072 
6235 444 426 1139 2179 
6236 1191 28 27 549 
6237 1218 52 51 1180 
6238 1183 504 486 2215 
6239 1008 322 304 2213 
6240 486 504 1189 2215 
6241 1005 304 322 2213 
6242 589 581 567 2196 
6243 105 87 777 2186 
6244 87 105 776 2186 
6245 432 1113 414 2190 
6246 432 450 1132 2116 
6247 1128 450 432 2116 
6248 414 1107 432 2190 
6249 218 878 200 2157 
6250 218 200 882 2157 
6251 998 311 329 2152 
6252 568 577 566 2101 
6253 329 311 992 2152 
6254 568 551 577 2101 
6255 13 12 906 555 
6256 1224 37 36 895 
6257 14 15 582 944 
6258 933 38 39 1251 
6259 141 814 123 2144 
6260 123 815 141 2144 
6261 26 27 580 1172 
6262 51 50 1249 1161 
6263 250 268 948 2209 
6264 268 250 951 2209 
6265 509 1202 95 2044 
6266 509 95 1206 2044 
6267 263 969 281 2194 
6268 281 964 263 2194 
6269 127 786 109 2135 
6270 109 783 127 2135 
6271 118 136 810 2134 
6272 118 812 136 2134 
6273 368 386 1048 2161 
6274 1047 386 368 2161 
6275 1220 34 838 1266 
6276 10 597 551 849 
6277 570 571 585 2148 
6278 791 100 118 2168 
6279 583 575 590 2100 
6280 100 793 118 2168 
6281 887 12 11 579 
6282 1248 36 35 876 
6283 164 163 821 841 
6284 891 910 214 213 
6285 813 121 122 794 
6286 824 163 162 843 
6287 1148 469 1163 470 
6288 422 421 1085 1105 
6289 878 199 200 859 
6290 879 203 204 860 
6291 109 110 783 764 
6292 846 166 167 827 
6293 787 110 111 768 
6294 994 330 1013 331 
6295 983 281 964 280 
6296 1192 1211 497 496 
6297 776 86 87 1213 
6298 874 191 893 192 
6299 893 913 210 209 
6300 950 245 246 931 
6301 322 1027 1008 323 
6302 88 89 780 1217 
6303 898 922 241 240 
6304 859 181 182 841 
6305 450 1144 1128 451 
6306 932 251 250 951 
6307 830 9 8 578 
6308 1247 33 32 819 
6309 243 944 14 925 
6310 260 914 38 933 
6311 97 762 115 2177 
6312 1117 410 428 2217 
6313 97 115 766 2177 
6314 1118 428 410 2217 
6315 22 23 587 1096 
6316 1256 47 46 1086 
6317 462 1159 444 2225 
6318 462 444 1158 2225 
6319 14 13 925 593 
6320 1262 38 37 914 
6321 20 21 586 1058 
6322 1047 44 45 1255 
6323 25 26 592 1153 
6324 1261 50 49 1143 
6325 18 17 1001 583 
6326 41 42 990 1252 
6327 24 23 1115 596 
6328 1104 47 48 1265 
6329 1047 45 386 1066 
6330 590 16 17 982 
6331 971 40 41 1259 
6332 1010 42 43 1222 
6333 18 19 553 1020 
6334 9 10 551 849 
6335 33 34 838 1220 
6336 21 22 552 1077 
6337 45 46 1066 1221 
6338 1221 1254 1256 2175 
6339 554 6 7 792 
6340 30 31 781 1223 
6341 10 11 597 868 
6342 858 34 35 1266 
6343 557 28 5 1210 
6344 1226 29 52 1199 
6345 1039 20 19 595 
6346 44 43 1264 1029 
6347 7 8 598 811 
6348 801 31 32 1267 
6349 2034 1732 352 1038 
6350 2034 352 1732 1615 
6351 1887 2073 1593 1886 
6352 1593 2073 1887 1551 
6353 1990 1231 1605 1751 
6354 1990 1605 1231 1232 
6355 2054 1918 1768 1528 
6356 2054 1768 1918 1906 
6357 460 1662 478 1171 
6358 478 1662 460 1661 
6359 2074 1959 1764 1702 
6360 2074 1764 1959 1536 
6361 1920 479 497 1197 
6362 1920 497 479 1723 
6363 1806 1708 2072 1649 
6364 1806 2072 1708 382 
6365 1073 1708 2072 382 
6366 1798 768 1789 111 
6367 1798 1789 768 1623 
6368 1716 907 1965 1698 
6369 1716 1965 907 208 
6370 1978 293 311 1707 
6371 1978 311 293 977 
6372 1828 2117 485 1628 
6373 485 2117 1828 1170 
6374 2049 309 291 975 
6375 2049 291 309 1714 
6376 1820 1258 2023 1236 
6377 1820 2023 1258 1609 
6378 1884 1926 2164 1591 
6379 2164 1926 1884 1622 
6380 1023 2123 1669 338 
6381 1669 2123 1023 1837 
6382 1669 320 1023 338 
6383 1023 320 1669 1837 
6384 880 2159 1812 222 
6385 1812 2159 880 1734 
6386 489 2208 1833 1655 
6387 1244 2014 1259 1219 
6388 1259 2014 1244 1682 
6389 449 2116 1754 1132 
6390 1754 2116 449 1868 
6391 1926 182 2158 1756 
6392 1926 2158 182 841 
6393 2192 1539 1895 1969 
6394 2192 1895 1539 2174 
6395 2097 1548 1591 1683 
6396 2097 1591 1548 1789 
6397 2224 565 1873 1621 
6398 2224 1873 565 562 
6399 2113 1545 2043 1710 
6400 2113 2043 1545 1678 
6401 2019 2104 1813 985 
6402 1813 2104 2019 1617 
6403 2119 2103 1899 1634 
6404 2119 1899 2103 1633 
6405 1977 1699 2002 1832 
6406 1977 2002 1699 1943 
6407 1965 576 1949 555 
6408 1965 1949 576 1947 
6409 2153 1730 2032 1577 
6410 2153 2032 1730 1802 
6411 1810 2056 1894 1541 
6412 1894 2056 1810 1608 
6413 1964 1890 1817 1584 
6414 1964 1817 1890 1630 
6415 2023 1605 1233 1778 
6416 2023 1233 1605 1820 
6417 1559 2173 1843 1653 
6418 1559 1843 2173 1642 
6419 1996 1843 2173 1653 
6420 1996 2173 1843 1642 
6421 2044 2208 508 1767 
6422 508 2208 2044 1206 
6423 508 1186 2044 1767 
6424 1891 569 584 558 
6425 1891 584 569 1814 
6426 2148 1621 2160 1873 
6427 2148 2160 1621 1765 
6428 2086 1258 2065 1609 
6429 2086 2065 1258 1245 
6430 581 2100 550 575 
6431 550 2100 581 1760 
6432 436 1799 2089 1131 
6433 2089 1799 436 1676 
6434 1976 2065 1812 896 
6435 1812 2065 1976 1609 
6436 2047 787 1967 128 
6437 2047 1967 787 1789 
6438 2024 1687 2078 1546 
6439 2024 2078 1687 1688 
6440 2106 2151 190 869 
6441 190 2151 2106 1716 
6442 2106 888 190 1716 
6443 1021 2034 316 1786 
6444 1021 316 2034 334 
6445 1019 316 2034 1786 
6446 1019 2034 316 334 
6447 1958 1902 1538 1645 
6448 1958 1538 1902 1807 
6449 1960 1903 2015 1594 
6450 1960 2015 1903 447 
6451 1962 1647 86 1774 
6452 1962 86 1647 1929 
6453 1930 560 1572 1787 
6454 1930 1572 560 569 
6455 558 1572 560 1787 
6456 558 560 1572 569 
6457 1988 1906 2054 1555 
6458 1988 2054 1906 1768 
6459 1613 2183 1543 1701 
6460 1543 2183 1613 2081 
6461 2219 1784 980 1925 
6462 2219 980 1784 1981 
6463 1891 559 1787 558 
6464 1891 1787 559 1662 
6465 2025 1966 2210 1600 
6466 2025 2210 1966 1549 
6467 1018 1797 1912 341 
6468 1912 1797 1018 1724 
6469 2021 1616 1552 1737 
6470 2021 1552 1616 1706 
6471 412 2212 1122 1654 
6472 413 1122 2212 1654 
6473 2199 1541 1810 1635 
6474 2199 1810 1541 1734 
6475 2197 1666 276 2011 
6476 2197 276 1666 1854 
6477 1893 891 2142 1718 
6478 1893 2142 891 214 
6479 1987 911 1744 1743 
6480 210 1744 911 1743 
6481 2135 1600 1967 1677 
6482 2135 1967 1600 2080 
6483 1982 1622 1821 1686 
6484 1982 1821 1622 1825 
6485 365 1935 2094 1050 
6486 365 2094 1935 1975 
6487 2138 480 462 1179 
6488 2138 462 480 1822 
6489 2169 2192 1969 1568 
6490 1969 2192 2169 1895 
6491 1969 1735 2169 1568 
6492 2169 1735 1969 1895 
6493 103 2171 2165 797 
6494 2165 2171 103 1774 
6495 2165 121 103 797 
6496 2183 1832 1582 2081 
6497 2183 1582 1832 1922 
6498 206 1266 876 1248 
6499 35 876 1266 1248 
6500 2008 1542 1773 1705 
6501 2008 1773 1542 2007 
6502 836 2043 155 137 
6503 831 155 2043 137 
6504 831 2043 155 1793 
6505 2134 117 1646 810 
6506 1143 1249 1709 1261 
6507 1143 1709 1249 476 
6508 1934 1936 1956 1855 
6509 1956 1936 1934 1577 
6510 2171 778 103 1633 
6511 2161 1029 1255 2045 
6512 968 1813 1651 265 
6513 1651 1813 968 1791 
6514 1651 2048 968 265 
6515 968 2048 1651 1791 
6516 1894 1829 2022 1608 
6517 1894 2022 1829 1571 
6518 1678 1809 2060 1545 
6519 1899 1809 2060 1602 
6520 1899 2060 1809 1545 
6521 1085 2166 2175 422 
6522 2175 2166 1085 2046 
6523 2175 404 1085 422 
6524 1085 404 2175 2046 
6525 1966 1184 1733 506 
6526 1966 1733 1184 1833 
6527 2213 1027 2131 1797 
6528 2213 2131 1027 322 
6529 2176 1941 1693 1597 
6530 2176 1693 1941 1822 
6531 1900 1110 2089 418 
6532 2042 2139 1652 1573 
6533 1652 2139 2042 2006 
6534 479 2138 1197 1632 
6535 480 1197 2138 1632 
6536 193 871 1987 1869 
6537 194 1987 871 1869 
6538 2132 1950 1595 2029 
6539 2132 1595 1950 1775 
6540 1935 402 384 1069 
6541 1935 384 402 1782 
6542 121 1746 794 813 
6543 121 794 1746 2165 
6544 1887 794 1746 813 
6545 1887 1746 794 2165 
6546 2160 2201 1544 1788 
6547 1544 2201 2160 1736 
6548 1544 2109 2160 1788 
6549 2160 2109 1544 1736 
6550 2114 774 1923 83 
6551 2114 1923 774 1845 
6552 1540 1871 1727 1692 
6553 1727 1871 1540 2173 
6554 1897 1973 2020 1697 
6555 2020 1973 1897 1589 
6556 1900 400 418 1842 
6557 1900 418 400 1090 
6558 2049 309 2170 1983 
6559 2049 2170 309 975 
6560 350 1997 1613 1009 
6561 1613 1997 350 2045 
6562 350 1028 1613 2045 
6563 1996 201 1756 1843 
6564 1996 1756 201 864 
6565 2091 1776 1986 1824 
6566 2091 1986 1776 1667 
6567 1875 2099 2179 445 
6568 1875 2179 2099 1679 
6569 1139 2179 2099 445 
6570 1139 2099 2179 1679 
6571 2168 812 118 2134 
6572 951 2150 932 251 
6573 932 2150 951 1658 
6574 17 982 583 590 
6575 41 1252 971 1259 
6576 2048 969 1791 264 
6577 2048 1791 969 1720 
6578 2142 1783 1694 1584 
6579 2142 1694 1783 1625 
6580 2016 362 344 1031 
6581 2016 344 362 1999 
6582 2100 297 279 982 
6583 489 2184 2208 1185 
6584 2208 2184 489 1833 
6585 2165 794 103 121 
6586 2165 103 794 1774 
6587 1900 436 1863 1676 
6588 1900 1863 436 1109 
6589 1953 1733 1148 1163 
6590 1953 1148 1733 2005 
6591 470 1148 1733 1163 
6592 470 1733 1148 2005 
6593 1896 1969 1695 1567 
6594 1695 1969 1896 1790 
6595 2072 400 1708 1073 
6596 2072 1708 400 1649 
6597 1186 2044 1973 509 
6598 1973 2044 1186 1767 
6599 2026 378 2084 1052 
6600 2026 2084 378 1963 
6601 774 2009 1923 101 
6602 1923 2009 774 1845 
6603 1947 579 577 576 
6604 1947 577 579 1757 
6605 315 2100 583 1001 
6606 583 2100 315 1815 
6607 2076 188 2199 1635 
6608 2076 2199 188 839 
6609 1979 1037 1750 1912 
6610 1979 1750 1037 359 
6611 1824 416 2221 1089 
6612 1824 2221 416 1776 
6613 2117 2207 1752 1587 
6614 1752 2207 2117 1628 
6615 2092 1152 441 1945 
6616 1857 142 2144 834 
6617 1857 2144 142 1805 
6618 2014 934 1854 277 
6619 2014 1854 934 1785 
6620 2072 1053 1806 1999 
6621 2072 1806 1053 381 
6622 363 1806 1053 1999 
6623 363 1053 1806 381 
6624 1835 788 1762 130 
6625 1835 1762 788 1798 
6626 2120 804 1847 132 
6627 2120 1847 804 1829 
6628 2106 874 1753 191 
6629 2106 1753 874 1937 
6630 1991 1640 2108 1804 
6631 1991 2108 1640 1971 
6632 2171 2119 1923 1633 
6633 2171 1923 2119 1710 
6634 1661 1650 1673 2069 
6635 1661 1673 1650 2071 
6636 2122 1532 2069 1788 
6637 2122 2069 1532 1880 
6638 1993 349 1613 1954 
6639 1993 1613 349 1028 
6640 1009 1613 349 1954 
6641 2063 1628 1586 1828 
6642 2063 1586 1628 1795 
6643 2025 1831 1898 1549 
6644 2025 1898 1831 1749 
6645 816 2165 2171 121 
6646 2171 2165 816 1809 
6647 2219 995 325 307 
6648 325 995 2219 1992 
6649 325 993 2219 307 
6650 2219 993 325 1992 
6651 2100 981 279 297 
6652 2100 279 981 1856 
6653 1973 509 2020 1182 
6654 1973 2020 509 2044 
6655 361 2016 1049 1826 
6656 362 1049 2016 1826 
6657 83 1216 1923 2114 
6658 1543 2182 2107 1782 
6659 1543 2107 2182 1834 
6660 1660 2107 2182 1782 
6661 1660 2182 2107 1834 
6662 2168 1646 791 1814 
6663 2168 791 1646 2134 
6664 117 791 1646 1814 
6665 117 1646 791 2134 
6666 2200 320 1004 1849 
6667 2130 1643 1563 1773 
6668 2130 1563 1643 1818 
6669 1236 2086 1258 1245 
6670 1258 2086 1236 1820 
6671 1951 2123 1950 1669 
6672 1950 2123 1951 1748 
6673 2085 2119 1899 1634 
6674 1899 2119 2085 1545 
6675 927 2137 2062 249 
6676 2062 2137 927 1695 
6677 1252 971 1682 314 
6678 1252 1682 971 1259 
6679 157 1985 175 854 
6680 175 1985 157 1944 
6681 2137 266 248 1957 
6682 2137 248 266 947 
6683 338 2200 320 1022 
6684 320 2200 338 1669 
6685 2089 436 1900 1676 
6686 2089 1900 436 1110 
6687 2130 1636 1897 2030 
6688 1968 474 456 1149 
6689 1968 456 474 1938 
6690 1982 217 199 881 
6691 1982 199 217 1825 
6692 2124 2048 1550 1651 
6693 2124 1550 2048 1596 
6694 2213 321 1849 1670 
6695 2213 1849 321 1005 
6696 2038 512 2061 1915 
6697 2038 2061 512 1181 
6698 2089 1641 1087 1961 
6699 2089 1087 1641 1842 
6700 290 2143 1681 954 
6701 1681 2143 290 2049 
6702 1899 2171 2165 1633 
6703 2165 2171 1899 1809 
6704 2168 1572 2033 1845 
6705 2168 2033 1572 1814 
6706 2117 467 1828 1170 
6707 2117 1828 467 1868 
6708 463 2099 445 1155 
6709 445 2099 463 1875 
6710 2099 464 446 1155 
6711 2099 446 464 2015 
6712 2209 932 2062 250 
6713 2209 2062 932 1658 
6714 2137 231 2098 929 
6715 2137 2098 231 1695 
6716 1791 2139 2000 1550 
6717 2000 2139 1791 2019 
6718 2021 2016 1616 1579 
6719 2021 1616 2016 1706 
6720 2126 973 2181 1707 
6721 2126 2181 973 312 
6722 353 2034 1879 1040 
6723 1879 2034 353 1889 
6724 353 1059 1879 1889 
6725 2115 1795 1217 1841 
6726 2115 1217 1795 2063 
6727 2014 934 278 1785 
6728 394 2132 1687 1079 
6729 1687 2132 394 2212 
6730 394 1101 1687 2212 
6731 2130 1973 1897 1636 
6732 2130 1897 1973 1589 
6733 2174 1792 1539 1951 
6734 2174 1539 1792 1895 
6735 2145 108 90 1942 
6736 2145 90 108 767 
6737 2223 403 1782 2046 
6738 2223 1782 403 1070 
6739 2217 1960 2078 1118 
6740 2078 1960 2217 1688 
6741 2078 411 2217 1118 
6742 2217 411 2078 1688 
6743 1013 2126 348 330 
6744 1011 348 2126 330 
6745 1011 2126 348 1865 
6746 2060 2075 1809 1678 
6747 1809 2075 2060 1602 
6748 329 1865 2126 1011 
6749 2126 1865 329 2152 
6750 329 992 2126 2152 
6751 2179 2206 1875 1673 
6752 1875 2206 2179 1679 
6753 499 2156 85 1215 
6754 85 2156 499 1962 
6755 2170 2074 1681 1603 
6756 2170 1681 2074 1761 
6757 2035 2159 1838 1631 
6758 1838 2159 2035 1827 
6759 1838 1576 2035 1631 
6760 2035 1576 1838 1827 
6761 829 2134 154 1793 
6762 829 154 2134 136 
6763 831 154 2134 1793 
6764 831 2134 154 136 
6765 2186 2105 1972 1647 
6766 2186 1972 2105 1648 
6767 2184 1205 2208 507 
6768 2184 2208 1205 1878 
6769 2215 2207 1795 1628 
6770 2215 1795 2207 1739 
6771 2166 47 1265 1256 
6772 2166 1265 47 1104 
6773 2065 1262 1258 1224 
6774 2065 1258 1262 2064 
6775 379 378 2084 1071 
6776 379 2084 378 1052 
6777 376 377 1803 1065 
6778 376 1803 377 1084 
6779 383 384 1935 1050 
6780 1935 384 383 1069 
6781 373 374 2222 1060 
6782 373 2222 374 1080 
6783 386 385 2161 1067 
6784 386 2161 385 1048 
6785 2223 2161 385 1067 
6786 2223 385 2161 1048 
6787 226 227 1698 907 
6788 226 1698 227 926 
6789 370 371 1879 1059 
6790 1879 371 370 1078 
6791 376 375 2132 1079 
6792 376 2132 375 1062 
6793 373 372 1970 1082 
6794 373 1970 372 1063 
6795 226 225 2057 924 
6796 226 2057 225 905 
6797 1949 2057 225 924 
6798 1949 225 2057 905 
6799 378 377 1963 1075 
6800 1963 377 378 1056 
6801 278 277 2014 952 
6802 278 2014 277 934 
6803 271 272 2143 935 
6804 271 2143 272 954 
6805 380 379 1826 1068 
6806 380 1826 379 1049 
6807 274 273 1955 959 
6808 274 1955 273 940 
6809 271 270 1624 957 
6810 271 1624 270 938 
6811 272 273 1781 939 
6812 1781 273 272 958 
6813 277 276 1854 956 
6814 277 1854 276 936 
6815 385 384 2223 1070 
6816 385 2223 384 1051 
6817 267 268 1896 948 
6818 267 1896 268 967 
6819 375 374 2029 1081 
6820 375 2029 374 1061 
6821 229 228 1927 930 
6822 229 1927 228 911 
6823 370 369 1836 1076 
6824 370 1836 369 1057 
6825 266 265 1813 965 
6826 266 1813 265 946 
6827 266 267 1790 947 
6828 1790 267 266 966 
6829 268 269 2209 951 
6830 268 2209 269 970 
6831 262 261 1760 962 
6832 262 1760 261 943 
6833 475 476 1709 1142 
6834 1709 476 475 1162 
6835 469 1953 2117 1144 
6836 2117 1953 469 1166 
6837 2117 468 469 1144 
6838 469 468 2117 1166 
6839 470 471 2005 1145 
6840 470 2005 471 1167 
6841 461 460 1661 1173 
6842 1661 460 461 1154 
6843 463 464 1644 1155 
6844 463 1644 464 1174 
6845 464 465 2015 1156 
6846 464 2015 465 1175 
6847 466 465 1903 1176 
6848 1903 465 466 1157 
6849 463 462 2225 1177 
6850 2225 462 463 1158 
6851 2225 1875 463 1177 
6852 463 1875 2225 1158 
6853 459 460 1945 1152 
6854 459 1945 460 1171 
6855 270 269 1830 961 
6856 270 1830 269 942 
6857 169 170 2076 820 
6858 169 2076 170 839 
6859 490 489 2208 1185 
6860 490 2208 489 1168 
6861 487 486 1921 1183 
6862 487 1921 486 1166 
6863 490 491 1767 1169 
6864 490 1767 491 1186 
6865 488 489 1833 1167 
6866 1833 489 488 1184 
6867 168 169 1810 823 
6868 168 1810 169 842 
6869 483 484 1859 1176 
6870 483 1859 484 1193 
6871 159 160 1857 834 
6872 159 1857 160 853 
6873 224 223 1811 896 
6874 224 1811 223 877 
6875 218 217 2157 897 
6876 218 2157 217 878 
6877 1825 2157 217 897 
6878 1825 217 2157 878 
6879 219 220 2147 883 
6880 219 2147 220 902 
6881 216 217 1722 881 
6882 1722 217 216 900 
6883 220 221 1827 884 
6884 220 1827 221 903 
6885 218 219 2157 882 
6886 218 2157 219 901 
6887 221 222 2159 879 
6888 221 2159 222 899 
6889 222 223 1812 880 
6890 222 1812 223 898 
6891 212 213 2098 890 
6892 2098 213 212 909 
6893 211 212 1987 889 
6894 211 1987 212 908 
6895 321 320 2200 1022 
6896 2200 320 321 1004 
6897 319 318 1652 1025 
6898 319 1652 318 1006 
6899 214 215 2066 894 
6900 2066 215 214 912 
6901 315 316 1815 1000 
6902 315 1815 316 1019 
6903 134 133 2172 800 
6904 134 2172 133 782 
6905 129 130 1762 788 
6906 129 1762 130 808 
6907 119 118 2009 812 
6908 119 2009 118 793 
6909 2168 2009 118 812 
6910 2168 118 2009 793 
6911 123 124 2144 796 
6912 123 2144 124 815 
6913 1805 2144 124 796 
6914 1805 124 2144 815 
6915 1887 122 1972 795 
6916 1887 1972 122 814 
6917 123 1972 122 795 
6918 123 122 1972 814 
6919 120 121 2171 797 
6920 120 2171 121 816 
6921 117 118 2134 791 
6922 117 2134 118 810 
6923 216 215 1817 904 
6924 216 1817 215 885 
6925 323 324 1724 999 
6926 323 1724 324 1018 
6927 167 168 2211 822 
6928 167 2211 168 840 
6929 155 154 1793 850 
6930 155 1793 154 831 
6931 157 158 1944 832 
6932 157 1944 158 851 
6933 159 158 2058 852 
6934 159 2058 158 833 
6935 156 157 2075 835 
6936 156 2075 157 854 
6937 161 160 1763 856 
6938 161 1763 160 837 
6939 154 153 1917 848 
6940 154 1917 153 829 
6941 162 161 1907 847 
6942 162 1907 161 828 
6943 439 440 2088 1105 
6944 439 2088 440 1124 
6945 433 434 2102 1111 
6946 2102 434 433 1125 
6947 433 432 2190 1128 
6948 433 2190 432 1107 
6949 437 438 2216 1106 
6950 437 2216 438 1126 
6951 424 425 1650 1116 
6952 424 1650 425 1135 
6953 430 429 1689 1136 
6954 1689 429 430 1119 
6955 428 427 1770 1137 
6956 428 1770 427 1117 
6957 426 427 2203 1120 
6958 426 2203 427 1139 
6959 431 430 1862 1141 
6960 431 1862 430 1122 
6961 432 431 1754 1132 
6962 1754 431 432 1113 
6963 473 474 1636 1149 
6964 473 1636 474 1164 
6965 474 475 1938 1150 
6966 1938 475 474 1165 
6967 468 467 2117 1170 
6968 2117 467 468 1151 
6969 485 486 2215 1170 
6970 485 2215 486 1189 
6971 295 296 2014 952 
6972 2014 296 295 972 
6973 404 403 2046 1085 
6974 404 2046 403 1067 
6975 511 512 2061 1181 
6976 2061 512 511 1200 
6977 493 494 2038 1162 
6978 493 2038 494 1181 
6979 205 206 2199 857 
6980 205 2199 206 877 
6981 314 313 1682 991 
6982 314 1682 313 972 
6983 97 98 2061 1200 
6984 97 2061 98 762 
6985 1915 2061 98 1200 
6986 1915 98 2061 762 
6987 115 116 2177 762 
6988 115 2177 116 782 
6989 1712 2177 116 762 
6990 1712 116 2177 782 
6991 331 332 1997 991 
6992 1997 332 331 1009 
6993 293 294 2181 955 
6994 2181 294 293 973 
6995 397 1667 2091 1091 
6996 2091 1667 397 1068 
6997 2091 398 397 1091 
6998 397 398 2091 1068 
6999 419 420 1961 1087 
7000 1961 420 419 1106 
7001 325 326 2004 993 
7002 325 2004 326 1012 
7003 91 92 2080 1201 
7004 91 2080 92 764 
7005 1967 2080 92 1201 
7006 1967 92 2080 764 
7007 417 418 1900 1090 
7008 1900 418 417 1109 
7009 290 289 1681 978 
7010 290 1681 289 954 
7011 292 291 1955 976 
7012 292 1955 291 959 
7013 112 111 1798 788 
7014 112 1798 111 769 
7015 294 295 1742 956 
7016 1742 295 294 979 
7017 472 471 1885 1168 
7018 1885 471 472 1146 
7019 201 202 1996 864 
7020 1996 202 201 883 
7021 399 400 2072 1073 
7022 399 2072 400 1090 
7023 330 329 2126 1011 
7024 2126 329 330 992 
7025 364 363 2110 1054 
7026 2110 363 364 1034 
7027 311 312 2152 973 
7028 311 2152 312 992 
7029 2126 2152 312 973 
7030 2126 312 2152 992 
7031 146 145 1926 821 
7032 146 1926 145 802 
7033 415 416 2018 1091 
7034 2018 416 415 1111 
7035 292 293 1637 960 
7036 292 1637 293 977 
7037 328 327 1877 1016 
7038 1877 327 328 997 
7039 307 1761 2170 993 
7040 2170 1761 307 978 
7041 2170 308 307 993 
7042 307 308 2170 978 
7043 509 510 2020 1182 
7044 2020 510 509 1202 
7045 414 415 2190 1088 
7046 2190 415 414 1107 
7047 291 290 2049 975 
7048 291 2049 290 958 
7049 183 184 1996 845 
7050 183 1996 184 864 
7051 289 288 1925 974 
7052 289 1925 288 957 
7053 145 144 2125 824 
7054 145 2125 144 805 
7055 165 166 2195 826 
7056 165 2195 166 845 
7057 401 400 1842 1093 
7058 401 1842 400 1074 
7059 381 382 2072 1054 
7060 381 2072 382 1073 
7061 345 346 2110 1016 
7062 345 2110 346 1034 
7063 93 94 1878 1205 
7064 93 1878 94 769 
7065 1677 128 2135 802 
7066 127 2135 128 802 
7067 127 128 2135 783 
7068 199 198 1982 881 
7069 1982 198 199 862 
7070 183 182 1756 863 
7071 183 1756 182 844 
7072 309 310 1714 976 
7073 309 1714 310 997 
7074 324 325 1992 995 
7075 1992 325 324 1014 
7076 436 435 1863 1130 
7077 436 1863 435 1109 
7078 184 185 1704 846 
7079 184 1704 185 865 
7080 306 307 2219 974 
7081 2219 307 306 995 
7082 453 454 1863 1130 
7083 453 1863 454 1146 
7084 1665 96 2177 1203 
7085 1665 2177 96 766 
7086 97 2177 96 1203 
7087 97 96 2177 766 
7088 149 150 1919 803 
7089 149 1919 150 822 
7090 108 109 1690 767 
7091 108 1690 109 786 
7092 90 91 2145 1207 
7093 90 2145 91 767 
7094 202 203 2052 865 
7095 202 2052 203 884 
7096 1966 506 2079 1201 
7097 1966 2079 506 1187 
7098 505 2079 506 1201 
7099 505 506 2079 1187 
7100 113 114 1846 765 
7101 113 1846 114 784 
7102 399 398 2091 1089 
7103 2091 398 399 1072 
7104 416 417 2221 1089 
7105 2221 417 416 1108 
7106 126 127 1876 786 
7107 126 1876 127 805 
7108 1675 2044 94 770 
7109 95 2044 94 1206 
7110 95 94 2044 770 
7111 201 1843 2157 863 
7112 2157 1843 201 882 
7113 2157 200 201 863 
7114 201 200 2157 882 
7115 308 309 2170 975 
7116 308 2170 309 996 
7117 419 418 2089 1110 
7118 2089 418 419 1093 
7119 313 312 1994 994 
7120 1994 312 313 979 
7121 131 130 1835 807 
7122 131 1835 130 789 
7123 472 473 1952 1147 
7124 472 1952 473 1169 
7125 165 164 2195 844 
7126 165 2195 164 825 
7127 1926 2195 164 844 
7128 1926 164 2195 825 
7129 131 132 2120 784 
7130 131 2120 132 803 
7131 276 275 1666 955 
7132 276 1666 275 937 
7133 345 344 1772 1032 
7134 1772 344 345 1015 
7135 95 96 1846 1202 
7136 95 1846 96 765 
7137 204 205 1734 861 
7138 1734 205 204 880 
7139 275 274 2068 960 
7140 275 2068 274 941 
7141 328 329 2214 998 
7142 328 2214 329 1017 
7143 112 113 2090 770 
7144 112 2090 113 789 
7145 364 365 1975 1035 
7146 364 1975 365 1055 
7147 92 93 1623 1204 
7148 92 1623 93 768 
7149 2072 381 2091 1072 
7150 2072 2091 381 1053 
7151 380 2091 381 1072 
7152 380 381 2091 1053 
7153 311 310 1978 998 
7154 311 1978 310 977 
7155 347 346 2214 1035 
7156 347 2214 346 1017 
7157 383 382 1708 1074 
7158 383 1708 382 1055 
7159 362 363 1999 1032 
7160 362 1999 363 1053 
7161 456 457 1938 1127 
7162 456 1938 457 1150 
7163 147 146 2047 825 
7164 147 2047 146 806 
7165 326 327 1983 996 
7166 326 1983 327 1015 
7167 257 256 2010 941 
7168 257 2010 256 921 
7169 129 128 2047 806 
7170 129 2047 128 787 
7171 132 133 1847 785 
7172 132 1847 133 804 
7173 420 421 1660 1092 
7174 1660 421 420 1112 
7175 434 435 2221 1108 
7176 2221 435 434 1129 
7177 438 439 1881 1112 
7178 438 1881 439 1127 
7179 2088 1881 439 1112 
7180 2088 439 1881 1127 
7181 510 511 2061 1188 
7182 2061 511 510 1203 
7183 2061 2020 510 1188 
7184 510 2020 2061 1203 
7185 148 149 1711 807 
7186 148 1711 149 827 
7187 403 402 1782 1092 
7188 403 1782 402 1070 
7189 436 437 2089 1110 
7190 436 2089 437 1131 
7191 454 455 1799 1131 
7192 454 1799 455 1147 
7193 150 151 1829 804 
7194 150 1829 151 823 
7195 1847 2177 114 785 
7196 115 2177 114 766 
7197 115 114 2177 785 
7198 143 144 2059 809 
7199 143 2059 144 828 
7200 126 125 2059 809 
7201 126 2059 125 790 
7202 413 414 1909 1094 
7203 1909 414 413 1113 
7204 305 306 1981 980 
7205 1981 306 305 999 
7206 198 197 2003 885 
7207 198 2003 197 866 
7208 108 107 1942 790 
7209 108 1942 107 771 
7210 395 396 1963 1075 
7211 1963 396 395 1094 
7212 90 89 1942 771 
7213 90 1942 89 1208 
7214 477 478 1662 1171 
7215 1662 478 477 1190 
7216 100 99 2168 791 
7217 100 2168 99 772 
7218 1814 2168 99 791 
7219 1814 99 2168 772 
7220 406 405 1747 1114 
7221 1747 405 406 1095 
7222 208 207 1965 905 
7223 208 1965 207 886 
7224 388 387 1836 1095 
7225 388 1836 387 1076 
7226 190 189 2151 886 
7227 190 2151 189 867 
7228 496 495 2033 1209 
7229 496 2033 495 1190 
7230 1891 2033 495 1209 
7231 1891 495 2033 1190 
7232 423 424 2092 1114 
7233 423 2092 424 1133 
7234 297 298 2096 981 
7235 2096 298 297 1000 
7236 82 81 2033 772 
7237 82 2033 81 1209 
7238 478 479 1723 1173 
7239 478 1723 479 1192 
7240 316 317 1786 1002 
7241 316 1786 317 1021 
7242 406 407 1851 1097 
7243 1851 407 406 1116 
7244 191 190 2106 888 
7245 191 2106 190 869 
7246 2009 101 2168 793 
7247 2009 2168 101 774 
7248 100 2168 101 793 
7249 100 101 2168 774 
7250 208 209 2106 888 
7251 208 2106 209 907 
7252 389 388 1851 1097 
7253 389 1851 388 1078 
7254 262 263 2194 945 
7255 262 2194 263 964 
7256 299 298 2096 1002 
7257 2096 298 299 983 
7258 2096 1840 299 1002 
7259 299 1840 2096 983 
7260 83 82 2114 774 
7261 83 2114 82 1211 
7262 412 411 2078 1119 
7263 2078 411 412 1101 
7264 409 410 2217 1098 
7265 2217 410 409 1117 
7266 2217 1882 409 1098 
7267 409 1882 2217 1117 
7268 410 411 2217 1099 
7269 2217 411 410 1118 
7270 193 194 1987 871 
7271 1987 194 193 889 
7272 285 286 1796 967 
7273 285 1796 286 984 
7274 195 194 1844 890 
7275 1844 194 195 872 
7276 481 480 1822 1194 
7277 481 1822 480 1177 
7278 482 483 1685 1175 
7279 482 1685 483 1196 
7280 482 481 1941 1195 
7281 482 1941 481 1174 
7282 103 104 1774 775 
7283 103 1774 104 794 
7284 319 320 1837 1003 
7285 1837 320 319 1023 
7286 196 195 2142 891 
7287 196 2142 195 870 
7288 304 303 2213 1005 
7289 2213 303 304 984 
7290 2115 88 2186 777 
7291 2115 2186 88 1214 
7292 87 2186 88 777 
7293 87 88 2186 1214 
7294 394 393 1687 1101 
7295 1687 393 394 1079 
7296 393 392 1932 1099 
7297 1932 392 393 1081 
7298 248 249 2137 929 
7299 248 2137 249 947 
7300 104 105 2186 776 
7301 104 2186 105 795 
7302 408 409 1819 1100 
7303 1819 409 408 1120 
7304 302 301 2104 1003 
7305 302 2104 301 985 
7306 2019 2104 301 1003 
7307 2019 301 2104 985 
7308 282 283 1791 968 
7309 1791 283 282 987 
7310 428 429 1960 1118 
7311 428 1960 429 1138 
7312 499 500 1962 1195 
7313 1962 500 499 1212 
7314 501 500 1929 1213 
7315 1929 500 501 1196 
7316 105 106 2186 777 
7317 105 2186 106 796 
7318 1648 106 2186 796 
7319 303 302 2104 1004 
7320 2104 302 303 986 
7321 322 321 2213 1024 
7322 322 2213 321 1005 
7323 193 192 1744 892 
7324 193 1744 192 873 
7325 211 210 1987 911 
7326 211 1987 210 892 
7327 1744 1987 210 911 
7328 1744 210 1987 892 
7329 265 264 2048 968 
7330 265 2048 264 949 
7331 103 102 2171 797 
7332 103 2171 102 778 
7333 86 85 1962 775 
7334 86 1962 85 1212 
7335 391 390 1819 1100 
7336 391 1819 390 1082 
7337 301 300 2019 1006 
7338 301 2019 300 987 
7339 499 498 1693 1215 
7340 499 1693 498 1194 
7341 85 84 2156 778 
7342 85 2156 84 1215 
7343 407 408 1853 1102 
7344 1853 408 407 1121 
7345 479 480 2138 1179 
7346 479 2138 480 1197 
7347 1720 282 2194 988 
7348 1720 2194 282 969 
7349 281 2194 282 988 
7350 281 282 2194 969 
7351 336 335 1794 1045 
7352 336 1794 335 1026 
7353 1673 443 2179 1140 
7354 1673 2179 443 1159 
7355 444 2179 443 1140 
7356 444 443 2179 1159 
7357 389 390 1853 1083 
7358 1853 390 389 1102 
7359 353 354 1889 1045 
7360 1889 354 353 1064 
7361 138 137 2113 836 
7362 138 2113 137 817 
7363 156 155 2075 855 
7364 156 2075 155 836 
7365 1678 2075 155 855 
7366 1678 155 2075 836 
7367 461 462 2138 1159 
7368 2138 462 461 1179 
7369 318 317 1794 1026 
7370 318 1794 317 1007 
7371 174 173 1937 874 
7372 174 1937 173 855 
7373 228 227 2202 931 
7374 2202 227 228 913 
7375 2048 264 2087 969 
7376 2048 2087 264 950 
7377 263 2087 264 969 
7378 263 264 2087 950 
7379 497 498 1920 1197 
7380 1920 498 497 1216 
7381 300 299 2000 1007 
7382 2000 299 300 988 
7383 119 120 1710 798 
7384 119 1710 120 817 
7385 102 101 1923 798 
7386 102 1923 101 779 
7387 84 83 1923 779 
7388 84 1923 83 1216 
7389 372 371 1995 1083 
7390 372 1995 371 1064 
7391 425 426 1848 1121 
7392 1848 426 425 1140 
7393 484 485 1828 1178 
7394 484 1828 485 1198 
7395 2142 196 2066 875 
7396 197 2066 196 875 
7397 197 196 2066 894 
7398 413 412 2212 1122 
7399 413 2212 412 1103 
7400 304 305 1980 989 
7401 1980 305 304 1008 
7402 502 503 2063 1198 
7403 502 2063 503 1217 
7404 107 106 1841 799 
7405 107 1841 106 780 
7406 142 143 1924 818 
7407 142 1924 143 837 
7408 125 124 2012 818 
7409 125 2012 124 799 
7410 467 466 1868 1178 
7411 1868 466 467 1160 
7412 242 241 1976 915 
7413 242 1976 241 896 
7414 240 239 1838 916 
7415 1838 239 240 899 
7416 235 234 1934 917 
7417 235 1934 234 900 
7418 1766 1934 234 917 
7419 231 232 1893 910 
7420 231 1893 232 927 
7421 229 230 1777 908 
7422 229 1777 230 928 
7423 232 233 1890 912 
7424 232 1890 233 932 
7425 488 487 1733 1187 
7426 488 1733 487 1163 
7427 492 491 1973 1182 
7428 492 1973 491 1164 
7429 493 492 1697 1188 
7430 493 1697 492 1165 
7431 234 233 2150 923 
7432 234 2150 233 904 
7433 456 455 1968 1149 
7434 1968 455 456 1126 
7435 452 451 2102 1148 
7436 452 2102 451 1125 
7437 449 448 1862 1160 
7438 449 1862 448 1141 
7439 449 450 2116 1132 
7440 449 2116 450 1151 
7441 185 186 1901 840 
7442 185 1901 186 860 
7443 402 401 1641 1087 
7444 402 1641 401 1069 
7445 181 180 2083 862 
7446 181 2083 180 843 
7447 1686 2083 180 862 
7448 1686 180 2083 843 
7449 396 397 2084 1071 
7450 396 2084 397 1088 
7451 172 173 1753 850 
7452 172 1753 173 869 
7453 176 175 1869 871 
7454 176 1869 175 851 
7455 176 177 1844 852 
7456 176 1844 177 872 
7457 391 392 1726 1080 
7458 391 1726 392 1098 
7459 175 174 1985 873 
7460 175 1985 174 854 
7461 178 179 1694 856 
7462 178 1694 179 875 
7463 394 395 2212 1084 
7464 394 2212 395 1103 
7465 171 172 2151 848 
7466 171 2151 172 867 
7467 179 180 2003 847 
7468 179 2003 180 866 
7469 151 152 1713 800 
7470 151 1713 152 820 
7471 148 147 1914 826 
7472 148 1914 147 808 
7473 137 136 2043 831 
7474 137 2043 136 812 
7475 2134 2043 136 831 
7476 2134 136 2043 812 
7477 140 141 1886 814 
7478 140 1886 141 833 
7479 139 140 1746 813 
7480 139 1746 140 832 
7481 139 138 1809 835 
7482 139 1809 138 816 
7483 141 142 2144 815 
7484 141 2144 142 834 
7485 136 135 2134 829 
7486 136 2134 135 810 
7487 1646 2134 135 829 
7488 1646 135 2134 810 
7489 236 235 1934 918 
7490 236 1934 235 897 
7491 237 238 1657 902 
7492 237 1657 238 920 
7493 237 236 1956 919 
7494 1956 236 237 901 
7495 239 238 2010 921 
7496 239 2010 238 903 
7497 230 231 2098 909 
7498 2098 231 230 929 
7499 188 187 2199 857 
7500 188 2199 187 839 
7501 509 508 2044 1206 
7502 2044 508 509 1186 
7503 504 505 2079 1183 
7504 2079 505 504 1207 
7505 2079 1739 504 1183 
7506 504 1739 2079 1207 
7507 508 507 2208 1205 
7508 2208 507 508 1185 
7509 1810 187 1901 861 
7510 1810 1901 187 842 
7511 186 1901 187 861 
7512 186 187 1901 842 
7513 506 507 2184 1184 
7514 506 2184 507 1204 
7515 177 178 1625 853 
7516 177 1625 178 870 
7517 1780 501 2115 1193 
7518 1780 2115 501 1214 
7519 502 2115 501 1193 
7520 502 501 2115 1214 
7521 503 504 2215 1189 
7522 503 2215 504 1208 
7523 350 349 1613 1028 
7524 350 1613 349 1009 
7525 343 344 2016 1012 
7526 343 2016 344 1031 
7527 342 343 1706 1014 
7528 342 1706 343 1033 
7529 347 348 2094 1011 
7530 347 2094 348 1030 
7531 452 453 1928 1129 
7532 452 1928 453 1145 
7533 349 348 1954 1036 
7534 349 1954 348 1013 
7535 335 334 2034 1040 
7536 335 2034 334 1021 
7537 337 338 2123 1023 
7538 337 2123 338 1041 
7539 340 339 2131 1043 
7540 340 2131 339 1024 
7541 446 447 1960 1138 
7542 446 1960 447 1156 
7543 341 340 1797 1046 
7544 341 1797 340 1027 
7545 441 442 2092 1133 
7546 441 2092 442 1152 
7547 285 284 2104 986 
7548 285 2104 284 966 
7549 284 283 1813 985 
7550 284 1813 283 965 
7551 287 286 1729 989 
7552 1729 286 287 970 
7553 280 279 1856 981 
7554 1856 279 280 962 
7555 287 288 1784 961 
7556 1784 288 287 980 
7557 362 361 2016 1049 
7558 2016 361 362 1031 
7559 365 366 2094 1030 
7560 365 2094 366 1050 
7561 366 367 1701 1036 
7562 1701 367 366 1051 
7563 356 357 1950 1042 
7564 356 1950 357 1061 
7565 355 356 2123 1041 
7566 355 2123 356 1060 
7567 351 352 1732 1038 
7568 351 1732 352 1057 
7569 367 368 1993 1028 
7570 1993 368 367 1048 
7571 360 361 2026 1033 
7572 2026 361 360 1052 
7573 352 353 1879 1040 
7574 1879 353 352 1059 
7575 358 357 1775 1062 
7576 1775 357 358 1043 
7577 354 355 1970 1044 
7578 1970 355 354 1063 
7579 358 359 1979 1046 
7580 1979 359 358 1065 
7581 359 360 1750 1037 
7582 359 1750 360 1056 
7583 457 458 1864 1124 
7584 457 1864 458 1142 
7585 442 443 2071 1135 
7586 442 2071 443 1154 
7587 446 445 2099 1155 
7588 446 2099 445 1137 
7589 447 448 1903 1136 
7590 447 1903 448 1157 
7591 444 445 2179 1139 
7592 444 2179 445 1158 
7593 254 253 1855 935 
7594 1855 253 254 918 
7595 256 255 1913 940 
7596 256 1913 255 920 
7597 1913 255 1956 939 
7598 1913 1956 255 919 
7599 254 1956 255 939 
7600 254 255 1956 919 
7601 257 258 2011 916 
7602 257 2011 258 937 
7603 258 259 2197 922 
7604 2197 259 258 936 
7605 248 247 1957 946 
7606 248 1957 247 928 
7607 1651 247 2048 949 
7608 1651 2048 247 930 
7609 246 2048 247 949 
7610 246 247 2048 930 
7611 252 251 2150 942 
7612 2150 251 252 923 
7613 244 2057 2087 945 
7614 2087 2057 244 926 
7615 2087 245 244 945 
7616 244 245 2087 926 
7617 244 243 2057 943 
7618 244 2057 243 924 
7619 339 338 2200 1042 
7620 339 2200 338 1022 
7621 337 336 2055 1044 
7622 337 2055 336 1025 
7623 333 334 1815 1019 
7624 333 1815 334 1038 
7625 341 342 1912 1018 
7626 341 1912 342 1037 
7627 260 2064 1976 915 
7628 1976 2064 260 934 
7629 1976 259 260 915 
7630 260 259 1976 934 
7631 253 252 1766 938 
7632 253 1766 252 917 
7633 250 249 2062 948 
7634 2062 249 250 927 
7635 2064 242 1262 895 
7636 2064 1262 242 914 
7637 37 1262 242 895 
7638 37 242 1262 914 
7639 13 225 593 906 
7640 13 593 225 925 
7641 1949 593 225 906 
7642 1949 225 593 925 
7643 47 422 2166 1104 
7644 2166 422 47 1086 
7645 23 405 587 1096 
7646 587 405 23 1115 
7647 440 2166 1265 1123 
7648 1265 2166 440 1104 
7649 1265 48 440 1123 
7650 440 48 1265 1104 
7651 24 423 596 1115 
7652 24 596 423 1134 
7653 50 476 1249 1161 
7654 50 1249 476 1143 
7655 1945 459 580 1172 
7656 1945 580 459 1153 
7657 26 580 459 1172 
7658 26 459 580 1153 
7659 261 15 550 963 
7660 261 550 15 944 
7661 39 278 1219 953 
7662 1219 278 39 933 
7663 458 1864 1261 1143 
7664 1261 1864 458 1123 
7665 1261 49 458 1143 
7666 458 49 1261 1123 
7667 25 441 592 1134 
7668 25 592 441 1153 
7669 52 512 1226 1199 
7670 52 1226 512 1180 
7671 1915 1226 512 1199 
7672 1915 512 1226 1180 
7673 28 495 557 1191 
7674 28 557 495 1210 
7675 1891 557 495 1191 
7676 1891 495 557 1210 
7677 40 296 1259 971 
7678 40 1259 296 953 
7679 16 279 590 963 
7680 590 279 16 982 
7681 494 51 1218 1161 
7682 494 1218 51 1180 
7683 477 27 549 1191 
7684 477 549 27 1172 
7685 224 36 2065 876 
7686 224 2065 36 895 
7687 12 207 555 887 
7688 555 207 12 906 
7689 206 35 1266 858 
7690 206 1266 35 876 
7691 189 11 579 887 
7692 189 579 11 868 
7693 41 314 1252 990 
7694 1252 314 41 971 
7695 297 2100 583 982 
7696 583 2100 297 1001 
7697 583 17 297 982 
7698 297 17 583 1001 
7699 1255 44 2161 1047 
7700 1255 2161 44 1029 
7701 368 2161 44 1047 
7702 368 44 2161 1029 
7703 20 351 586 1039 
7704 20 586 351 1058 
7705 188 34 1266 838 
7706 188 1266 34 858 
7707 171 10 597 868 
7708 171 597 10 849 
7709 18 315 553 1001 
7710 18 553 315 1020 
7711 332 42 1222 990 
7712 332 1222 42 1010 
7713 152 32 1247 801 
7714 152 1247 32 819 
7715 135 8 578 830 
7716 135 578 8 811 
7717 1836 369 552 1077 
7718 1836 552 369 1058 
7719 21 552 369 1077 
7720 21 369 552 1058 
7721 2175 404 1221 1066 
7722 2175 1221 404 1086 
7723 46 1221 404 1066 
7724 46 404 1221 1086 
7725 22 387 552 1077 
7726 552 387 22 1096 
7727 134 31 1267 781 
7728 134 1267 31 801 
7729 117 7 598 811 
7730 117 598 7 792 
7731 1915 98 1226 1199 
7732 1915 1226 98 763 
7733 29 1226 98 1199 
7734 29 98 1226 763 
7735 81 5 557 773 
7736 81 557 5 1210 
7737 350 2045 1264 1029 
7738 1264 2045 350 1010 
7739 1264 43 350 1029 
7740 350 43 1264 1010 
7741 19 333 595 1020 
7742 19 595 333 1039 
7743 170 33 1220 819 
7744 170 1220 33 838 
7745 153 9 551 849 
7746 153 551 9 830 
7747 30 116 1223 781 
7748 30 1223 116 763 
7749 6 99 554 773 
7750 6 554 99 792 
7751 2087 926 2202 1698 
7752 2087 2202 926 245 
7753 2043 155 1678 836 
7754 2043 1678 155 1793 
7755 404 1067 2175 2046 
7756 404 2175 1067 386 
7757 2161 1067 2175 386 
7758 1656 1067 2175 2161 
7759 1656 2175 1067 2046 
7760 2126 348 1954 1013 
7761 2126 1954 348 1865 
7762 774 1845 100 82 
7763 774 100 1845 2168 
7764 772 100 1845 82 
7765 772 1845 100 2168 
7766 128 2135 1967 1677 
7767 128 1967 2135 783 
7768 2208 2044 1878 1675 
7769 2208 1878 2044 1206 
7770 94 1878 2044 1675 
7771 94 2044 1878 1206 
7772 2177 114 1665 1847 
7773 2177 1665 114 766 
7774 106 2186 2115 1648 
7775 106 2115 2186 777 
7776 196 2066 214 2142 
7777 196 214 2066 894 
7778 1934 234 1722 1766 
7779 1934 1722 234 900 
3 2 4 8505
7780 882 201 200 2786 
7781 488 489 1167 2693 
7782 2253 2579 2504 2625 
7783 266 284 966 2697 
7784 822 149 167 2726 
7785 122 2452 795 2864 
7786 383 1050 365 2670 
7787 344 345 1015 2903 
7788 2279 2244 2345 2359 
7789 2239 2282 2325 2401 
7790 2267 2465 2367 2570 
7791 1315 2479 2341 2538 
7792 511 1188 510 2751 
7793 1033 343 342 2731 
7794 266 965 284 2697 
7795 1517 2321 2275 2426 
7796 207 225 905 2881 
7797 167 149 827 2726 
7798 309 975 308 2908 
7799 1055 383 365 2670 
7800 122 123 795 2452 
7801 957 270 288 2523 
7802 203 202 884 2682 
7803 393 392 1099 2837 
7804 2335 2458 1363 2568 
7805 937 257 275 2856 
7806 2244 2287 627 2542 
7807 2334 2420 2295 2672 
7808 2323 2465 2267 2570 
7809 2241 2394 2370 2563 
7810 1315 2341 2479 2684 
7811 499 498 1215 2668 
7812 627 2287 2244 2633 
7813 2525 2599 2252 2680 
7814 2239 659 2557 2613 
7815 322 1027 323 2877 
7816 2359 2427 2345 2588 
7817 2332 2404 2317 2474 
7818 284 285 966 2887 
7819 2257 2285 2235 2715 
7820 217 881 216 2534 
7821 2239 2282 2243 2325 
7822 2458 2598 2335 2851 
7823 217 216 900 2838 
7824 1517 2275 1500 2426 
7825 1014 342 343 2665 
7826 137 836 138 2846 
7827 941 275 257 2856 
7828 2239 2325 2298 2401 
7829 2335 2516 1341 2598 
7830 2366 2379 2304 2663 
7831 829 153 2485 2641 
7832 171 867 172 2768 
7833 191 869 190 2768 
7834 2392 2445 2391 2671 
7835 457 1142 458 2757 
7836 2241 2563 2370 2625 
7837 1433 2394 2571 2612 
7838 1169 491 473 2770 
7839 1329 2486 2350 2581 
7840 2322 2299 2412 2470 
7841 2259 2304 2366 2379 
7842 863 200 201 2786 
7843 2350 2561 2233 2828 
7844 1315 2526 2479 2538 
7845 2260 2237 2608 2664 
7846 1164 473 491 2770 
7847 2239 2283 2325 2708 
7848 2351 2392 2391 2671 
7849 2241 2253 2300 2589 
7850 2283 2441 2325 2708 
7851 704 963 261 279 
7852 2248 2259 2304 2366 
7853 659 2617 2239 2708 
7854 1348 2335 2639 2678 
7855 1164 474 473 2909 
7856 814 122 140 2415 
7857 829 153 154 2485 
7858 1145 453 452 2745 
7859 2334 2295 2429 2672 
7860 2274 2321 2270 2393 
7861 2248 2273 2259 2366 
7862 2250 2235 2285 2715 
7863 2254 2309 2371 2481 
7864 143 837 161 2600 
7865 2253 2241 2579 2625 
7866 813 140 122 2415 
7867 2232 2398 2509 2599 
7868 161 828 143 2600 
7869 144 828 162 2600 
7870 1497 2242 2421 2629 
7871 2327 2371 2309 2481 
7872 447 1138 446 2498 
7873 1175 465 464 2498 
7874 2337 2414 2372 2622 
7875 225 906 605 207 
7876 2258 2281 2430 2563 
7877 2250 2285 2276 2318 
7878 1132 449 450 2558 
7879 468 467 1170 2558 
7880 153 171 848 685 
7881 133 800 134 2578 
7882 2253 2371 2300 2589 
7883 1500 1464 2426 2478 
7884 777 88 87 2688 
7885 813 139 140 2700 
7886 1036 366 2632 2761 
7887 2345 2359 2244 2427 
7888 1497 2421 2242 2593 
7889 2231 2639 2516 2678 
7890 897 236 218 2533 
7891 2232 2338 2398 2599 
7892 2242 2421 2405 2593 
7893 627 624 2287 2302 
7894 450 451 1128 2558 
7895 1166 469 468 2558 
7896 926 227 2660 2776 
7897 2276 2285 2681 2729 
7898 2280 2343 2340 2549 
7899 1500 2426 2275 2478 
7900 1300 2370 2369 2653 
7901 2320 2430 1426 2867 
7902 2366 2304 2492 2663 
7903 398 1089 399 2499 
7904 330 2683 1011 2761 
7905 2342 2504 1296 2535 
7906 685 153 171 849 
7907 718 2551 2434 2841 
7908 1315 2479 2526 2684 
7909 2281 2563 2258 2589 
7910 795 2452 123 2864 
7911 468 2558 1170 2806 
7912 2241 2571 2394 2612 
7913 1138 446 2498 2911 
7914 397 1091 398 2499 
7915 1049 379 380 2499 
7916 2342 2579 2241 2625 
7917 2369 2370 1300 2618 
7918 1300 2369 2590 2653 
7919 2226 2370 2564 2667 
7920 830 153 135 2641 
7921 1420 2386 2321 2508 
7922 109 786 127 2654 
7923 426 425 1140 2810 
7924 627 2302 2287 2633 
7925 1387 2289 2266 2467 
7926 874 191 192 2565 
7927 1077 387 369 2627 
7928 2261 2295 2294 2497 
7929 1466 2435 2305 2518 
7930 829 135 153 2641 
7931 1348 2639 2648 2678 
7932 980 288 287 2537 
7933 387 1076 369 2627 
7934 865 203 185 2634 
7935 1007 300 299 2874 
7936 1273 1309 1298 2526 
7937 1309 1273 1284 2526 
7938 462 461 1179 2507 
7939 1436 2324 2265 2396 
7940 286 989 287 2537 
7941 1129 434 2650 2663 
7942 305 306 980 2536 
7943 324 323 1018 2536 
7944 185 203 860 2634 
7945 301 1006 2809 2816 
7946 2241 2253 2589 2747 
7947 2253 2309 2327 2371 
7948 1148 451 469 2650 
7949 996 309 308 2372 
7950 1030 365 366 2632 
7951 2370 2394 2226 2563 
7952 2276 2463 2363 2681 
7953 813 139 2700 2852 
7954 506 1187 505 2878 
7955 1309 2526 1284 2684 
7956 480 1179 479 2674 
7957 1148 470 452 2693 
7958 2373 2568 2458 2752 
7959 760 639 2592 2841 
7960 958 273 2577 2908 
7961 1306 2369 2618 2798 
7962 224 876 206 2426 
7963 113 770 112 2505 
7964 2448 2583 2339 2697 
7965 1110 436 437 2676 
7966 1070 385 384 2632 
7967 1036 366 367 2632 
7968 481 1195 2673 2674 
7969 2342 2535 1486 2586 
7970 2236 2497 2295 2879 
7971 116 134 1371 782 
7972 224 206 877 2426 
7973 174 874 192 2658 
7974 452 470 1145 2693 
7975 1398 2267 2367 2570 
7976 2354 2565 2463 2861 
7977 127 802 128 2646 
7978 2376 2565 2363 2658 
7979 2248 2237 2304 2664 
7980 438 1106 437 2676 
7981 2240 2275 2274 2381 
7982 145 805 144 2615 
7983 162 843 163 2615 
7984 1328 2350 1329 2486 
7985 220 883 219 2522 
7986 2259 2273 2355 2366 
7987 851 158 157 2519 
7988 2276 2363 2285 2729 
7989 174 192 873 2658 
7990 193 175 873 2658 
7991 2516 2639 2335 2678 
7992 2240 2292 2275 2381 
7993 1383 1341 2516 2598 
7994 2293 2303 2298 2569 
7995 2251 2365 2278 2780 
7996 882 2762 201 2786 
7997 1296 2504 2342 2653 
7998 2283 2442 649 2496 
7999 718 2373 2551 2841 
8000 218 219 882 2522 
8001 2251 2461 2473 2900 
8002 229 247 928 2475 
8003 1363 2568 2458 2771 
8004 2246 2516 2773 2784 
8005 1497 1495 2421 2889 
8006 1464 2478 2320 2686 
8007 2239 2298 2293 2401 
8008 2241 2394 2258 2612 
8009 1398 2323 2267 2570 
8010 1056 2671 359 2795 
8011 1081 392 393 2456 
8012 172 2485 869 2840 
8013 116 134 781 1371 
8014 2248 2304 2259 2664 
8015 2396 2543 2493 2725 
8016 1324 2406 2350 2828 
8017 1032 2666 363 2883 
8018 2287 2427 2345 2542 
8019 2232 2509 2252 2599 
8020 229 930 247 2475 
8021 2289 2411 2266 2467 
8022 1050 2632 365 2670 
8023 383 2632 1050 2670 
8024 659 2613 2239 2617 
8025 1507 1436 2265 2396 
8026 2277 2391 2351 2879 
8027 2235 2250 2440 2715 
8028 2274 2263 2329 2357 
8029 1032 344 362 2665 
8030 1296 2342 2571 2653 
8031 2343 2340 2549 2550 
8032 2275 2321 2274 2381 
8033 2399 2611 1380 2759 
8034 760 2592 2373 2841 
8035 2258 2612 2394 2868 
8036 2439 2651 668 2724 
8037 2232 2398 2338 2759 
8038 2282 2401 2349 2447 
8039 1031 362 344 2665 
8040 1320 2486 2606 2705 
8041 1290 2526 2479 2684 
8042 416 1091 415 2663 
8043 433 1125 434 2663 
8044 482 481 1195 2673 
8045 1030 366 348 2761 
8046 2285 2513 2276 2681 
8047 2239 2557 2406 2613 
8048 2295 2497 2261 2879 
8049 640 2301 2296 2592 
8050 1354 2335 2598 2851 
8051 777 2494 88 2688 
8052 1363 2335 1354 2458 
8053 624 2287 2302 2482 
8054 2236 2247 2295 2497 
8055 2363 2565 2463 2658 
8056 1398 1396 2323 2570 
8057 947 267 249 2772 
8058 2267 2323 1398 2607 
8059 2247 2497 2236 2592 
8060 1089 417 399 2690 
8061 248 947 249 2685 
8062 2293 2401 2282 2902 
8063 111 787 129 2477 
8064 130 789 112 2477 
8065 1420 2270 2321 2386 
8066 435 434 1129 2663 
8067 416 417 1089 2663 
8068 2458 2568 2335 2752 
8069 348 366 1036 2761 
8070 1336 1333 1308 2472 
8071 2405 2593 2421 2889 
8072 1294 2472 2370 2803 
8073 1324 2350 2541 2828 
8074 2239 2325 2243 2708 
8075 407 1097 406 2628 
8076 97 766 115 2886 
8077 1139 445 2588 2829 
8078 2304 2248 2366 2492 
8079 1341 2516 2335 2678 
8080 438 2584 1106 2676 
8081 444 1140 443 2677 
8082 2292 2383 2320 2512 
8083 129 788 111 2477 
8084 112 788 130 2477 
8085 1347 2335 1363 2568 
8086 1503 2438 2394 2869 
8087 1399 2323 1397 2754 
8088 1049 380 362 2666 
8089 2370 2472 1294 2618 
8090 760 2568 2373 2592 
8091 1338 2521 2406 2828 
8092 249 267 948 2772 
8093 479 1197 2674 2813 
8094 399 417 1090 2690 
8095 424 1135 425 2677 
8096 156 854 157 2679 
8097 392 2821 1099 2837 
8098 88 1214 87 2688 
8099 659 653 2617 2708 
8100 2323 2462 1498 2754 
8101 2254 2382 2309 2481 
8102 467 449 1160 2703 
8103 799 2767 124 2820 
8104 500 1213 501 2688 
8105 494 1161 476 2757 
8106 150 149 822 2692 
8107 2266 2411 2348 2467 
8108 2370 2564 2369 2653 
8109 2318 2419 2285 2679 
8110 447 1156 465 2710 
8111 296 314 971 2435 
8112 979 313 295 2435 
8113 2241 2258 2394 2563 
8114 679 2369 1306 2798 
8115 173 869 191 2463 
8116 121 139 813 2852 
8117 2339 2448 2388 2583 
8118 2547 2579 2238 2586 
8119 362 380 1053 2666 
8120 665 668 2651 2724 
8121 2611 2736 1380 2759 
8122 115 762 97 2886 
8123 1519 1296 2342 2571 
8124 2254 2371 2382 2481 
8125 2426 2478 1464 2686 
8126 970 269 268 2695 
8127 2258 2361 2281 2589 
8128 95 96 1202 2725 
8129 208 888 190 2768 
8130 246 247 930 2704 
8131 476 1162 494 2757 
8132 742 2431 2328 2576 
8133 958 2842 272 2908 
8134 718 2373 682 2551 
8135 972 295 313 2435 
8136 972 314 296 2435 
8137 188 206 858 2686 
8138 191 874 173 2463 
8139 2239 2557 659 2708 
8140 1011 330 329 2683 
8141 710 2568 760 2592 
8142 2294 2295 2247 2497 
8143 2439 2369 2602 2811 
8144 823 151 150 2692 
8145 1157 447 465 2710 
8146 448 1157 466 2710 
8147 250 249 948 2689 
8148 1354 2458 2335 2851 
8149 2253 2241 2300 2579 
8150 2292 2320 2275 2512 
8151 311 998 329 2775 
8152 328 998 310 2775 
8153 1387 2266 2348 2467 
8154 121 816 139 2852 
8155 2406 2239 2561 2902 
8156 2370 2571 1299 2803 
8157 2336 2366 2248 2492 
8158 2293 2298 2239 2569 
8159 1397 1498 2323 2462 
8160 2241 2258 2563 2589 
8161 2350 2581 2486 2839 
8162 937 275 2782 2856 
8163 937 2782 257 2856 
8164 822 2555 149 2726 
8165 822 167 2555 2726 
8166 208 190 886 2768 
8167 651 2442 2307 2511 
8168 1336 1308 1313 2472 
8169 926 2660 2442 2776 
8170 96 97 1203 2725 
8171 251 252 923 2695 
8172 961 270 269 2695 
8173 1497 2421 2593 2889 
8174 206 188 857 2686 
8175 1420 2321 2270 2530 
8176 1467 2324 2397 2612 
8177 2286 1498 2462 2754 
8178 1315 2526 1309 2684 
8179 1163 469 487 2748 
8180 2396 2395 2543 2725 
8181 1284 2526 1290 2684 
8182 1013 331 330 2683 
8183 2260 2510 2476 2642 
8184 2264 2372 2337 2414 
8185 2471 2683 1011 2775 
8186 1398 2367 1454 2570 
8187 1110 436 2676 2818 
8188 851 175 176 2738 
8189 193 889 194 2738 
8190 2258 2430 2394 2563 
8191 394 1103 395 2385 
8192 468 1170 486 2806 
8193 912 232 233 2689 
8194 649 2442 2511 2876 
8195 863 201 2762 2786 
8196 1011 2683 2471 2761 
8197 1315 1298 1309 2526 
8198 300 988 299 2874 
8199 1284 1273 1290 2526 
8200 480 1177 462 2384 
8201 480 462 1179 2384 
8202 404 422 1086 2462 
8203 2235 2661 2257 2715 
8204 1203 510 96 2543 
8205 2264 2269 2372 2884 
8206 738 2513 759 2602 
8207 2261 2392 2295 2445 
8208 249 948 2447 2772 
8209 1032 362 2503 2665 
8210 179 866 180 2696 
8211 162 828 161 2696 
8212 1040 353 335 2791 
8213 1030 2471 365 2632 
8214 675 2431 2576 2850 
8215 2350 2233 2541 2828 
8216 1080 391 392 2380 
8217 2398 2599 2338 2645 
8218 2248 2304 2237 2754 
8219 609 171 685 2768 
8220 2253 2625 2504 2747 
8221 300 1007 318 2809 
8222 1325 1446 2438 2472 
8223 157 835 156 2700 
8224 1085 422 404 2462 
8225 297 279 982 2436 
8226 1329 2581 2350 2847 
8227 2394 2438 1503 2472 
8228 1397 1399 1398 2323 
8229 2338 2232 2479 2525 
8230 2369 2564 2370 2667 
8231 2247 2497 2592 2841 
8232 2246 2516 2487 2773 
8233 958 2577 273 2842 
8234 690 2249 2461 2723 
8235 2231 2269 2405 2741 
8236 345 1032 363 2883 
8237 510 1202 96 2543 
8238 2330 2376 2298 2475 
8239 1411 2242 1496 2647 
8240 2450 2451 2365 2873 
8241 1327 2486 1329 2581 
8242 295 956 294 2491 
8243 1411 2593 2242 2647 
8244 297 981 279 2436 
8245 1334 1311 2618 2798 
8246 2230 2525 2252 2680 
8247 1090 418 400 2818 
8248 2277 2372 2269 2884 
8249 2259 2366 2355 2379 
8250 733 2353 2287 2502 
8251 2235 2440 2661 2715 
8252 1354 2335 1341 2598 
8253 2287 2302 2427 2633 
8254 2394 2612 1433 2868 
8255 802 2615 145 2862 
8256 246 2704 930 2776 
8257 2264 2372 2414 2490 
8258 319 301 1006 2809 
8259 300 318 1006 2809 
8260 1396 2462 2323 2570 
8261 2233 2274 2270 2310 
8262 2316 2474 2332 2719 
8263 2245 2363 2463 2681 
8264 442 424 1133 2677 
8265 2271 2365 2328 2724 
8266 2342 2579 2547 2586 
8267 2276 2285 2363 2679 
8268 2256 2529 2421 2631 
8269 134 2397 800 2890 
8270 2370 2394 2241 2571 
8271 1034 345 363 2883 
8272 760 639 710 2592 
8273 2226 2394 2370 2472 
8274 2315 2427 2302 2633 
8275 212 909 213 2804 
8276 1073 382 381 2670 
8277 364 1034 363 2670 
8278 2350 2406 2239 2561 
8279 2349 2447 2401 2689 
8280 435 1129 2492 2663 
8281 2256 2421 2529 2561 
8282 2294 2497 2260 2510 
8283 123 122 814 2452 
8284 2315 2244 2359 2427 
8285 2256 2631 2228 2843 
8286 2332 2474 2317 2719 
8287 2363 2245 2463 2565 
8288 2253 2371 2589 2747 
8289 931 227 2776 2904 
8290 738 734 759 2513 
8291 358 1065 359 2671 
8292 341 1027 340 2671 
8293 1093 400 418 2818 
8294 2247 2420 2334 2528 
8295 2282 2293 2349 2401 
8296 317 1007 299 2808 
8297 812 137 119 2873 
8298 2333 2428 2355 2509 
8299 124 106 796 2767 
8300 1032 2503 362 2666 
8301 1435 2394 1503 2803 
8302 1308 2472 1333 2618 
8303 105 123 796 2864 
8304 2368 2413 2308 2577 
8305 947 2448 249 2685 
8306 652 2330 2283 2496 
8307 2504 2579 2342 2625 
8308 324 1018 342 2488 
8309 2251 2724 2365 2780 
8310 2250 2276 2285 2513 
8311 424 442 1135 2677 
8312 1506 2629 2305 2647 
8313 1398 2267 1400 2779 
8314 2394 2430 2258 2868 
8315 1426 2867 2430 2868 
8316 1325 2472 2438 2606 
8317 2382 2481 2654 2826 
8318 365 1035 364 2670 
8319 2390 2395 2300 2699 
8320 627 2244 686 2633 
8321 1466 2305 1415 2518 
8322 2280 2400 2299 2626 
8323 2486 2581 1327 2606 
8324 2247 2295 2296 2592 
8325 2291 2317 2316 2719 
8326 2244 2359 2279 2591 
8327 2594 2645 2338 2737 
8328 2235 2440 2250 2513 
8329 1056 2671 2550 2731 
8330 1014 324 342 2488 
8331 2272 2347 2334 2444 
8332 2232 2252 2525 2599 
8333 1344 1285 1357 2458 
8334 1285 1274 1357 2458 
8335 1056 360 359 2671 
8336 341 342 1018 2671 
8337 317 299 1002 2808 
8338 1495 2675 2421 2889 
8339 2236 2592 2497 2752 
8340 799 106 124 2767 
8341 1300 2369 1306 2590 
8342 922 259 2638 2782 
8343 2365 2724 2271 2780 
8344 2240 2274 2292 2381 
8345 795 123 105 2864 
8346 817 119 137 2873 
8347 1166 2474 469 2558 
8348 1153 459 441 2482 
8349 248 946 266 2448 
8350 2231 2648 2639 2678 
8351 233 932 251 2468 
8352 305 989 304 2716 
8353 823 168 169 2739 
8354 1314 2370 1294 2618 
8355 1328 2541 2350 2601 
8356 2243 2325 2441 2708 
8357 2245 2239 2298 2569 
8358 2307 2312 701 2436 
8359 156 855 174 2679 
8360 1399 2607 2323 2754 
8361 2298 2330 2245 2376 
8362 2250 2564 2440 2715 
8363 2262 2609 2296 2718 
8364 2253 2547 2504 2579 
8365 686 2244 627 2542 
8366 342 2391 1018 2671 
8367 2239 2617 2283 2708 
8368 864 2762 184 2764 
8369 2244 2599 2591 2645 
8370 728 2369 670 2602 
8371 441 459 1152 2482 
8372 1006 300 2360 2816 
8373 266 947 248 2448 
8374 233 251 923 2468 
8375 986 302 303 2758 
8376 321 320 1022 2758 
8377 183 864 184 2764 
8378 1503 2438 1446 2472 
8379 354 336 1045 2899 
8380 955 276 275 2782 
8381 2395 2477 2300 2699 
8382 266 966 2448 2697 
8383 482 2673 1195 2721 
8384 922 2638 2636 2782 
8385 2296 2609 2262 2794 
8386 2297 2346 1405 2466 
8387 2280 2510 2260 2642 
8388 479 1179 461 2882 
8389 1164 2411 473 2770 
8390 167 846 2512 2726 
8391 1195 2673 2668 2721 
8392 127 802 2646 2654 
8393 1014 2488 342 2665 
8394 750 2271 2356 2641 
8395 123 796 2480 2820 
8396 1027 2391 340 2671 
8397 2227 2598 2453 2773 
8398 1348 1341 2335 2678 
8399 1436 2265 2324 2612 
8400 786 108 2481 2827 
8401 112 2395 770 2800 
8402 2244 2279 2345 2542 
8403 822 167 168 2739 
8404 186 185 860 2739 
8405 2287 2353 733 2542 
8406 2303 2376 2363 2552 
8407 1110 2676 437 2818 
8408 174 854 156 2679 
8409 306 288 980 2849 
8410 1435 1524 1503 2869 
8411 1089 399 2499 2690 
8412 741 2307 2708 2711 
8413 1300 2653 2590 2870 
8414 2308 2413 2368 2631 
8415 2251 2326 2278 2365 
8416 721 2377 2461 2520 
8417 247 2475 930 2704 
8418 2239 2282 2401 2902 
8419 2504 2535 2230 2774 
8420 2283 2330 2298 2475 
8421 2513 2681 2285 2729 
8422 2439 2229 2590 2811 
8423 304 322 1008 2877 
8424 186 860 2478 2739 
8425 2292 2402 2329 2483 
8426 837 2517 161 2600 
8427 1068 379 397 2549 
8428 146 802 145 2862 
8429 638 2301 2247 2640 
8430 309 327 997 2903 
8431 95 2725 1202 2800 
8432 2343 2556 2459 2823 
8433 1044 336 354 2899 
8434 319 1023 320 2758 
8435 956 277 276 2782 
8436 922 258 259 2782 
8437 498 2539 1215 2668 
8438 632 2347 2353 2621 
8439 2406 2557 2239 2902 
8440 1314 1300 2370 2618 
8441 1426 2430 2320 2691 
8442 461 1173 479 2882 
8443 1376 2535 2341 2789 
8444 710 2568 2592 2609 
8445 753 2301 638 2640 
8446 2316 2547 2268 2819 
8447 472 1146 471 2720 
8448 1185 490 489 2720 
8449 2283 2298 2239 2325 
8450 2323 2462 2584 2822 
8451 2398 2591 2509 2599 
8452 788 2477 129 2910 
8453 2297 2644 2626 2779 
8454 1120 409 408 2810 
8455 499 1195 481 2674 
8456 2237 2260 2608 2619 
8457 1056 360 2671 2731 
8458 1132 2506 449 2558 
8459 2264 2322 2372 2490 
8460 138 836 156 2700 
8461 1422 1500 1517 2275 
8462 2250 2285 2235 2513 
8463 115 766 2725 2886 
8464 1379 1325 1446 2438 
8465 275 293 955 2566 
8466 1081 392 2456 2845 
8467 288 306 974 2849 
8468 395 1084 394 2385 
8469 1433 2571 1514 2612 
8470 397 379 1071 2549 
8471 2351 2391 2277 2488 
8472 718 613 736 2434 
8473 1420 1417 2270 2386 
8474 846 167 166 2726 
8475 2275 2320 2292 2430 
8476 322 304 1005 2877 
8477 1049 379 2499 2796 
8478 415 1107 433 2855 
8479 2228 2256 2421 2631 
8480 1006 301 300 2816 
8481 2260 2280 2237 2664 
8482 786 2652 109 2827 
8483 2261 2497 2294 2510 
8484 1433 2571 2394 2803 
8485 2368 2597 2372 2908 
8486 2339 2448 2325 2783 
8487 996 327 309 2903 
8488 2321 2381 2634 2682 
8489 1175 2423 465 2498 
8490 2558 2703 1170 2806 
8491 237 238 902 2812 
8492 1018 2391 342 2488 
8493 293 275 960 2566 
8494 2227 2544 2458 2825 
8495 1013 331 2683 2761 
8496 959 273 291 2908 
8497 503 1217 89 2831 
8498 1091 2408 397 2746 
8499 2338 2479 2341 2525 
8500 1470 1405 2346 2466 
8501 2486 2581 2235 2839 
8502 392 391 1098 2380 
8503 2290 2358 2314 2900 
8504 329 1011 2683 2775 
8505 1194 499 481 2674 
8506 1036 2632 2756 2761 
8507 624 2302 627 2633 
8508 156 835 138 2700 
8509 172 869 173 2840 
8510 155 831 154 2840 
8511 2276 2318 2285 2679 
8512 1131 436 454 2492 
8513 435 1129 453 2492 
8514 960 2597 292 2801 
8515 2430 2438 2394 2620 
8516 718 2434 736 2841 
8517 2296 2301 640 2425 
8518 800 2397 134 2578 
8519 2242 2405 2421 2631 
8520 1420 2270 1419 2530 
8521 511 510 1203 2493 
8522 2238 2579 2291 2603 
8523 491 490 1186 2770 
8524 1383 1445 1341 2598 
8525 130 788 129 2910 
8526 210 893 209 2904 
8527 227 931 228 2904 
8528 1399 1398 2323 2607 
8529 495 1210 81 2850 
8530 496 82 1211 2850 
8531 766 97 2725 2886 
8532 1305 2504 2377 2774 
8533 1515 1430 1467 2397 
8534 2338 2737 2645 2897 
8535 2317 2404 2332 2719 
8536 2226 2370 2563 2564 
8537 1486 1523 2342 2586 
8538 2241 2370 2571 2625 
8539 1308 1294 2472 2618 
8540 2246 2299 2322 2470 
8541 2279 2359 2333 2591 
8542 2227 2453 2574 2642 
8543 1468 2514 458 2757 
8544 1303 1296 2504 2535 
8545 1130 454 436 2492 
8546 453 1130 435 2492 
8547 675 2431 742 2576 
8548 479 1197 480 2674 
8549 237 901 236 2812 
8550 467 1170 2558 2703 
8551 153 848 154 2485 
8552 172 848 171 2485 
8553 291 273 958 2908 
8554 2237 2280 2260 2642 
8555 2440 2564 2250 2602 
8556 1208 503 89 2831 
8557 1381 1299 2571 2803 
8558 690 2461 743 2723 
8559 682 2551 2373 2771 
8560 1084 376 394 2898 
8561 279 2436 962 2511 
8562 479 1179 2460 2674 
8563 1456 2348 2286 2514 
8564 2239 2406 2350 2613 
8565 461 1179 2507 2882 
8566 889 211 212 2698 
8567 451 1128 2558 2855 
8568 2226 2563 2394 2620 
8569 1194 498 499 2674 
8570 433 1125 2663 2855 
8571 1138 2498 2710 2911 
8572 866 180 2696 2785 
8573 801 134 152 2890 
8574 892 211 2658 2904 
8575 2227 2458 2551 2825 
8576 2316 2547 2252 2680 
8577 668 2439 2590 2602 
8578 1128 450 2558 2855 
8579 2258 2241 2361 2589 
8580 81 1209 495 2850 
8581 496 1209 82 2850 
8582 181 859 182 2871 
8583 2253 2327 2300 2371 
8584 2241 2258 2361 2643 
8585 649 2283 651 2442 
8586 929 249 231 2401 
8587 2239 2401 2293 2902 
8588 231 249 927 2401 
8589 306 980 2536 2849 
8590 2394 2472 1503 2803 
8591 2250 2602 2564 2811 
8592 649 2496 2442 2876 
8593 1468 1368 458 2514 
8594 381 1053 380 2666 
8595 210 211 892 2904 
8596 1100 408 409 2834 
8597 2356 2457 2271 2651 
8598 1169 473 2720 2770 
8599 1338 2406 1324 2828 
8600 2244 2284 2591 2599 
8601 1379 1446 1503 2438 
8602 805 144 2615 2654 
8603 2268 2547 2316 2680 
8604 294 955 293 2801 
8605 2525 2531 2232 2736 
8606 447 1138 2498 2710 
8607 356 357 1042 2429 
8608 2481 2654 786 2827 
8609 286 989 2537 2887 
8610 376 1079 394 2898 
8611 181 2786 859 2871 
8612 1022 2758 2722 2877 
8613 2438 2226 2606 2667 
8614 800 152 134 2890 
8615 2377 2504 1305 2870 
8616 2226 2438 2394 2472 
8617 2241 2625 2253 2747 
8618 2270 2530 2274 2649 
8619 96 2543 1202 2725 
8620 640 638 753 2301 
8621 1398 1400 1401 2779 
8622 2403 2575 2411 2720 
8623 2286 2462 1498 2514 
8624 926 2660 227 2881 
8625 2266 2238 2317 2362 
8626 1294 1313 1308 2472 
8627 2340 2294 2392 2550 
8628 848 153 685 2485 
8629 166 845 184 2512 
8630 167 185 840 2512 
8631 397 2408 1091 2499 
8632 2241 2571 2342 2625 
8633 2439 2602 668 2651 
8634 88 2669 1214 2688 
8635 300 1006 2360 2809 
8636 2273 2355 2332 2509 
8637 2280 2267 2400 2626 
8638 750 2356 2271 2651 
8639 1477 2341 2531 2789 
8640 2248 2664 2259 2702 
8641 2373 2458 2227 2752 
8642 2227 2458 2373 2551 
8643 2241 2589 2625 2747 
8644 2535 2547 2238 2586 
8645 2253 2309 2371 2747 
8646 2335 2227 2458 2752 
8647 2316 2317 2291 2432 
8648 1156 464 465 2498 
8649 446 1156 447 2498 
8650 2226 2440 2564 2715 
8651 249 2447 948 2689 
8652 2230 2520 2338 2680 
8653 171 848 685 2485 
8654 732 2708 2243 2711 
8655 661 2276 662 2681 
8656 874 2565 192 2658 
8657 134 782 133 2578 
8658 115 782 116 2578 
8659 225 925 243 2876 
8660 926 226 244 2876 
8661 2335 2598 2227 2773 
8662 799 2767 2820 2826 
8663 310 998 311 2801 
8664 293 960 292 2801 
8665 315 1020 333 2859 
8666 2461 2824 2473 2900 
8667 1070 385 2632 2907 
8668 2414 2490 2372 2622 
8669 865 185 2512 2634 
8670 2235 2569 2486 2839 
8671 1056 2550 2671 2795 
8672 2263 2709 2569 2830 
8673 185 167 846 2512 
8674 166 184 846 2512 
8675 160 161 837 2517 
8676 2245 2298 2303 2569 
8677 1089 2548 417 2690 
8678 1007 2489 300 2874 
8679 468 1151 467 2558 
8680 1151 450 449 2558 
8681 2258 2397 2324 2612 
8682 448 1160 449 2428 
8683 1034 363 2470 2883 
8684 1507 2265 1484 2396 
8685 2480 2494 777 2688 
8686 367 1036 2632 2756 
8687 1030 347 365 2912 
8688 1460 2521 2421 2675 
8689 2232 2338 2479 2759 
8690 2233 2350 2541 2601 
8691 2509 2591 2284 2599 
8692 2402 2522 2274 2533 
8693 1354 1341 1445 2598 
8694 682 718 756 2373 
8695 2419 2306 2707 2832 
8696 209 888 208 2881 
8697 226 926 227 2881 
8698 2254 2278 2309 2382 
8699 796 123 124 2820 
8700 1217 2494 89 2805 
8701 341 1018 323 2391 
8702 341 323 1027 2391 
8703 632 2347 2272 2353 
8704 2242 2629 1496 2647 
8705 786 109 108 2827 
8706 1463 2367 2297 2466 
8707 1420 1482 2386 2508 
8708 1320 2601 2486 2705 
8709 224 1441 876 2426 
8710 2562 2594 2398 2797 
8711 424 1133 2677 2906 
8712 732 2557 2243 2708 
8713 1022 321 2758 2877 
8714 2260 2476 2237 2642 
8715 1270 2736 2479 2759 
8716 2226 2472 2370 2667 
8717 468 469 1144 2558 
8718 450 1144 451 2558 
8719 2226 2661 2440 2715 
8720 1501 1402 1400 2607 
8721 243 924 225 2876 
8722 924 244 226 2876 
8723 869 2354 172 2768 
8724 252 2659 923 2695 
8725 958 2577 2842 2908 
8726 2261 2340 2294 2392 
8727 1019 315 333 2859 
8728 1435 1503 2394 2869 
8729 171 2485 685 2768 
8730 2598 2773 2516 2784 
8731 2244 2279 2542 2591 
8732 649 2442 651 2511 
8733 1483 2453 1501 2574 
8734 1049 2499 380 2503 
8735 2480 2688 777 2864 
8736 247 928 2475 2685 
8737 620 2290 2540 2760 
8738 2242 2421 2529 2631 
8739 456 1149 474 2909 
8740 2254 2371 2309 2747 
8741 1327 1328 1329 2486 
8742 2227 2335 2458 2598 
8743 1030 366 2471 2632 
8744 347 1035 365 2912 
8745 257 921 2464 2880 
8746 2432 2437 2327 2815 
8747 2321 2393 2381 2682 
8748 1484 2289 2265 2586 
8749 2315 2427 2359 2588 
8750 2233 2270 2274 2649 
8751 2302 2633 624 2723 
8752 1383 1525 1445 2598 
8753 125 799 124 2820 
8754 837 143 142 2820 
8755 979 295 294 2553 
8756 979 312 313 2553 
8757 130 2477 788 2687 
8758 986 303 285 2887 
8759 2496 2660 926 2881 
8760 2239 2245 2298 2617 
8761 2487 2572 2231 2614 
8762 665 668 664 2651 
8763 1387 2266 1389 2348 
8764 398 399 1072 2499 
8765 380 1072 381 2499 
8766 2243 2282 2239 2902 
8767 445 1139 444 2829 
8768 1405 2644 2297 2779 
8769 383 1069 384 2740 
8770 1166 468 2474 2558 
8771 2251 2439 2278 2473 
8772 411 1119 412 2459 
8773 90 1208 89 2827 
8774 482 1175 464 2423 
8775 2323 2607 2662 2754 
8776 482 464 1174 2423 
8777 2373 2568 760 2771 
8778 1411 2593 2647 2717 
8779 1375 971 314 2435 
8780 2265 2300 2390 2395 
8781 2497 2551 2434 2728 
8782 2238 2547 2291 2579 
8783 304 1008 2536 2877 
8784 1132 450 2506 2558 
8785 2226 2394 2438 2620 
8786 2276 2681 2363 2729 
8787 2284 2428 2333 2509 
8788 324 1018 2391 2536 
8789 1467 2397 2324 2578 
8790 2316 2317 2474 2719 
8791 446 2588 1137 2829 
8792 1074 400 401 2740 
8793 2227 2574 2476 2642 
8794 1383 2516 1525 2598 
8795 162 2604 843 2615 
8796 746 2645 2594 2737 
8797 959 273 2597 2856 
8798 2244 2315 2284 2744 
8799 2329 2374 2292 2483 
8800 1045 335 353 2528 
8801 2438 2472 2226 2667 
8802 2275 2430 2292 2691 
8803 2421 2521 1432 2541 
8804 2248 2237 2664 2702 
8805 139 816 2700 2852 
8806 1150 456 474 2909 
8807 1387 2348 1386 2467 
8808 1068 380 379 2499 
8809 1068 397 398 2499 
8810 140 141 814 2832 
8811 2322 2470 2297 2626 
8812 2458 2568 2373 2771 
8813 755 2287 624 2482 
8814 1400 2267 1398 2607 
8815 733 2353 632 2542 
8816 140 814 2415 2452 
8817 2254 2589 2371 2747 
8818 2349 2413 2319 2523 
8819 860 186 2478 2848 
8820 2574 2607 1509 2624 
8821 2320 2383 2292 2430 
8822 2564 2590 2229 2811 
8823 831 154 2840 2846 
8824 2373 2592 2497 2841 
8825 984 285 303 2887 
8826 2296 2301 2247 2592 
8827 2416 2707 2306 2832 
8828 270 252 942 2523 
8829 271 935 253 2523 
8830 1495 1377 2675 2889 
8831 2339 2325 2448 2697 
8832 1495 1460 2421 2675 
8833 488 489 2693 2748 
8834 2240 2292 2274 2329 
8835 444 426 1140 2427 
8836 426 444 1139 2427 
8837 2334 2420 2672 2899 
8838 1497 2421 1431 2629 
8839 2478 860 2634 2739 
8840 1097 406 2628 2714 
8841 2245 2839 2681 2861 
8842 2388 2410 2313 2716 
8843 446 1137 445 2829 
8844 2230 2461 2680 2824 
8845 958 273 272 2842 
8846 1320 2486 1327 2606 
8847 2344 2374 2329 2604 
8848 1486 2586 2535 2789 
8849 2383 2443 2361 2726 
8850 2256 2413 2308 2631 
8851 2233 2350 2709 2830 
8852 256 257 921 2856 
8853 744 2605 2562 2792 
8854 1371 116 782 2578 
8855 340 2391 1027 2445 
8856 2251 2278 2439 2780 
8857 2285 2419 2363 2679 
8858 922 2449 258 2782 
8859 1356 1345 1321 2521 
8860 1356 1321 1332 2521 
8861 1449 1498 2462 2514 
8862 2283 2441 2307 2442 
8863 2520 2599 2338 2680 
8864 2386 2321 2508 2636 
8865 957 288 2469 2523 
8866 893 192 191 2565 
8867 2380 2500 2456 2596 
8868 938 271 253 2523 
8869 938 252 270 2523 
8870 2258 2383 2361 2455 
8871 1400 2267 2607 2779 
8872 2453 2607 2267 2779 
8873 869 2463 173 2840 
8874 1426 2430 1427 2868 
8875 805 2615 145 2654 
8876 2235 2742 2263 2778 
8877 108 786 2481 2826 
8878 416 398 1091 2408 
8879 398 416 1089 2408 
8880 857 2426 206 2686 
8881 2241 2361 2589 2643 
8882 2430 2563 2281 2620 
8883 449 2428 1160 2703 
8884 656 2245 2617 2861 
8885 2288 2277 2614 2879 
8886 652 2283 649 2496 
8887 2244 2287 2427 2633 
8888 395 377 1084 2550 
8889 396 1071 378 2550 
8890 2237 2619 2608 2664 
8891 1441 206 876 2426 
8892 2266 2403 2317 2875 
8893 421 1085 403 2907 
8894 2471 2756 2632 2761 
8895 2343 2379 2333 2556 
8896 630 2353 733 2502 
8897 1275 2399 1380 2759 
8898 442 2677 1133 2906 
8899 2247 2334 2301 2528 
8900 1371 782 134 2578 
8901 1352 2495 2387 2858 
8902 2227 2551 2497 2728 
8903 129 2477 787 2646 
8904 1418 1419 1417 2270 
8905 931 2776 228 2904 
8906 175 873 2658 2679 
8907 1328 2350 2486 2601 
8908 640 2425 2301 2527 
8909 2434 2497 2373 2551 
8910 1035 2470 365 2912 
8911 183 2762 864 2764 
8912 343 2665 342 2731 
8913 2369 2370 2618 2667 
8914 272 271 954 2842 
8915 918 253 254 2842 
8916 2235 2440 2581 2661 
8917 2260 2340 2280 2343 
8918 1175 464 2423 2498 
8919 1217 2805 89 2831 
8920 248 2448 947 2685 
8921 2291 2316 2547 2719 
8922 2280 2408 2343 2549 
8923 1129 2650 2366 2663 
8924 2313 2410 2288 2716 
8925 2234 2279 2272 2500 
8926 2282 2349 2293 2902 
8927 2269 2242 2337 2368 
8928 858 206 1374 2686 
8929 2248 1448 2610 2754 
8930 1013 2683 330 2761 
8931 1139 2427 444 2829 
8932 273 959 274 2856 
8933 2353 2502 630 2730 
8934 395 1075 377 2550 
8935 396 378 1075 2550 
8936 1460 1432 2421 2521 
8937 2305 2308 2270 2449 
8938 87 777 2688 2864 
8939 2373 2497 2434 2841 
8940 2227 2752 2335 2773 
8941 287 288 961 2537 
8942 157 851 2419 2679 
8943 254 919 236 2582 
8944 462 2384 1177 2673 
8945 297 982 610 2436 
8946 1526 1499 2691 2869 
8947 742 671 2328 2769 
8948 2327 2494 2378 2545 
8949 2296 2609 2592 2718 
8950 217 2533 881 2534 
8951 2292 2374 2329 2742 
8952 2479 2526 2338 2538 
8953 2306 2352 2389 2600 
8954 928 229 2475 2685 
8955 2319 2364 2255 2410 
8956 1496 2242 1497 2629 
8957 1426 2320 2275 2691 
8958 2280 2340 2499 2549 
8959 1092 421 403 2907 
8960 1328 1324 2350 2541 
8961 2341 2479 2338 2538 
8962 251 923 2468 2695 
8963 293 2566 960 2801 
8964 356 1061 357 2429 
8965 443 1159 444 2507 
8966 462 1159 461 2507 
8967 2252 2509 2232 2719 
8968 2287 2427 2302 2677 
8969 910 231 232 2515 
8970 1070 2632 384 2907 
8971 254 236 918 2582 
8972 2668 2673 1195 2674 
8973 2278 2365 2326 2655 
8974 2293 2256 2349 2749 
8975 2352 2382 2371 2654 
8976 286 287 970 2537 
8977 324 2391 1018 2488 
8978 1106 2422 437 2676 
8979 799 2820 125 2826 
8980 2398 2594 2338 2759 
8981 220 883 2522 2682 
8982 305 999 306 2536 
8983 323 324 999 2536 
8984 1275 1380 2736 2759 
8985 632 2353 2272 2542 
8986 2581 2839 2350 2847 
8987 1424 2629 1431 2649 
8988 2246 2773 2453 2784 
8989 1125 2650 434 2663 
8990 1123 440 458 2514 
8991 1208 89 2545 2831 
8992 2333 2359 2284 2591 
8993 1296 1438 2342 2535 
8994 1449 2514 2462 2896 
8995 1500 1426 2275 2691 
8996 1296 1304 2504 2653 
8997 2314 2433 2331 2680 
8998 2315 2302 2427 2507 
8999 2298 2330 2283 2617 
9000 1433 1493 1514 2571 
9001 2227 2373 2497 2551 
9002 856 160 178 2416 
9003 178 160 853 2416 
9004 2244 2427 2315 2633 
9005 2382 2481 2371 2654 
9006 217 2534 216 2838 
9007 909 230 231 2515 
9008 2228 2421 2256 2561 
9009 1429 2394 1433 2868 
9010 134 1453 1371 2578 
9011 1477 2531 2341 2736 
9012 746 2645 2737 2897 
9013 2564 2602 2369 2811 
9014 2434 2551 2373 2841 
9015 2247 2295 2294 2429 
9016 2276 2457 2356 2651 
9017 172 2354 869 2485 
9018 130 2687 788 2910 
9019 2233 2350 2601 2709 
9020 2453 2773 2598 2784 
9021 440 1124 458 2514 
9022 702 2328 2271 2451 
9023 1008 305 304 2536 
9024 718 613 2434 2551 
9025 296 953 278 2518 
9026 956 295 277 2518 
9027 2248 2259 2273 2702 
9028 2331 2316 2378 2501 
9029 1338 2406 2521 2765 
9030 904 215 233 2750 
9031 660 2513 761 2681 
9032 2270 2321 2274 2530 
9033 2318 2271 2457 2651 
9034 2394 2563 2430 2620 
9035 2294 2334 2429 2596 
9036 2343 2385 2260 2550 
9037 457 458 2585 2757 
9038 2288 2391 2277 2879 
9039 874 2463 191 2565 
9040 1484 1440 2396 2493 
9041 2229 2564 2625 2653 
9042 2323 2584 2422 2822 
9043 640 638 2301 2592 
9044 398 2408 1089 2499 
9045 2306 2382 2352 2600 
9046 1148 452 2650 2693 
9047 1285 2458 1344 2851 
9048 2244 2345 2427 2542 
9049 448 449 1141 2428 
9050 2257 2235 2285 2778 
9051 2245 2303 2298 2376 
9052 2291 2390 2300 2437 
9053 2266 2238 2531 2875 
9054 2592 2609 2296 2794 
9055 2298 2325 2283 2475 
9056 866 2696 179 2785 
9057 2252 2273 2332 2509 
9058 990 314 332 2546 
9059 313 994 331 2546 
9060 2497 2592 2373 2752 
9061 2272 2345 2279 2542 
9062 248 946 2448 2704 
9063 770 2395 112 2505 
9064 2292 2383 2281 2430 
9065 2247 2295 2334 2420 
9066 2288 2255 2364 2410 
9067 1091 2408 398 2499 
9068 2425 2527 705 2859 
9069 274 292 960 2597 
9070 342 2665 2351 2731 
9071 1103 2385 394 2823 
9072 1103 395 2385 2823 
9073 295 952 277 2518 
9074 296 278 952 2518 
9075 2270 2310 2274 2393 
9076 632 631 2347 2621 
9077 1420 1417 1419 2270 
9078 1294 2370 1299 2803 
9079 1296 2571 1299 2653 
9080 1316 2606 2440 2667 
9081 112 789 113 2505 
9082 131 789 130 2505 
9083 2246 2322 2299 2412 
9084 166 2512 846 2726 
9085 2247 2294 2334 2429 
9086 455 454 1147 2575 
9087 1147 472 473 2575 
9088 2326 2433 2378 2669 
9089 2364 2410 2319 2469 
9090 407 1097 2628 2714 
9091 638 2247 2301 2592 
9092 2245 2681 2463 2861 
9093 2463 2565 2245 2861 
9094 2251 2328 2365 2724 
9095 2310 2413 2308 2529 
9096 1356 1332 1360 2521 
9097 392 374 1080 2596 
9098 930 2704 2475 2776 
9099 912 233 215 2750 
9100 1297 1322 1311 2618 
9101 1325 2606 2438 2705 
9102 1375 296 971 2435 
9103 1506 1415 1466 2305 
9104 387 2621 1076 2627 
9105 214 213 910 2857 
9106 690 2249 2723 2897 
9107 1050 383 384 2632 
9108 365 1050 366 2632 
9109 2284 2332 2331 2446 
9110 2294 2295 2261 2392 
9111 313 331 991 2546 
9112 314 991 332 2546 
9113 295 956 2491 2518 
9114 1163 2404 469 2748 
9115 156 855 2679 2840 
9116 1363 2458 1354 2851 
9117 1477 1376 2341 2789 
9118 274 959 292 2597 
9119 2266 2289 1387 2694 
9120 1303 2535 2504 2774 
9121 670 2369 757 2602 
9122 2350 2406 1317 2847 
9123 865 202 2381 2762 
9124 1108 435 417 2548 
9125 2310 2274 2522 2533 
9126 796 124 2480 2820 
9127 1417 2270 2386 2629 
9128 2317 2403 2273 2875 
9129 2350 2561 2239 2569 
9130 755 627 624 2287 
9131 2325 2697 2441 2704 
9132 2415 2452 2318 2519 
9133 2316 2331 2268 2680 
9134 2405 2269 2631 2741 
9135 1487 2472 1294 2803 
9136 679 757 2369 2798 
9137 219 902 220 2522 
9138 412 1101 411 2459 
9139 2453 2544 1483 2598 
9140 2277 2351 2763 2879 
9141 721 2377 2520 2774 
9142 987 282 300 2595 
9143 2228 2561 2256 2902 
9144 2252 2331 2316 2680 
9145 2370 2472 2394 2803 
9146 2258 2281 2383 2430 
9147 2286 2610 1448 2754 
9148 2274 2329 2402 2533 
9149 305 287 989 2410 
9150 287 305 980 2410 
9151 2332 2404 2273 2719 
9152 301 2809 2758 2816 
9153 832 157 158 2519 
9154 1411 1497 1496 2242 
9155 1497 1377 1495 2889 
9156 1440 2493 1480 2885 
9157 633 2272 632 2347 
9158 1051 384 385 2632 
9159 366 1051 367 2632 
9160 1473 1432 2521 2541 
9161 501 1196 500 2433 
9162 271 2766 954 2842 
9163 409 427 1117 2587 
9164 2274 2381 2321 2393 
9165 181 841 163 2604 
9166 162 847 180 2604 
9167 2334 2528 2420 2899 
9168 851 157 2419 2519 
9169 163 824 162 2615 
9170 144 824 145 2615 
9171 1328 2486 1320 2601 
9172 437 436 1131 2676 
9173 980 2410 288 2537 
9174 416 2408 1091 2663 
9175 1405 2346 2297 2644 
9176 258 2449 922 2787 
9177 653 2283 652 2617 
9178 2476 2608 2260 2619 
9179 2273 2719 2317 2875 
9180 300 2595 988 2874 
9181 435 1109 417 2548 
9182 788 2687 2477 2910 
9183 2278 2473 2439 2811 
9184 634 2272 633 2640 
9185 241 896 223 2636 
9186 720 2461 2290 2723 
9187 679 1306 2369 2590 
9188 1516 2574 1509 2624 
9189 1417 2386 1416 2629 
9190 218 901 219 2522 
9191 2266 2531 1390 2610 
9192 2366 2492 1129 2663 
9193 2333 2459 2343 2556 
9194 2244 2542 2562 2591 
9195 2248 2610 1448 2624 
9196 2227 2476 2510 2642 
9197 2235 2257 2742 2778 
9198 1317 2350 1324 2406 
9199 456 2585 1149 2909 
9200 2320 2478 2512 2739 
9201 2232 2719 2273 2875 
9202 1495 1377 1460 2675 
9203 2230 2461 2520 2680 
9204 2363 2376 2245 2565 
9205 1486 2342 1438 2535 
9206 988 300 282 2595 
9207 2272 2279 2234 2542 
9208 2326 2669 2494 2688 
9209 2373 2551 2458 2771 
9210 2390 2300 2437 2699 
9211 2263 2357 2274 2830 
9212 2293 2239 2561 2569 
9213 2234 2542 2279 2591 
9214 2393 2636 2449 2787 
9215 128 783 127 2646 
9216 109 783 110 2646 
9217 1215 2668 2539 2853 
9218 2476 2510 2260 2728 
9219 416 1089 2408 2663 
9220 180 843 162 2604 
9221 163 843 181 2604 
9222 986 2583 303 2716 
9223 2304 2548 2408 2690 
9224 2328 2451 702 2735 
9225 731 666 2557 2708 
9226 2306 2389 2352 2807 
9227 2399 1443 2624 2733 
9228 668 2602 664 2651 
9229 2226 2620 2257 2807 
9230 101 83 774 2637 
9231 1091 415 2663 2746 
9232 437 1126 438 2676 
9233 455 456 1126 2676 
9234 1390 2531 2266 2694 
9235 2284 2315 2244 2359 
9236 1217 88 2494 2669 
9237 241 223 898 2636 
9238 2227 2458 2544 2598 
9239 2233 2529 2421 2561 
9240 431 413 1122 2556 
9241 414 432 1107 2556 
9242 1416 2386 2305 2629 
9243 2230 2461 2377 2520 
9244 2580 2723 620 2760 
9245 1347 1354 1363 2335 
9246 218 2522 882 2533 
9247 503 2805 1217 2831 
9248 2247 2236 2295 2592 
9249 2271 702 2451 2641 
9250 2264 2741 2269 2884 
9251 207 605 225 2881 
9252 2228 2406 2561 2902 
9253 2336 2348 2266 2575 
9254 1156 2446 465 2710 
9255 167 2512 840 2739 
9256 2232 2525 2338 2599 
9257 787 2477 111 2646 
9258 1483 1404 2453 2598 
9259 789 2477 130 2505 
9260 922 2636 2449 2782 
9261 843 2604 163 2615 
9262 643 2711 2609 2794 
9263 1415 2518 2305 2638 
9264 2260 2728 2294 2802 
9265 750 702 2271 2641 
9266 2394 2438 2430 2869 
9267 125 818 143 2600 
9268 2227 2544 2453 2598 
9269 129 787 128 2646 
9270 391 2380 1080 2713 
9271 1090 400 2690 2818 
9272 845 2512 166 2764 
9273 1426 1427 2430 2691 
9274 304 2716 1005 2877 
9275 2268 2331 2316 2378 
9276 1332 1337 1360 2521 
9277 982 279 610 2436 
9278 918 2659 253 2842 
9279 1466 2305 2435 2647 
9280 134 2397 1453 2578 
9281 2252 2332 2284 2509 
9282 926 2496 2442 2660 
9283 2475 2660 2376 2904 
9284 1381 1444 1299 2803 
9285 1519 1299 1296 2571 
9286 176 158 851 2419 
9287 158 176 852 2419 
9288 779 83 101 2637 
9289 1100 409 2713 2834 
9290 2365 2451 2328 2873 
9291 2332 2428 2355 2558 
9292 851 2679 175 2738 
9293 431 1113 413 2556 
9294 432 414 1113 2556 
9295 2294 2456 2500 2596 
9296 259 922 2638 2788 
9297 2479 2526 1290 2594 
9298 335 1021 334 2425 
9299 1031 2503 362 2665 
9300 1334 1311 1322 2618 
9301 1434 2612 1514 2814 
9302 679 1306 722 2798 
9303 1207 90 91 2815 
9304 2233 2310 2270 2529 
9305 750 2356 697 2641 
9306 2387 2495 1352 2753 
9307 1483 2544 2453 2574 
9308 1487 1336 1313 2472 
9309 2256 2308 2413 2529 
9310 226 2496 926 2881 
9311 143 809 125 2600 
9312 217 199 881 2533 
9313 200 218 882 2533 
9314 123 2480 796 2864 
9315 2235 2513 2285 2729 
9316 640 641 2296 2794 
9317 1500 2275 1422 2691 
9318 2300 2327 2291 2437 
9319 2276 2513 662 2681 
9320 2340 2343 2260 2550 
9321 2609 2711 2262 2794 
9322 462 1179 2384 2507 
9323 1321 2521 1345 2765 
9324 807 149 131 2455 
9325 2290 2314 2384 2723 
9326 131 149 803 2455 
9327 746 714 2594 2645 
9328 706 2495 1340 2858 
9329 2487 2516 2335 2773 
9330 1156 465 2446 2498 
9331 1334 722 1311 2798 
9332 2337 2372 2597 2622 
9333 133 2397 800 2578 
9334 2283 2617 653 2708 
9335 2246 2626 2297 2644 
9336 505 1201 506 2815 
9337 506 2432 1187 2878 
9338 758 2769 2461 2817 
9339 2258 1430 2397 2612 
9340 994 331 2546 2683 
9341 1274 2458 1291 2771 
9342 892 2658 210 2904 
9343 2416 2419 2306 2707 
9344 2244 2427 2287 2542 
9345 2343 2459 2385 2823 
9346 2458 2551 1283 2771 
9347 392 2380 1098 2821 
9348 323 2391 1018 2536 
9349 225 648 925 2876 
9350 2228 2421 2405 2631 
9351 2237 2624 2574 2733 
9352 1108 435 2548 2663 
9353 218 200 878 2533 
9354 199 217 878 2533 
9355 1497 1495 1431 2421 
9356 2329 2374 2344 2742 
9357 2569 2709 2350 2830 
9358 2300 2579 2241 2643 
9359 2228 2631 2405 2843 
9360 1344 1357 1363 2458 
9361 2381 2393 2274 2682 
9362 264 949 246 2441 
9363 950 264 246 2441 
9364 268 951 250 2447 
9365 948 268 250 2447 
9366 174 2679 855 2840 
9367 1034 2470 363 2670 
9368 1202 2725 2543 2800 
9369 670 728 757 2369 
9370 252 942 2523 2695 
9371 340 2445 1027 2877 
9372 2319 2413 2368 2523 
9373 859 2786 182 2871 
9374 746 2594 2526 2737 
9375 2272 2334 2380 2444 
9376 663 2276 716 2356 
9377 211 2552 889 2658 
9378 2310 2393 2270 2464 
9379 122 2415 814 2452 
9380 732 2243 2495 2711 
9381 122 2415 2452 2864 
9382 1291 1283 2458 2551 
9383 2314 2358 2290 2539 
9384 1106 2584 2422 2676 
9385 2269 2255 2319 2364 
9386 2308 2310 2270 2464 
9387 511 510 2493 2751 
9388 2280 2499 2408 2549 
9389 2286 2323 2462 2584 
9390 2326 2378 2268 2494 
9391 946 266 2448 2704 
9392 1398 2367 2267 2779 
9393 1448 2248 2624 2754 
9394 690 2461 2249 2520 
9395 2240 2661 2486 2705 
9396 2257 2306 2285 2715 
9397 2398 2338 2594 2645 
9398 732 731 2708 2711 
9399 714 2645 746 2897 
9400 1072 381 2499 2690 
9401 841 163 2604 2871 
9402 1357 2458 1274 2771 
9403 1275 2736 1270 2759 
9404 802 2454 128 2646 
9405 2456 2596 2429 2845 
9406 438 1126 2585 2676 
9407 1176 466 465 2446 
9408 365 2470 1035 2670 
9409 1363 1343 2568 2771 
9410 685 153 602 2485 
9411 1056 2731 2550 2796 
9412 2275 2292 2240 2691 
9413 1433 1493 2571 2803 
9414 1093 401 400 2407 
9415 720 743 2461 2723 
9416 2320 2478 2275 2512 
9417 2286 2462 2323 2754 
9418 342 2351 2391 2671 
9419 2445 2484 2409 2718 
9420 979 2435 295 2553 
9421 2591 2599 2398 2645 
9422 1334 2618 1322 2798 
9423 1388 2289 1387 2467 
9424 215 197 894 2534 
9425 881 198 216 2534 
9426 1301 2341 1376 2535 
9427 1416 2305 1506 2629 
9428 1407 2346 1405 2644 
9429 1348 2335 1347 2639 
9430 2262 2339 2243 2783 
9431 433 434 1111 2663 
9432 415 1111 416 2663 
9433 2230 2377 2461 2824 
9434 417 2548 1090 2690 
9435 155 831 2840 2846 
9436 2486 2569 2350 2839 
9437 124 796 2480 2767 
9438 2323 2607 2267 2662 
9439 404 1086 1373 2462 
9440 2227 2453 2544 2574 
9441 425 1116 424 2628 
9442 1116 407 406 2628 
9443 897 236 2533 2582 
9444 1498 1397 2323 2754 
9445 756 2373 760 2771 
9446 1329 2350 1328 2847 
9447 947 249 2448 2772 
9448 2460 2723 2580 2760 
9449 2334 2444 2347 2554 
9450 986 2716 303 2887 
9451 2300 2390 2291 2579 
9452 1436 2324 1467 2612 
9453 2319 2447 2349 2537 
9454 2320 2430 2275 2691 
9455 1526 2691 2438 2869 
9456 2264 2414 2322 2490 
9457 2418 2534 2293 2750 
9458 1304 1305 2504 2870 
9459 2232 2525 2252 2719 
9460 2360 2409 2296 2489 
9461 720 2290 623 2723 
9462 2276 2318 2457 2651 
9463 110 764 109 2781 
9464 2605 2797 2476 2825 
9465 349 350 1009 2466 
9466 444 2427 1140 2677 
9467 2238 2719 2531 2875 
9468 2497 2752 2261 2879 
9469 2504 2547 2342 2579 
9470 464 463 1174 2673 
9471 482 1174 481 2673 
9472 1316 2667 2440 2798 
9473 668 2590 728 2602 
9474 851 176 2419 2738 
9475 251 2468 932 2689 
9476 2341 2531 2525 2736 
9477 211 911 229 2698 
9478 193 2552 889 2738 
9479 2247 2334 2295 2429 
9480 662 2513 2276 2651 
9481 2240 2438 2661 2705 
9482 2246 2299 2470 2626 
9483 393 2456 392 2837 
9484 885 197 215 2534 
9485 885 216 198 2534 
9486 2379 2408 2304 2663 
9487 2368 2413 2319 2631 
9488 956 2491 277 2782 
9489 1308 1314 1294 2618 
9490 668 669 2439 2724 
9491 2307 2441 2283 2708 
9492 739 617 2406 2613 
9493 1467 2397 1430 2612 
9494 2230 2535 2525 2538 
9495 870 177 195 2417 
9496 872 195 177 2417 
9497 250 948 2447 2689 
9498 434 435 1108 2663 
9499 416 1108 417 2663 
9500 2247 2296 2295 2420 
9501 249 929 248 2685 
9502 230 929 231 2685 
9503 2237 2607 2574 2624 
9504 738 2440 2513 2602 
9505 2236 2592 2568 2609 
9506 2335 2516 2598 2773 
9507 494 1364 1161 2467 
9508 2334 2347 2301 2554 
9509 1139 445 427 2588 
9510 498 2668 499 2674 
9511 1294 1487 1313 2472 
9512 92 768 93 2781 
9513 2368 2623 2469 2766 
9514 750 2271 702 2724 
9515 987 2595 300 2816 
9516 738 2440 734 2513 
9517 955 275 2491 2782 
9518 2269 2368 2337 2597 
9519 2266 2362 2317 2403 
9520 2368 2372 2623 2908 
9521 1473 2521 1318 2541 
9522 2233 2561 2350 2830 
9523 2246 2470 2322 2626 
9524 2244 2284 2359 2591 
9525 1419 2530 2270 2649 
9526 211 229 908 2698 
9527 999 2536 324 2849 
9528 145 802 127 2654 
9529 126 809 144 2654 
9530 675 2540 2431 2850 
9531 1460 1342 2521 2675 
9532 2239 2243 2557 2708 
9533 812 2846 137 2873 
9534 462 1177 463 2673 
9535 2269 2405 2631 2743 
9536 1436 1467 2324 2578 
9537 668 728 670 2602 
9538 1305 1303 2504 2774 
9539 662 2276 661 2651 
9540 2283 2330 652 2617 
9541 289 974 307 2623 
9542 1396 1397 2323 2462 
9543 2394 2868 1429 2869 
9544 341 2391 1027 2671 
9545 2349 2401 2293 2689 
9546 1501 2453 1402 2607 
9547 2251 2278 2326 2473 
9548 157 156 2679 2700 
9549 1159 2507 443 2882 
9550 2376 2475 2330 2660 
9551 2274 2329 2263 2709 
9552 2278 2326 2309 2480 
9553 851 2419 158 2519 
9554 2350 2406 2561 2828 
9555 758 721 2377 2461 
9556 341 1018 2391 2671 
9557 928 230 229 2685 
9558 247 248 928 2685 
9559 1046 340 2657 2671 
9560 213 2804 910 2857 
9561 446 428 1137 2588 
9562 427 445 1137 2588 
9563 2309 2326 2268 2494 
9564 812 118 136 2641 
9565 2256 2233 2749 2830 
9566 1388 1387 2289 2694 
9567 2342 2547 2535 2586 
9568 682 2373 756 2771 
9569 2277 2391 2288 2488 
9570 1217 502 88 2669 
9571 661 699 716 2485 
9572 2304 2662 2237 2754 
9573 2239 2350 2569 2613 
9574 2314 2433 2358 2668 
9575 288 2410 980 2469 
9576 388 1076 2714 2860 
9577 1030 2471 366 2761 
9578 750 2271 665 2651 
9579 2321 2386 2270 2636 
9580 2525 2547 2252 2719 
9581 2302 2427 2507 2677 
9582 1056 360 2731 2796 
9583 1320 2606 1325 2705 
9584 351 1058 369 2627 
9585 1398 1454 2367 2779 
9586 805 126 144 2654 
9587 127 805 145 2654 
9588 2326 2433 2669 2688 
9589 2267 2607 2453 2642 
9590 445 1137 2588 2829 
9591 2361 2383 2281 2443 
9592 777 2494 2480 2767 
9593 1397 1398 1396 2323 
9594 2435 2491 2305 2518 
9595 830 602 153 2641 
9596 289 307 978 2623 
9597 2282 2325 2448 2783 
9598 1303 2538 2535 2774 
9599 2293 2349 2256 2902 
9600 477 459 1172 2580 
9601 1173 460 478 2580 
9602 2451 2641 702 2735 
9603 88 2494 777 2767 
9604 665 2651 2271 2724 
9605 2309 2326 2278 2473 
9606 801 1453 134 2890 
9607 438 1126 456 2585 
9608 439 457 1124 2585 
9609 2304 2407 2548 2690 
9610 813 2700 2415 2852 
9611 887 207 189 2567 
9612 2341 2535 1302 2538 
9613 656 2839 2245 2861 
9614 2472 2618 2370 2667 
9615 2514 2585 458 2757 
9616 2243 2441 2307 2708 
9617 2289 1480 2493 2836 
9618 2251 2461 2377 2473 
9619 2251 2439 2724 2780 
9620 842 2686 169 2739 
9621 136 118 810 2641 
9622 2338 2525 2341 2538 
9623 2226 2257 2715 2807 
9624 1296 1301 1438 2535 
9625 2231 2269 2741 2884 
9626 2250 2285 2306 2715 
9627 415 2379 1111 2663 
9628 2228 2557 2406 2902 
9629 959 2597 274 2856 
9630 479 2460 1179 2882 
9631 1089 2408 2548 2690 
9632 502 1214 88 2669 
9633 233 932 2468 2689 
9634 206 857 205 2426 
9635 2335 2568 1347 2639 
9636 2310 2393 2464 2522 
9637 1102 390 389 2444 
9638 1517 2321 1420 2530 
9639 314 2435 972 2546 
9640 313 972 2435 2546 
9641 351 369 1057 2627 
9642 146 806 128 2454 
9643 128 802 146 2454 
9644 207 886 189 2567 
9645 1086 422 1373 2462 
9646 1340 2495 1352 2858 
9647 150 803 149 2692 
9648 131 803 132 2692 
9649 1459 1376 1301 2341 
9650 2535 2538 2230 2774 
9651 1046 340 358 2657 
9652 162 847 2604 2696 
9653 852 159 158 2707 
9654 852 176 177 2707 
9655 968 282 283 2697 
9656 968 265 264 2697 
9657 2238 2586 2579 2603 
9658 2297 2346 2322 2644 
9659 1139 2588 2427 2829 
9660 1171 478 460 2580 
9661 477 1171 459 2580 
9662 134 1453 2397 2890 
9663 1437 1507 1436 2265 
9664 992 329 330 2683 
9665 312 311 992 2683 
9666 146 2454 802 2862 
9667 2433 2501 2378 2669 
9668 1269 2594 2562 2797 
9669 1521 2598 2544 2851 
9670 1398 1454 1396 2570 
9671 823 2555 151 2692 
9672 2599 2680 2520 2897 
9673 1368 1123 458 2514 
9674 2285 2306 2257 2416 
9675 2369 2590 2439 2602 
9676 2358 2433 2326 2668 
9677 1127 438 456 2585 
9678 457 439 1127 2585 
9679 1010 332 350 2559 
9680 140 814 2452 2832 
9681 232 231 927 2689 
9682 927 249 250 2689 
9683 671 2724 2328 2769 
9684 2250 2318 2276 2651 
9685 260 278 933 2638 
9686 277 259 936 2638 
9687 2299 2280 2626 2642 
9688 95 765 96 2725 
9689 114 765 113 2725 
9690 738 670 757 2602 
9691 690 743 625 2723 
9692 1492 1504 1382 2649 
9693 701 2312 2307 2711 
9694 2274 2357 2310 2830 
9695 379 1071 2549 2796 
9696 2244 2542 686 2562 
9697 412 2459 1119 2823 
9698 2453 2626 2510 2773 
9699 2291 2300 2253 2327 
9700 1030 365 2471 2912 
9701 1129 434 452 2650 
9702 1049 2499 2503 2796 
9703 1320 1328 1327 2486 
9704 2254 2371 2352 2382 
9705 2288 2313 2255 2410 
9706 335 334 1040 2425 
9707 2419 2519 2306 2832 
9708 2254 2306 2278 2382 
9709 949 247 246 2704 
9710 264 265 949 2704 
9711 865 2512 184 2762 
9712 2269 2614 2277 2884 
9713 2242 2405 2631 2741 
9714 250 951 251 2695 
9715 269 951 268 2695 
9716 2299 2510 2280 2642 
9717 2325 2339 2243 2441 
9718 149 2555 822 2692 
9719 257 2464 921 2856 
9720 2459 2556 2333 2823 
9721 980 287 2410 2537 
9722 2237 2476 2260 2619 
9723 2306 2254 2352 2382 
9724 2306 2419 2318 2519 
9725 1400 1402 1401 2779 
9726 2260 2385 2343 2802 
9727 177 176 872 2738 
9728 194 195 872 2738 
9729 2312 2339 2307 2711 
9730 411 1119 2459 2821 
9731 2230 2252 2547 2680 
9732 1429 1435 1433 2394 
9733 828 2389 162 2600 
9734 2272 2347 633 2640 
9735 1107 415 2746 2855 
9736 1376 1438 1301 2535 
9737 2264 2337 2372 2741 
9738 698 640 2301 2527 
9739 340 1043 358 2657 
9740 965 266 265 2697 
9741 965 283 284 2697 
9742 2486 2569 2263 2709 
9743 116 762 115 2886 
9744 132 804 133 2692 
9745 804 150 151 2692 
9746 2339 2441 2325 2697 
9747 437 2422 1106 2818 
9748 853 160 159 2707 
9749 853 177 178 2707 
9750 1077 707 387 2627 
9751 2250 2306 2285 2318 
9752 705 2425 640 2527 
9753 1497 2242 1411 2593 
9754 2438 2606 2472 2667 
9755 2274 2275 2240 2530 
9756 989 2410 287 2537 
9757 994 313 312 2683 
9758 330 331 994 2683 
9759 1306 1297 1311 2618 
9760 883 2402 219 2522 
9761 350 332 1009 2559 
9762 277 934 259 2638 
9763 260 934 278 2638 
9764 505 2815 506 2878 
9765 2327 2432 2545 2819 
9766 233 232 932 2689 
9767 251 932 250 2689 
9768 771 89 2767 2827 
9769 2274 2357 2329 2533 
9770 160 856 161 2696 
9771 179 856 178 2696 
9772 2590 2653 2229 2870 
9773 2367 2632 2471 2756 
9774 288 2469 980 2849 
9775 96 766 97 2725 
9776 115 766 114 2725 
9777 113 2395 770 2505 
9778 1294 1299 1444 2803 
9779 1125 452 434 2650 
9780 2368 2623 2766 2908 
9781 496 1211 2813 2850 
9782 305 980 2410 2536 
9783 219 2402 882 2522 
9784 426 1140 2427 2810 
9785 2260 2280 2340 2510 
9786 2290 620 2723 2760 
9787 122 2655 2415 2864 
9788 1325 2438 1379 2705 
9789 2265 2390 2300 2579 
9790 2259 2509 2273 2702 
9791 946 248 247 2704 
9792 946 265 266 2704 
9793 2274 2393 2310 2522 
9794 2294 2728 2500 2802 
9795 342 2488 2351 2665 
9796 942 252 251 2695 
9797 269 270 942 2695 
9798 2248 2702 2273 2875 
9799 682 1283 2551 2771 
9800 1032 362 363 2666 
9801 882 2402 2762 2786 
9802 1293 1300 2590 2870 
9803 871 193 194 2738 
9804 871 176 175 2738 
9805 423 1115 629 2730 
9806 2240 2438 2620 2661 
9807 2456 2821 392 2837 
9808 1506 1496 2629 2647 
9809 174 2463 874 2658 
9810 2324 2612 2265 2643 
9811 1501 2574 2453 2607 
9812 2369 2564 2440 2602 
9813 2235 2486 2263 2742 
9814 604 1020 315 2859 
9815 986 303 2583 2758 
9816 2233 2529 2256 2749 
9817 294 2491 955 2801 
9818 2331 2332 2316 2501 
9819 2360 2809 1006 2816 
9820 97 2493 1203 2725 
9821 2250 2651 2439 2780 
9822 1337 1490 1360 2521 
9823 2345 2444 2380 2713 
9824 1116 424 2628 2730 
9825 2240 2438 2430 2620 
9826 315 297 1001 2560 
9827 316 1002 298 2560 
9828 2636 2638 922 2788 
9829 2262 2339 2313 2360 
9830 2251 2431 2358 2637 
9831 2320 2383 2258 2555 
9832 1407 1470 1405 2346 
9833 2262 2313 2339 2783 
9834 2421 2675 2405 2889 
9835 755 683 627 2287 
9836 161 847 162 2696 
9837 180 847 179 2696 
9838 2258 2383 2320 2430 
9839 1037 342 2671 2731 
9840 716 2356 2276 2485 
9841 2273 2259 2355 2509 
9842 489 1168 471 2693 
9843 1163 488 470 2693 
9844 2286 2422 2323 2584 
9845 2336 2266 2403 2575 
9846 2526 2594 2338 2737 
9847 2290 2769 2358 2900 
9848 2392 2295 2445 2657 
9849 466 1157 465 2446 
9850 2302 2384 2315 2633 
9851 2453 2598 1404 2784 
9852 877 224 2426 2508 
9853 758 720 2461 2769 
9854 728 2590 2369 2602 
9855 2341 2684 1459 2736 
9856 282 2697 968 2777 
9857 2338 2594 2479 2759 
9858 2487 2614 2277 2879 
9859 1390 1389 1387 2266 
9860 495 1191 619 2760 
9861 2291 2238 2317 2719 
9862 2626 2779 2644 2784 
9863 1456 2286 1520 2514 
9864 1325 1319 1446 2472 
9865 2259 2304 2379 2664 
9866 316 298 1000 2560 
9867 315 1000 297 2560 
9868 2245 2330 2298 2617 
9869 2572 2614 2487 2879 
9870 2332 2355 2273 2404 
9871 2294 2500 2334 2596 
9872 111 769 93 2699 
9873 94 769 112 2699 
9874 210 192 893 2658 
9875 193 211 889 2658 
9876 2398 2759 2399 2797 
9877 657 2681 656 2861 
9878 171 172 2485 2768 
9879 254 2582 918 2842 
9880 436 2492 1131 2676 
9881 1504 2421 2541 2649 
9882 659 653 654 2617 
9883 392 1080 2380 2596 
9884 112 2477 789 2505 
9885 296 1469 953 2518 
9886 2462 2514 2286 2584 
9887 2326 2378 2494 2669 
9888 2293 2569 2561 2830 
9889 2278 2747 2473 2811 
9890 735 2354 2681 2861 
9891 2327 2652 2437 2781 
9892 112 769 111 2477 
9893 2274 2321 2275 2530 
9894 2230 2535 2504 2547 
9895 1148 469 2404 2650 
9896 2562 2605 2234 2792 
9897 446 2588 2498 2911 
9898 2476 2574 2237 2642 
9899 488 1167 470 2693 
9900 1167 489 471 2693 
9901 794 122 104 2655 
9902 2495 2557 730 2635 
9903 2231 2712 2264 2741 
9904 277 2638 936 2782 
9905 919 2582 254 2812 
9906 2521 2635 1362 2765 
9907 1299 2571 2370 2653 
9908 620 623 715 2540 
9909 2263 2303 2293 2569 
9910 349 1028 350 2466 
9911 309 997 2490 2903 
9912 669 749 668 2439 
9913 2486 2601 2350 2709 
9914 2280 2340 2299 2499 
9915 2310 2357 2274 2533 
9916 2371 2589 2454 2646 
9917 2281 2361 2258 2383 
9918 2340 2503 2351 2763 
9919 2234 2562 2542 2591 
9920 750 663 2356 2651 
9921 1463 2297 1405 2466 
9922 112 2699 2477 2800 
9923 292 310 977 2622 
9924 703 459 1153 2482 
9925 2342 2504 2625 2653 
9926 649 652 651 2283 
9927 2339 2583 2388 2783 
9928 1049 2503 380 2666 
9929 2265 2493 2396 2543 
9930 2252 2547 2316 2719 
9931 1315 1295 2341 2684 
9932 2312 2339 2262 2360 
9933 2243 2239 2557 2902 
9934 272 954 2766 2842 
9935 1054 364 363 2670 
9936 381 382 1054 2670 
9937 2299 2340 2280 2510 
9938 2266 2362 2289 2603 
9939 480 2384 1179 2674 
9940 489 1168 2693 2720 
9941 892 211 193 2658 
9942 892 192 210 2658 
9943 1208 2545 89 2827 
9944 823 169 2555 2739 
9945 183 863 201 2762 
9946 865 184 202 2762 
9947 723 742 2328 2576 
9948 2305 2386 1416 2638 
9949 2227 2476 2551 2728 
9950 2487 2516 2246 2884 
9951 2248 2237 2624 2754 
9952 786 2654 2481 2826 
9953 2250 2439 2602 2811 
9954 1066 386 404 2570 
9955 208 2567 888 2768 
9956 1049 362 2503 2666 
9957 2345 2588 2427 2810 
9958 358 359 1046 2671 
9959 340 1046 341 2671 
9960 2365 2450 2415 2780 
9961 990 332 1412 2546 
9962 1275 1380 1458 2736 
9963 2348 2575 2336 2585 
9964 150 822 2555 2692 
9965 2375 2299 2470 2670 
9966 908 229 230 2698 
9967 1098 2380 391 2713 
9968 1436 2265 2612 2814 
9969 2440 2606 2581 2661 
9970 342 2391 2351 2488 
9971 2252 2525 2230 2547 
9972 2238 2535 2525 2547 
9973 2321 2270 2393 2636 
9974 310 292 976 2622 
9975 614 1316 2440 2798 
9976 1407 2346 2644 2895 
9977 1303 1296 1304 2504 
9978 2504 2547 2253 2824 
9979 1295 1459 1301 2341 
9980 1217 2669 2494 2805 
9981 2287 2427 2628 2810 
9982 2248 2610 2286 2754 
9983 2247 2497 2434 2500 
9984 686 2633 2244 2645 
9985 373 2893 1060 2899 
9986 2379 2506 2333 2556 
9987 2354 2463 869 2840 
9988 1203 2493 510 2543 
9989 499 2668 1195 2674 
9990 165 826 147 2443 
9991 2261 2763 2351 2879 
9992 656 2681 2839 2861 
9993 147 825 165 2443 
9994 2267 2626 2453 2779 
9995 2650 2663 1125 2855 
9996 1464 2320 1481 2686 
9997 680 760 2568 2771 
9998 935 253 2523 2842 
9999 1411 1496 1506 2647 
10000 262 962 2833 2901 
10001 1477 1376 1459 2341 
10002 1079 2837 394 2898 
10003 494 2467 1161 2757 
10004 1481 2320 1426 2867 
10005 1420 1482 1417 2386 
10006 822 2555 167 2739 
10007 734 2513 2440 2581 
10008 300 2360 2595 2874 
10009 2226 2620 2438 2661 
10010 1098 391 409 2713 
10011 2317 2362 2291 2532 
10012 365 364 1055 2670 
10013 635 637 2434 2640 
10014 653 659 666 2708 
10015 1431 2629 2421 2649 
10016 650 651 2307 2511 
10017 749 668 2439 2590 
10018 1067 404 386 2570 
10019 2563 2564 2370 2625 
10020 864 202 184 2762 
10021 183 201 864 2762 
10022 2308 2566 2305 2647 
10023 2255 2313 2288 2572 
10024 823 150 2555 2692 
10025 2354 2567 677 2768 
10026 2309 2473 2253 2819 
10027 2291 2432 2327 2819 
10028 2314 2423 2384 2744 
10029 2269 2364 2319 2469 
10030 1316 2581 2440 2606 
10031 889 2552 194 2738 
10032 395 1084 2385 2734 
10033 359 360 1037 2671 
10034 342 341 1037 2671 
10035 2354 869 2485 2840 
10036 1345 2521 1362 2765 
10037 890 212 213 2804 
10038 194 890 195 2804 
10039 2307 2339 2312 2595 
10040 1156 447 2498 2710 
10041 107 790 108 2481 
10042 2342 2625 2571 2653 
10043 634 632 633 2272 
10044 1511 1477 2341 2736 
10045 2261 2445 2295 2879 
10046 840 2512 185 2739 
10047 961 2537 270 2695 
10048 1164 2751 492 2909 
10049 625 624 2633 2723 
10050 2286 2348 2336 2585 
10051 212 211 908 2698 
10052 91 764 92 2815 
10053 325 1014 343 2665 
10054 2251 2328 2431 2637 
10055 754 2377 1305 2870 
10056 2333 2355 2259 2509 
10057 607 1210 495 2540 
10058 2260 2608 2476 2728 
10059 860 2478 2634 2848 
10060 1139 2588 427 2810 
10061 149 2555 2455 2726 
10062 2252 2331 2284 2332 
10063 205 877 206 2426 
10064 863 2762 2483 2786 
10065 2320 2573 1481 2686 
10066 2313 2388 2255 2410 
10067 2266 2238 2362 2603 
10068 986 2583 302 2758 
10069 929 2401 231 2685 
10070 249 2401 929 2685 
10071 732 2495 2243 2557 
10072 1500 1464 1442 2426 
10073 1436 1488 1467 2578 
10074 861 187 186 2478 
10075 299 1002 2808 2874 
10076 956 277 2491 2518 
10077 2375 2400 2267 2626 
10078 506 1187 2432 2748 
10079 970 268 2537 2695 
10080 930 229 228 2475 
10081 409 391 1100 2713 
10082 2231 2614 2269 2884 
10083 2286 2422 2336 2754 
10084 1160 2428 448 2710 
10085 2241 2579 2342 2814 
10086 184 2512 845 2764 
10087 292 2622 977 2801 
10088 2551 2605 2476 2825 
10089 2249 2290 2314 2461 
10090 966 2772 2448 2887 
10091 2272 2279 2345 2380 
10092 2264 2322 2346 2644 
10093 389 390 1083 2444 
10094 1487 1294 1444 2803 
10095 421 2822 1085 2907 
10096 2388 2448 2339 2783 
10097 2494 89 2805 2831 
10098 2432 2327 2545 2815 
10099 2269 2319 2255 2631 
10100 2232 2531 2719 2875 
10101 2454 2589 2361 2646 
10102 1419 2270 1418 2649 
10103 1068 397 2499 2549 
10104 1445 1354 2598 2851 
10105 759 2513 662 2651 
10106 92 93 1204 2437 
10107 735 2354 661 2681 
10108 2346 2546 1513 2559 
10109 613 718 682 2551 
10110 270 2523 942 2695 
10111 2292 2281 2383 2443 
10112 1451 1448 1392 2610 
10113 807 131 130 2687 
10114 148 149 807 2687 
10115 1157 465 2446 2710 
10116 2254 2278 2306 2811 
10117 388 1076 2621 2714 
10118 1147 472 2575 2745 
10119 2504 2535 2342 2547 
10120 918 235 253 2659 
10121 252 234 923 2659 
10122 1012 325 343 2665 
10123 212 2515 909 2804 
10124 1293 1300 1306 2590 
10125 911 229 2698 2904 
10126 2288 2614 2572 2879 
10127 2458 2544 1278 2825 
10128 877 223 224 2508 
10129 337 1044 355 2672 
10130 1164 492 2751 2770 
10131 2459 2821 2456 2837 
10132 2300 2589 2371 2646 
10133 2237 2624 2619 2702 
10134 2277 2490 2412 2903 
10135 1461 1509 2574 2607 
10136 2370 2625 2564 2653 
10137 1506 2305 1466 2647 
10138 364 2470 1034 2670 
10139 2283 2330 2475 2660 
10140 1105 2584 439 2896 
10141 1516 1509 1443 2624 
10142 406 388 1095 2714 
10143 211 911 2698 2904 
10144 1273 1309 541 1298 
10145 1328 1323 2541 2601 
10146 1309 1273 541 1284 
10147 1321 547 1345 1356 
10148 547 1321 1332 1356 
10149 2384 2507 1179 2882 
10150 2328 2724 2251 2769 
10151 2627 2714 1076 2860 
10152 220 202 883 2682 
10153 879 203 221 2682 
10154 703 1153 441 2482 
10155 2241 2589 2300 2643 
10156 1285 1291 1274 2458 
10157 2265 2586 2289 2603 
10158 2267 2407 2400 2740 
10159 2439 2590 2229 2817 
10160 706 1340 1352 2858 
10161 2260 2510 2497 2728 
10162 970 2537 269 2695 
10163 2458 1278 2551 2825 
10164 643 644 2711 2794 
10165 2235 2263 2486 2569 
10166 2471 2632 366 2761 
10167 336 2528 1045 2899 
10168 842 169 168 2739 
10169 186 187 842 2739 
10170 2277 2351 2488 2665 
10171 339 1043 340 2445 
10172 2283 651 2442 2708 
10173 275 955 2491 2566 
10174 2237 2248 2624 2702 
10175 732 731 2557 2708 
10176 2252 2332 2273 2719 
10177 2290 2461 720 2769 
10178 2252 2273 2509 2719 
10179 330 1011 348 2761 
10180 331 349 1009 2761 
10181 85 499 1215 2668 
10182 1437 1484 1507 2265 
10183 2504 2625 2229 2747 
10184 2256 2310 2413 2749 
10185 395 2550 1084 2734 
10186 2454 2615 802 2862 
10187 1162 2467 494 2757 
10188 184 845 183 2764 
10189 165 845 166 2764 
10190 393 1079 375 2456 
10191 684 2502 691 2906 
10192 2307 2442 651 2708 
10193 1081 393 375 2456 
10194 650 701 737 2436 
10195 912 2689 233 2750 
10196 879 222 204 2790 
10197 877 205 223 2790 
10198 2233 2274 2530 2649 
10199 482 2423 1174 2673 
10200 464 1174 2423 2673 
10201 937 258 257 2782 
10202 275 276 937 2782 
10203 1516 1272 2574 2733 
10204 1042 356 2429 2722 
10205 1042 2429 357 2722 
10206 1032 2412 2666 2883 
10207 675 719 2431 2540 
10208 1460 1490 1432 2521 
10209 2295 2392 2294 2429 
10210 2392 2550 2294 2795 
10211 252 917 234 2659 
10212 235 917 253 2659 
10213 2282 2256 2349 2902 
10214 2298 2303 2293 2515 
10215 2379 2366 2650 2663 
10216 683 627 2287 2542 
10217 2305 2270 2386 2449 
10218 1490 1473 1432 2521 
10219 1004 320 321 2758 
10220 303 302 1004 2758 
10221 2231 2741 2264 2884 
10222 2501 2669 2433 2863 
10223 614 2440 738 2798 
10224 1347 1363 1343 2568 
10225 2268 2331 2433 2680 
10226 1035 2470 364 2670 
10227 337 355 1041 2672 
10228 2449 2636 922 2787 
10229 246 930 228 2776 
10230 245 227 926 2776 
10231 2284 2252 2509 2599 
10232 2239 2298 2283 2617 
10233 904 233 2468 2750 
10234 2276 2513 2250 2651 
10235 1089 2499 2408 2690 
10236 2244 2284 2599 2744 
10237 2340 2510 2299 2763 
10238 1168 472 471 2720 
10239 489 490 1168 2720 
10240 2296 2409 2295 2420 
10241 484 1193 502 2805 
10242 927 2401 249 2689 
10243 231 2401 927 2689 
10244 2350 2613 2406 2847 
10245 961 269 2537 2695 
10246 1097 407 389 2714 
10247 406 1097 388 2714 
10248 1302 2341 1301 2535 
10249 468 2474 2558 2806 
10250 2235 2263 2569 2778 
10251 2317 2362 2238 2603 
10252 1440 1507 1484 2396 
10253 614 2440 1316 2581 
10254 179 2732 875 2785 
10255 203 884 221 2682 
10256 884 202 220 2682 
10257 399 381 1072 2690 
10258 2307 2436 650 2511 
10259 643 2609 641 2794 
10260 2397 2555 2455 2692 
10261 625 2723 2633 2897 
10262 2445 2484 2288 2877 
10263 439 1124 440 2514 
10264 2566 2597 960 2801 
10265 1092 2822 421 2907 
10266 758 2461 2377 2817 
10267 2260 2497 2294 2728 
10268 1486 1438 1376 2535 
10269 2385 2294 2550 2795 
10270 2307 2243 2339 2441 
10271 247 2685 2475 2704 
10272 300 2595 2360 2816 
10273 2234 2605 2476 2728 
10274 2493 2885 1440 2886 
10275 208 886 2567 2768 
10276 840 168 167 2739 
10277 840 185 186 2739 
10278 2236 2752 2497 2879 
10279 1399 2624 2607 2754 
10280 2245 2363 2681 2729 
10281 2338 2230 2525 2538 
10282 467 485 1170 2703 
10283 2252 2316 2332 2719 
10284 1212 499 85 2668 
10285 500 1212 86 2668 
10286 1275 1458 1270 2736 
10287 2269 2337 2372 2597 
10288 182 863 183 2483 
10289 1486 2535 1376 2789 
10290 1354 1347 1341 2335 
10291 1404 1402 1483 2453 
10292 331 1013 349 2761 
10293 330 348 1013 2761 
10294 1511 2341 1459 2736 
10295 1274 1357 538 1285 
10296 1344 538 1357 1285 
10297 166 826 165 2726 
10298 147 826 148 2726 
10299 880 223 205 2790 
10300 880 204 222 2790 
10301 2452 2480 123 2864 
10302 2446 2498 2423 2744 
10303 2430 2438 2240 2691 
10304 2334 2347 2272 2640 
10305 936 276 277 2782 
10306 258 936 259 2782 
10307 2282 2447 2319 2537 
10308 2273 2366 2248 2875 
10309 673 2377 721 2774 
10310 305 2410 989 2716 
10311 2300 2477 2395 2643 
10312 2249 2520 2461 2680 
10313 129 2477 2646 2910 
10314 2493 2836 1480 2885 
10315 893 2565 209 2904 
10316 378 2550 1071 2796 
10317 2415 2480 2452 2864 
10318 738 2602 757 2798 
10319 1003 319 320 2758 
10320 301 1003 302 2758 
10321 2321 2381 2275 2634 
10322 690 2520 2249 2897 
10323 1449 2462 1395 2896 
10324 693 2526 746 2594 
10325 1291 2458 1278 2551 
10326 952 295 296 2435 
10327 1350 1460 1377 2675 
10328 2248 2366 2336 2875 
10329 2438 2691 2430 2869 
10330 449 2506 1132 2835 
10331 246 228 931 2776 
10332 245 931 227 2776 
10333 473 472 1169 2720 
10334 1291 2458 1283 2771 
10335 2362 2390 2291 2532 
10336 2288 2484 2445 2718 
10337 2344 2389 2374 2604 
10338 2242 2529 2421 2629 
10339 300 2489 1007 2809 
10340 2279 2359 2345 2587 
10341 2292 2620 2374 2742 
10342 1517 1494 2321 2426 
10343 382 1073 400 2690 
10344 399 1073 381 2690 
10345 757 2602 2369 2798 
10346 1098 409 2587 2713 
10347 484 502 1198 2805 
10348 640 2296 641 2592 
10349 83 2431 774 2854 
10350 2254 2309 2278 2747 
10351 1492 1382 2601 2649 
10352 1280 2399 2759 2797 
10353 2236 2592 2609 2718 
10354 2247 2294 2497 2500 
10355 2255 2282 2319 2388 
10356 2352 2389 2374 2807 
10357 617 2406 2613 2847 
10358 2440 2602 738 2798 
10359 1498 2286 1448 2754 
10360 1494 2321 2426 2508 
10361 1363 2458 1357 2771 
10362 2626 2644 2246 2784 
10363 1031 361 362 2503 
10364 2325 2441 2283 2475 
10365 1304 1305 1303 2504 
10366 841 2604 181 2871 
10367 311 2414 992 2683 
10368 2254 2306 2352 2807 
10369 2244 2633 2315 2744 
10370 2291 2547 2238 2719 
10371 2392 2429 2295 2657 
10372 2375 2400 2299 2670 
10373 2471 2775 1011 2912 
10374 1281 2562 2605 2797 
10375 1143 458 476 2757 
10376 1150 475 457 2757 
10377 485 467 1178 2703 
10378 1269 2562 1281 2797 
10379 2399 2619 2398 2797 
10380 1276 1270 2479 2759 
10381 728 679 2369 2590 
10382 955 2491 276 2782 
10383 1084 2795 376 2898 
10384 1492 2601 2530 2649 
10385 283 985 284 2816 
10386 301 302 985 2816 
10387 1296 1438 1519 2342 
10388 111 788 112 2477 
10389 827 149 148 2726 
10390 827 166 167 2726 
10391 2261 2351 2340 2392 
10392 2326 2365 2358 2630 
10393 1484 2265 1437 2586 
10394 641 2592 2296 2794 
10395 1517 1500 1442 2426 
10396 2300 2361 2589 2646 
10397 300 2489 2360 2874 
10398 162 2389 828 2696 
10399 2520 2737 611 2774 
10400 1138 447 429 2710 
10401 691 2502 2482 2906 
10402 2453 2246 2626 2773 
10403 1131 2492 454 2745 
10404 1129 453 2492 2745 
10405 1360 1490 1342 2521 
10406 387 1096 405 2621 
10407 836 2457 156 2700 
10408 1031 343 361 2731 
10409 1037 360 342 2731 
10410 930 2475 228 2776 
10411 257 258 916 2449 
10412 1511 1477 1459 2341 
10413 1395 1449 1498 2462 
10414 273 2597 2577 2908 
10415 926 2496 226 2876 
10416 2227 2453 2510 2773 
10417 138 816 120 2450 
10418 120 817 138 2450 
10419 956 276 2491 2782 
10420 2276 2363 2463 2679 
10421 1514 2612 2571 2814 
10422 632 2542 2272 2792 
10423 2301 2347 2334 2640 
10424 2268 2433 2314 2680 
10425 2454 2646 802 2654 
10426 823 2555 168 2739 
10427 793 118 119 2451 
10428 2327 2432 2291 2437 
10429 145 821 146 2862 
10430 164 821 163 2862 
10431 1348 1341 1347 2335 
10432 912 232 2689 2750 
10433 492 1182 510 2751 
10434 690 2723 625 2897 
10435 738 614 734 2440 
10436 659 2557 666 2708 
10437 1466 2435 2311 2647 
10438 2258 2455 2361 2643 
10439 2299 2510 2626 2773 
10440 1485 2289 1484 2586 
10441 424 1114 423 2502 
10442 2293 2418 2263 2534 
10443 2251 2358 2326 2365 
10444 1521 1483 2544 2598 
10445 721 2520 611 2774 
10446 2355 2404 2332 2558 
10447 613 682 1268 2551 
10448 2234 2434 2605 2728 
10449 387 405 1095 2621 
10450 868 189 171 2768 
10451 190 869 172 2768 
10452 2343 2459 2333 2608 
10453 1061 357 2429 2845 
10454 356 1061 2429 2845 
10455 303 1004 321 2484 
10456 321 1005 303 2484 
10457 1142 457 475 2757 
10458 458 1142 476 2757 
10459 729 2330 2567 2861 
10460 255 256 920 2812 
10461 237 920 238 2812 
10462 392 2456 2380 2821 
10463 1281 1269 678 2562 
10464 2365 2271 2450 2780 
10465 1175 2423 482 2721 
10466 2245 2239 2613 2617 
10467 478 1192 479 2460 
10468 877 205 2790 2848 
10469 298 280 981 2874 
10470 500 482 1195 2721 
10471 501 1193 483 2721 
10472 2231 2405 2593 2741 
10473 2625 2747 2254 2811 
10474 197 179 875 2785 
10475 198 862 180 2785 
10476 741 2708 646 2711 
10477 2377 2251 2473 2817 
10478 1333 2472 1339 2618 
10479 2287 2628 2345 2810 
10480 2299 2400 2375 2626 
10481 193 889 2552 2658 
10482 838 170 188 2686 
10483 842 187 169 2686 
10484 742 2328 2431 2769 
10485 88 2494 2669 2688 
10486 2227 2497 2373 2752 
10487 173 874 174 2463 
10488 2510 2626 2453 2642 
10489 2314 2331 2423 2744 
10490 1522 1435 1503 2803 
10491 1303 1302 2535 2538 
10492 2231 2614 2572 2743 
10493 987 283 282 2816 
10494 987 300 301 2816 
10495 506 1184 488 2748 
10496 83 774 2637 2854 
10497 794 2415 122 2655 
10498 1136 429 447 2710 
10499 2266 2403 2411 2720 
10500 154 850 155 2840 
10501 173 850 172 2840 
10502 2227 2510 2476 2728 
10503 2259 2379 2355 2506 
10504 2416 2306 2517 2832 
10505 2358 2431 2290 2539 
10506 342 360 1033 2731 
10507 343 1033 361 2731 
10508 1150 2585 456 2909 
10509 970 2537 268 2772 
10510 2290 2384 2314 2674 
10511 249 2447 2448 2772 
10512 245 926 244 2442 
10513 754 2817 2377 2870 
10514 1075 2550 395 2734 
10515 396 2550 1075 2734 
10516 156 836 155 2457 
10517 874 2463 2565 2658 
10518 822 168 2555 2739 
10519 2231 2516 2487 2884 
10520 2434 2551 613 2605 
10521 868 171 609 2768 
10522 2270 2308 2305 2629 
10523 510 1188 492 2751 
10524 1188 511 493 2751 
10525 2284 2509 2333 2591 
10526 1518 2297 1463 2367 
10527 650 2307 701 2436 
10528 495 2540 1210 2850 
10529 510 1182 509 2543 
10530 1318 1490 1337 2521 
10531 238 902 2522 2880 
10532 146 825 147 2862 
10533 165 825 164 2862 
10534 1348 2639 2568 2894 
10535 2261 2752 2487 2879 
10536 1185 489 2532 2720 
10537 867 171 189 2768 
10538 172 867 190 2768 
10539 2285 2318 2306 2419 
10540 2305 2566 2491 2647 
10541 1483 1402 1501 2453 
10542 2268 2473 2309 2819 
10543 2521 2635 2406 2828 
10544 2271 2328 702 2724 
10545 2256 2413 2310 2529 
10546 442 1154 443 2677 
10547 1417 1418 2270 2629 
10548 914 260 1413 2788 
10549 683 755 733 2287 
10550 1399 1397 1448 2754 
10551 2353 630 2621 2730 
10552 1338 1330 2406 2765 
10553 838 1450 170 2686 
10554 919 254 255 2812 
10555 919 237 236 2812 
10556 167 2383 2512 2739 
10557 2291 2579 2390 2603 
10558 1520 1448 1498 2286 
10559 1215 2539 498 2854 
10560 2450 2457 2271 2846 
10561 483 1196 501 2721 
10562 1196 482 500 2721 
10563 2303 2418 2293 2750 
10564 183 2483 863 2762 
10565 197 866 179 2785 
10566 180 866 198 2785 
10567 2234 2500 2272 2792 
10568 364 346 1034 2470 
10569 364 1035 346 2470 
10570 757 728 679 2369 
10571 652 2283 653 2708 
10572 1526 2438 1499 2869 
10573 2305 2386 2270 2629 
10574 298 983 280 2874 
10575 209 2565 888 2881 
10576 170 839 188 2686 
10577 169 187 839 2686 
10578 2249 2384 2314 2723 
10579 2513 2581 761 2681 
10580 1465 2311 1466 2435 
10581 439 1124 2514 2585 
10582 2274 2310 2233 2830 
10583 371 1064 353 2791 
10584 1057 370 352 2791 
10585 2265 2289 2493 2543 
10586 99 773 674 2850 
10587 484 1193 2805 2863 
10588 506 488 1187 2748 
10589 633 632 631 2347 
10590 2266 2531 2238 2694 
10591 2551 2605 2434 2728 
10592 969 263 281 2833 
10593 280 262 962 2833 
10594 1090 2548 418 2818 
10595 2492 2676 436 2818 
10596 431 2556 1122 2835 
10597 2231 2593 2405 2648 
10598 2282 2319 2388 2537 
10599 617 1317 708 2406 
10600 356 1060 374 2845 
10601 1176 2446 465 2863 
10602 466 2446 1176 2863 
10603 636 753 638 2640 
10604 280 962 279 2436 
10605 987 282 2595 2816 
10606 2273 2702 2232 2875 
10607 2277 2372 2322 2490 
10608 2350 2569 2486 2709 
10609 2250 2602 2439 2651 
10610 1073 381 2400 2670 
10611 2230 2547 2504 2824 
10612 174 855 173 2840 
10613 155 855 156 2840 
10614 641 2609 2592 2794 
10615 2240 2329 2274 2709 
10616 1045 2528 336 2706 
10617 335 2528 1045 2706 
10618 2268 2326 2309 2473 
10619 2235 2681 2513 2729 
10620 2401 2689 2515 2750 
10621 2265 2396 2395 2543 
10622 853 178 2416 2707 
10623 853 2416 160 2707 
10624 667 730 2557 2635 
10625 1389 2348 2266 2610 
10626 132 784 131 2866 
10627 113 784 114 2866 
10628 387 388 1076 2621 
10629 2233 2561 2421 2828 
10630 2290 2461 2249 2723 
10631 2277 2372 2490 2903 
10632 486 1183 487 2474 
10633 103 2630 775 2853 
10634 396 2549 1071 2550 
10635 2243 2708 2307 2711 
10636 1197 479 497 2813 
10637 496 478 1190 2813 
10638 2306 2318 2452 2519 
10639 392 1098 410 2821 
10640 2287 2353 2345 2628 
10641 919 236 2582 2812 
10642 2290 2249 2314 2723 
10643 1338 1318 2521 2541 
10644 2319 2410 2388 2537 
10645 2229 2377 2473 2817 
10646 2267 2400 2407 2662 
10647 2231 2572 2487 2639 
10648 118 100 791 2799 
10649 1278 2458 1291 2544 
10650 2292 2275 2381 2512 
10651 454 2492 1130 2745 
10652 1130 2492 453 2745 
10653 1302 1315 2341 2538 
10654 1179 2460 2384 2882 
10655 1490 1318 1473 2521 
10656 436 1109 2548 2818 
10657 2291 2362 2317 2603 
10658 2232 2509 2273 2719 
10659 2226 2257 2620 2661 
10660 209 913 210 2904 
10661 913 227 228 2904 
10662 995 324 325 2488 
10663 272 2842 2766 2908 
10664 1277 1516 1272 2574 
10665 2264 2372 2269 2741 
10666 1084 2550 377 2795 
10667 2316 2545 2432 2819 
10668 495 477 1191 2760 
10669 1274 1291 1283 2771 
10670 465 2446 2423 2863 
10671 90 2545 1208 2827 
10672 2227 2497 2510 2728 
10673 2229 2473 2439 2817 
10674 379 1049 361 2796 
10675 1056 378 360 2796 
10676 2344 2374 2257 2742 
10677 2227 2510 2453 2642 
10678 710 618 2568 2609 
10679 2394 2571 2370 2803 
10680 2333 2343 2259 2379 
10681 887 189 676 2567 
10682 501 2669 1193 2721 
10683 395 413 1094 2823 
10684 2449 2305 2566 2782 
10685 877 2426 205 2848 
10686 450 1132 2506 2855 
10687 426 2427 1139 2810 
10688 1025 336 2420 2809 
10689 2363 2376 2303 2729 
10690 2246 2412 2299 2763 
10691 164 844 165 2871 
10692 183 844 182 2871 
10693 1059 371 353 2791 
10694 370 1059 352 2791 
10695 494 493 1181 2467 
10696 336 318 1026 2809 
10697 862 2604 180 2785 
10698 638 2640 2247 2841 
10699 1108 2548 417 2663 
10700 2280 2299 2400 2499 
10701 729 2567 752 2861 
10702 2456 2500 2380 2802 
10703 2228 2561 2406 2828 
10704 358 2392 1065 2671 
10705 964 281 263 2833 
10706 280 964 262 2833 
10707 959 2597 273 2908 
10708 2315 2359 2284 2498 
10709 356 374 1061 2845 
10710 634 633 635 2640 
10711 870 195 196 2732 
10712 870 178 177 2732 
10713 102 84 779 2853 
10714 85 103 775 2853 
10715 212 230 909 2698 
10716 2439 2473 2251 2817 
10717 2247 2334 2294 2500 
10718 729 2330 717 2567 
10719 2355 2379 2366 2650 
10720 2358 2365 2251 2637 
10721 2317 2273 2404 2719 
10722 1460 1342 1490 2521 
10723 1385 1388 2467 2836 
10724 661 716 2276 2485 
10725 129 808 130 2910 
10726 148 808 147 2910 
10727 2547 2680 2268 2824 
10728 2380 2334 2500 2596 
10729 957 271 2523 2766 
10730 295 2491 294 2553 
10731 114 785 115 2866 
10732 133 785 132 2866 
10733 1504 2541 1382 2649 
10734 2411 2720 473 2770 
10735 2396 2493 1440 2886 
10736 2279 2359 2587 2821 
10737 2265 2300 2395 2643 
10738 2434 2497 2247 2841 
10739 2311 2264 2337 2414 
10740 297 981 2436 2560 
10741 340 1024 339 2445 
10742 2287 2345 2427 2810 
10743 357 1043 339 2722 
10744 1041 356 338 2722 
10745 2424 2425 705 2859 
10746 497 479 1192 2813 
10747 496 1192 478 2813 
10748 2318 2276 2457 2679 
10749 1147 454 472 2745 
10750 1145 471 453 2745 
10751 994 2546 313 2683 
10752 2315 2359 2498 2588 
10753 2283 2442 2660 2776 
10754 1386 1387 1389 2348 
10755 1099 392 410 2821 
10756 396 414 1088 2734 
10757 303 1005 304 2716 
10758 2288 2572 2313 2718 
10759 1333 544 1308 2618 
10760 1314 1300 1294 2370 
10761 909 2515 213 2804 
10762 716 663 661 2276 
10763 100 118 793 2799 
10764 690 721 2461 2520 
10765 1470 2466 2346 2559 
10766 889 2552 211 2698 
10767 288 289 957 2469 
10768 1386 2467 2348 2757 
10769 212 908 230 2698 
10770 495 1190 477 2760 
10771 459 1152 2482 2580 
10772 1390 2266 1387 2694 
10773 1332 1318 1337 2521 
10774 1368 440 1123 2514 
10775 957 289 271 2766 
10776 2280 2407 2400 2662 
10777 116 2578 1371 2886 
10778 1445 2598 1521 2851 
10779 774 101 2637 2799 
10780 911 211 210 2904 
10781 228 229 911 2904 
10782 2227 2476 2574 2825 
10783 2360 2409 2313 2718 
10784 360 378 1052 2796 
10785 379 361 1052 2796 
10786 1000 315 316 2424 
10787 2448 2697 2325 2704 
10788 2633 2723 2249 2897 
10789 1047 368 386 2793 
10790 367 1051 385 2793 
10791 986 2583 2716 2887 
10792 973 294 293 2801 
10793 312 973 311 2801 
10794 748 700 2312 2560 
10795 449 1132 431 2835 
10796 1136 448 430 2835 
10797 2338 2526 2479 2594 
10798 2361 2300 2477 2646 
10799 654 653 652 2617 
10800 412 1103 394 2823 
10801 1103 413 395 2823 
10802 1383 2516 1341 2678 
10803 238 2522 902 2812 
10804 151 2555 823 2890 
10805 2308 2368 2577 2597 
10806 1402 2779 2453 2784 
10807 436 418 1109 2818 
10808 437 1106 419 2818 
10809 1360 1342 1356 2521 
10810 1025 318 336 2809 
10811 1338 2521 1321 2765 
10812 1414 1416 2386 2638 
10813 354 1045 2528 2899 
10814 442 1154 2677 2882 
10815 178 875 179 2732 
10816 875 196 197 2732 
10817 2476 2797 2733 2825 
10818 163 841 164 2871 
10819 182 841 181 2871 
10820 1416 1415 2305 2638 
10821 2269 2255 2364 2614 
10822 2285 2306 2416 2419 
10823 1091 2663 2408 2746 
10824 1459 2341 1295 2684 
10825 634 632 2272 2792 
10826 1321 1338 1332 2521 
10827 213 2515 910 2804 
10828 2269 2372 2337 2741 
10829 342 2351 2671 2731 
10830 2277 2364 2269 2372 
10831 103 85 778 2853 
10832 84 102 778 2853 
10833 837 142 2517 2820 
10834 477 2580 1172 2760 
10835 1173 2580 478 2760 
10836 408 2810 409 2834 
10837 399 1072 2499 2690 
10838 1106 2584 438 2822 
10839 439 2584 1105 2822 
10840 2299 2626 2510 2642 
10841 993 326 308 2755 
10842 110 787 111 2781 
10843 339 1042 357 2722 
10844 1042 338 356 2722 
10845 2236 2572 2487 2879 
10846 175 2679 2658 2738 
10847 454 1146 472 2745 
10848 471 1146 453 2745 
10849 1122 2556 413 2823 
10850 167 2555 2383 2739 
10851 984 303 2716 2887 
10852 1032 2412 2503 2666 
10853 889 212 2552 2698 
10854 1356 1362 1345 2521 
10855 646 2708 731 2711 
10856 128 806 129 2910 
10857 147 806 146 2910 
10858 923 2659 2468 2695 
10859 508 1186 490 2727 
10860 2525 2535 2341 2538 
10861 2322 2346 2297 2471 
10862 1276 2594 1280 2759 
10863 202 883 2682 2762 
10864 248 2448 2685 2704 
10865 1085 2462 404 2570 
10866 710 2592 747 2609 
10867 1507 1488 1436 2396 
10868 935 2523 271 2842 
10869 174 873 175 2679 
10870 405 1115 423 2730 
10871 424 1116 406 2730 
10872 1094 414 396 2734 
10873 1010 350 1369 2559 
10874 2258 2324 2455 2643 
10875 1322 544 1333 2618 
10876 2266 2362 2403 2720 
10877 2313 2288 2484 2716 
10878 1308 544 1297 2618 
10879 815 124 123 2820 
10880 815 141 142 2820 
10881 691 755 624 2482 
10882 295 972 296 2435 
10883 2254 2625 2589 2747 
10884 1268 682 1283 2551 
10885 1217 502 2669 2805 
10886 217 235 897 2838 
10887 216 904 234 2838 
10888 290 272 954 2766 
10889 954 271 289 2766 
10890 749 2439 669 2817 
10891 901 2522 236 2812 
10892 184 2762 2512 2764 
10893 2476 2605 2551 2728 
10894 2239 2569 2245 2613 
10895 736 613 696 2434 
10896 386 368 1048 2793 
10897 385 1048 367 2793 
10898 2226 2606 2440 2661 
10899 390 1083 2444 2893 
10900 349 2466 1009 2761 
10901 2571 2612 2241 2814 
10902 1269 1280 2594 2797 
10903 2262 2243 2339 2711 
10904 1281 2562 678 2605 
10905 2326 2365 2630 2655 
10906 2269 2372 2368 2597 
10907 713 2562 2542 2792 
10908 2243 2339 2325 2783 
10909 617 1317 2406 2847 
10910 698 705 640 2527 
10911 899 221 239 2880 
10912 238 220 902 2880 
10913 2267 2453 2626 2642 
10914 335 1026 317 2808 
10915 316 1019 334 2808 
10916 656 2245 2613 2617 
10917 1388 1508 1387 2694 
10918 1173 2460 479 2882 
10919 2319 2255 2388 2410 
10920 1141 430 448 2835 
10921 449 431 1141 2835 
10922 2405 2843 2743 2844 
10923 690 720 743 2461 
10924 977 293 292 2801 
10925 310 311 977 2801 
10926 678 1269 615 2562 
10927 2497 2510 2261 2773 
10928 2315 2588 2498 2829 
10929 2283 2660 2475 2776 
10930 683 686 627 2542 
10931 1201 2815 92 2892 
10932 2291 2316 2432 2819 
10933 88 777 106 2767 
10934 107 771 89 2767 
10935 1110 437 419 2818 
10936 436 1110 418 2818 
10937 2306 2389 2257 2416 
10938 315 1001 647 2560 
10939 2377 2461 2251 2817 
10940 306 2536 999 2849 
10941 1085 421 422 2462 
10942 959 291 2597 2908 
10943 1424 1431 2421 2649 
10944 754 2590 2817 2870 
10945 361 1049 362 2503 
10946 2277 2665 2755 2903 
10947 2542 2562 2234 2792 
10948 793 119 101 2873 
10949 2260 2343 2280 2664 
10950 2282 2388 2447 2537 
10951 104 86 775 2864 
10952 87 105 777 2864 
10953 1205 94 508 2891 
10954 1032 2503 2412 2665 
10955 1365 933 278 2638 
10956 2233 2310 2529 2749 
10957 28 495 607 1210 
10958 881 198 2534 2785 
10959 856 2416 178 2696 
10960 160 2416 856 2696 
10961 612 2495 730 2635 
10962 264 282 968 2777 
10963 1141 448 2428 2835 
10964 449 1141 2428 2835 
10965 1209 2540 495 2850 
10966 496 2540 1209 2850 
10967 2340 2299 2503 2763 
10968 627 686 626 2633 
10969 131 2455 803 2692 
10970 803 2455 149 2692 
10971 485 1178 484 2501 
10972 2431 2799 774 2854 
10973 181 862 199 2786 
10974 200 863 182 2786 
10975 620 2290 623 2540 
10976 665 2271 750 2724 
10977 205 2426 857 2848 
10978 661 2276 663 2651 
10979 1432 1495 1460 2421 
10980 2314 2423 2331 2433 
10981 2349 2293 2468 2689 
10982 741 650 651 2307 
10983 1027 2445 2391 2877 
10984 180 2604 847 2696 
10985 466 484 1178 2863 
10986 1175 483 465 2863 
10987 249 2448 2401 2685 
10988 124 2767 2480 2820 
10989 2336 2348 2286 2610 
10990 659 739 667 2557 
10991 1522 1503 2472 2803 
10992 449 2558 2428 2703 
10993 1348 1347 2568 2639 
10994 1114 405 423 2730 
10995 1114 424 406 2730 
10996 2320 2512 2383 2739 
10997 818 142 143 2820 
10998 125 124 818 2820 
10999 288 974 2469 2849 
11000 689 2347 2301 2640 
11001 1159 461 2507 2882 
11002 432 1107 2556 2855 
11003 2246 2322 2412 2763 
11004 2297 2470 2375 2626 
11005 216 234 900 2838 
11006 235 217 900 2838 
11007 234 923 2659 2838 
11008 222 240 898 2865 
11009 2299 2666 2470 2670 
11010 2272 2380 2334 2500 
11011 1454 2570 2367 2793 
11012 1390 1389 2266 2610 
11013 111 2477 769 2699 
11014 769 2477 112 2699 
11015 2296 2424 2489 2808 
11016 1322 1297 544 2618 
11017 2410 989 2716 2887 
11018 2259 2591 2509 2702 
11019 2230 2338 2520 2538 
11020 286 2537 970 2887 
11021 1292 611 2737 2774 
11022 812 119 118 2451 
11023 2272 2279 2380 2500 
11024 1460 1350 1342 2675 
11025 208 907 209 2881 
11026 227 907 226 2881 
11027 2270 2629 1418 2649 
11028 1511 1459 2684 2736 
11029 971 40 296 1375 
11030 982 16 610 279 
11031 169 823 2555 2573 
11032 1330 708 1317 2406 
11033 1029 350 368 2756 
11034 367 349 1036 2756 
11035 428 410 1117 2911 
11036 411 429 1119 2911 
11037 317 1021 335 2808 
11038 334 1021 316 2808 
11039 2410 2537 989 2887 
11040 758 720 721 2461 
11041 2292 2374 2281 2443 
11042 456 2585 1126 2676 
11043 1340 1352 2495 2753 
11044 764 2652 92 2815 
11045 2294 2429 2456 2596 
11046 896 2508 223 2636 
11047 1344 2458 1363 2851 
11048 1326 2606 1316 2667 
11049 2330 2496 717 2567 
11050 206 2426 1374 2686 
11051 2266 2411 2403 2575 
11052 1475 1525 2516 2784 
11053 238 903 220 2880 
11054 221 903 239 2880 
11055 2257 2661 2226 2715 
11056 99 792 117 2735 
11057 1083 389 2444 2860 
11058 106 780 88 2767 
11059 89 780 107 2767 
11060 767 108 109 2827 
11061 767 91 90 2827 
11062 426 1139 427 2810 
11063 2235 2257 2661 2742 
11064 2410 2536 980 2849 
11065 2266 2411 2362 2720 
11066 720 623 743 2723 
11067 640 642 641 2794 
11068 2279 2591 2333 2608 
11069 710 747 618 2609 
11070 2228 2421 2561 2828 
11071 89 1217 88 2494 
11072 440 1105 439 2896 
11073 1105 422 421 2896 
11074 1282 1290 2526 2594 
11075 86 104 776 2864 
11076 776 105 87 2864 
11077 282 264 969 2777 
11078 1065 2392 358 2795 
11079 182 859 200 2786 
11080 199 859 181 2786 
11081 2299 2626 2246 2773 
11082 478 479 1173 2460 
11083 705 2424 642 2794 
11084 2299 2375 2470 2626 
11085 634 2272 2640 2792 
11086 120 102 798 2873 
11087 101 119 798 2873 
11088 1348 2387 2639 2894 
11089 2401 2447 249 2689 
11090 2358 2326 2630 2668 
11091 860 204 186 2848 
11092 205 857 187 2848 
11093 2267 2626 2280 2642 
11094 2377 2473 2461 2824 
11095 1521 2544 1447 2851 
11096 1076 2627 2621 2714 
11097 852 2419 176 2707 
11098 852 158 2419 2707 
11099 2333 2379 2259 2506 
11100 2349 2537 2447 2695 
11101 466 1176 484 2863 
11102 1176 465 483 2863 
11103 727 739 659 2613 
11104 655 652 2330 2617 
11105 390 372 1083 2893 
11106 373 391 1080 2893 
11107 1177 480 481 2674 
11108 950 2776 245 2901 
11109 945 245 244 2442 
11110 1158 462 463 2829 
11111 444 1158 445 2829 
11112 611 694 64 2737 
11113 442 1133 441 2906 
11114 423 1133 424 2906 
11115 2359 2345 2587 2588 
11116 1056 359 377 2795 
11117 2312 2489 2424 2808 
11118 256 921 2464 2856 
11119 1362 2635 2521 2675 
11120 509 1202 510 2543 
11121 899 240 222 2865 
11122 488 2693 1163 2748 
11123 1143 1468 458 2757 
11124 661 2354 2276 2681 
11125 2277 2763 2487 2879 
11126 950 2441 246 2776 
11127 2359 2587 2821 2911 
11128 2279 2500 2234 2802 
11129 952 2435 296 2518 
11130 295 2435 952 2518 
11131 1200 97 98 2885 
11132 1028 349 367 2756 
11133 1028 368 350 2756 
11134 2384 2460 1179 2674 
11135 207 905 208 2881 
11136 226 905 225 2881 
11137 714 746 628 2897 
11138 2288 2445 2391 2879 
11139 181 2604 862 2786 
11140 2512 2726 166 2764 
11141 2290 2314 2461 2900 
11142 372 354 1064 2899 
11143 355 373 1060 2899 
11144 1377 1350 2675 2889 
11145 2266 2289 2362 2411 
11146 948 268 2447 2772 
11147 2579 2241 2643 2814 
11148 428 1118 410 2911 
11149 1118 429 411 2911 
11150 424 425 2628 2677 
11151 791 99 117 2735 
11152 141 2452 814 2832 
11153 2382 2654 2600 2826 
11154 2276 2356 663 2651 
11155 2298 2293 2401 2515 
11156 250 2447 951 2695 
11157 951 2447 268 2695 
11158 2292 2430 2240 2691 
11159 2277 2614 2487 2884 
11160 1159 443 461 2882 
11161 460 442 1152 2882 
11162 2345 2444 2713 2834 
11163 2226 2563 2620 2807 
11164 392 2596 2456 2845 
11165 444 443 2507 2677 
11166 108 771 107 2827 
11167 89 771 90 2827 
11168 896 224 223 2508 
11169 256 921 238 2464 
11170 667 2557 2406 2635 
11171 2263 2569 2293 2830 
11172 256 238 920 2464 
11173 2597 2622 2372 2908 
11174 356 2672 1060 2845 
11175 1291 2458 1271 2544 
11176 67 1306 679 2590 
11177 125 2600 809 2826 
11178 1425 1526 1499 2691 
11179 200 2533 882 2786 
11180 1049 2503 361 2796 
11181 2635 2675 2228 2828 
11182 981 280 279 2436 
11183 1328 1324 1317 2350 
11184 2299 2499 2340 2503 
11185 85 2668 1215 2853 
11186 832 157 2519 2700 
11187 833 158 159 2832 
11188 141 140 833 2832 
11189 237 902 2522 2812 
11190 1101 393 411 2837 
11191 412 394 1101 2837 
11192 1292 2737 2538 2774 
11193 2230 2525 2535 2547 
11194 1430 1433 2612 2868 
11195 2312 2489 2360 2794 
11196 2478 2634 2512 2739 
11197 2539 2674 1197 2813 
11198 373 2596 1060 2893 
11199 169 823 2573 2890 
11200 2328 2251 2365 2637 
11201 2266 2348 2336 2610 
11202 861 186 204 2848 
11203 205 187 861 2848 
11204 1106 438 420 2822 
11205 439 1105 421 2822 
11206 2434 2500 2272 2640 
11207 1083 371 389 2860 
11208 388 370 1076 2860 
11209 765 2395 113 2725 
11210 325 993 307 2849 
11211 306 999 324 2849 
11212 1464 1426 1481 2320 
11213 273 939 272 2842 
11214 939 255 254 2842 
11215 814 141 123 2452 
11216 123 141 815 2452 
11217 640 705 642 2794 
11218 2229 2439 2473 2811 
11219 390 1082 372 2893 
11220 373 1082 391 2893 
11221 1166 486 487 2474 
11222 217 897 2533 2838 
11223 2233 2310 2749 2830 
11224 2256 2308 2529 2631 
11225 294 956 276 2491 
11226 2246 2763 2299 2773 
11227 276 955 294 2491 
11228 441 1134 25 2906 
11229 2639 2648 2231 2743 
11230 463 464 1155 2829 
11231 445 1155 446 2829 
11232 2302 2384 2249 2723 
11233 2299 2763 2510 2773 
11234 1202 2543 509 2800 
11235 1340 706 612 2495 
11236 359 1065 377 2795 
11237 264 949 2441 2704 
11238 949 246 2441 2704 
11239 2257 2389 2306 2807 
11240 812 119 2451 2873 
11241 262 2511 962 2901 
11242 1469 278 953 2518 
11243 1021 2425 335 2808 
11244 1021 334 2425 2808 
11245 322 340 1027 2877 
11246 1022 339 321 2877 
11247 1156 2498 2446 2710 
11248 2290 2460 2384 2674 
11249 2306 2278 2780 2811 
11250 1125 433 451 2855 
11251 450 432 1132 2855 
11252 674 6 99 792 
11253 781 30 116 1439 
11254 249 2447 2401 2448 
11255 2291 2317 2238 2603 
11256 240 258 922 2787 
11257 941 274 275 2856 
11258 256 941 257 2856 
11259 2342 2571 2241 2814 
11260 2408 2549 397 2746 
11261 2345 2353 2287 2542 
11262 2256 2319 2349 2413 
11263 793 2451 119 2873 
11264 2258 2430 2320 2867 
11265 2242 2368 2269 2631 
11266 2290 2723 2460 2760 
11267 1202 509 95 2800 
11268 779 83 2637 2854 
11269 2233 2541 2421 2649 
11270 2267 2400 2375 2740 
11271 1451 1448 2610 2624 
11272 1123 49 1368 458 
11273 1016 327 345 2903 
11274 326 1012 344 2903 
11275 1485 1388 2289 2694 
11276 2318 2271 2450 2457 
11277 1063 354 372 2899 
11278 355 1063 373 2899 
11279 510 2543 2493 2751 
11280 2355 2428 2333 2506 
11281 263 950 245 2901 
11282 943 262 244 2901 
11283 324 1014 325 2488 
11284 52 512 1199 2885 
11285 485 1170 2703 2806 
11286 758 2377 709 2817 
11287 443 1154 461 2882 
11288 1154 442 460 2882 
11289 2441 2283 2475 2776 
11290 2264 2712 2231 2884 
11291 2668 2673 2314 2721 
11292 2255 2313 2656 2783 
11293 2282 2349 2319 2447 
11294 2532 2693 489 2748 
11295 1416 1414 1415 2638 
11296 2308 2413 2310 2577 
11297 2246 2297 2322 2644 
11298 1523 1438 1486 2342 
11299 107 799 125 2826 
11300 108 126 786 2826 
11301 2253 2291 2547 2579 
11302 2279 2459 2359 2821 
11303 319 2409 1023 2758 
11304 279 704 2436 2511 
11305 1073 2400 381 2690 
11306 473 2411 2575 2720 
11307 1343 680 79 2568 
11308 163 2615 2604 2871 
11309 2238 2547 2525 2719 
11310 2660 2776 227 2904 
11311 2366 2403 2336 2875 
11312 381 380 2499 2666 
11313 658 660 761 2681 
11314 1162 493 494 2467 
11315 1160 2703 2428 2710 
11316 2278 2415 2452 2780 
11317 1405 1403 2644 2779 
11318 237 2522 901 2812 
11319 834 142 141 2832 
11320 834 159 160 2832 
11321 1381 1299 1519 2571 
11322 2243 2656 2495 2711 
11323 621 2580 2302 2723 
11324 876 1441 35 206 
11325 676 11 189 887 
11326 2402 2682 883 2762 
11327 157 175 851 2679 
11328 1078 389 371 2860 
11329 388 1078 370 2860 
11330 2408 2499 397 2549 
11331 1520 2286 1456 2348 
11332 1427 2868 2430 2869 
11333 443 1140 425 2677 
11334 935 271 272 2842 
11335 253 935 254 2842 
11336 1511 1393 1477 2531 
11337 1112 439 421 2822 
11338 438 1112 420 2822 
11339 306 324 995 2849 
11340 307 995 325 2849 
11341 1053 363 362 2666 
11342 2398 2562 2234 2591 
11343 2333 2359 2279 2459 
11344 2461 2769 2251 2817 
11345 309 2490 997 2622 
11346 997 2490 310 2622 
11347 2288 2364 2255 2614 
11348 764 2652 109 2781 
11349 1319 1339 2472 2667 
11350 259 241 922 2788 
11351 914 242 260 2788 
11352 749 709 2590 2817 
11353 2406 2635 2521 2765 
11354 678 2562 744 2605 
11355 2277 2288 2364 2488 
11356 337 1044 2672 2905 
11357 2434 2605 696 2792 
11358 241 896 2636 2788 
11359 1024 321 339 2877 
11360 340 322 1024 2877 
11361 2315 2427 2588 2829 
11362 192 2565 893 2658 
11363 2249 2315 2384 2633 
11364 1128 432 450 2855 
11365 451 433 1128 2855 
11366 746 714 693 2594 
11367 251 2468 2689 2695 
11368 441 1152 442 2482 
11369 1330 1324 1338 2406 
11370 317 2489 1007 2808 
11371 679 722 757 2798 
11372 673 1305 754 2377 
11373 673 1305 2377 2774 
11374 274 940 273 2856 
11375 940 256 255 2856 
11376 733 630 632 2353 
11377 877 223 2508 2790 
11378 916 258 240 2787 
11379 239 257 916 2787 
11380 157 854 175 2679 
11381 1150 457 2585 2757 
11382 2233 2530 2274 2709 
11383 1468 1456 2514 2757 
11384 2400 2499 2299 2666 
11385 675 742 2431 2769 
11386 1135 443 425 2677 
11387 139 816 138 2700 
11388 2265 2543 2390 2603 
11389 2309 2327 2494 2819 
11390 2277 2755 2372 2903 
11391 1206 508 94 2800 
11392 1206 95 509 2800 
11393 974 289 288 2469 
11394 128 2454 806 2910 
11395 806 2454 146 2910 
11396 479 2674 2460 2813 
11397 2231 2572 2639 2743 
11398 326 344 1015 2903 
11399 327 1015 345 2903 
11400 700 701 2312 2436 
11401 945 263 245 2901 
11402 244 262 945 2901 
11403 2417 2419 2416 2707 
11404 2494 2545 89 2831 
11405 2292 2430 2281 2620 
11406 2288 2410 2536 2716 
11407 2566 2782 275 2856 
11408 2359 2821 2459 2911 
11409 2290 2384 2460 2723 
11410 1336 1319 1333 2472 
11411 812 2451 118 2641 
11412 291 309 976 2908 
11413 978 308 290 2908 
11414 125 790 107 2826 
11415 108 790 126 2826 
11416 2265 2390 2579 2603 
11417 2272 2500 2334 2640 
11418 599 261 944 2876 
11419 503 485 1198 2831 
11420 504 1183 486 2831 
11421 414 2556 1107 2746 
11422 1339 2618 2472 2667 
11423 632 2353 630 2621 
11424 2246 2322 2297 2626 
11425 92 2652 764 2781 
11426 2530 2601 2233 2649 
11427 155 836 137 2846 
11428 2385 2459 2456 2837 
11429 2293 2303 2263 2418 
11430 274 960 2566 2597 
11431 316 315 1019 2424 
11432 216 2534 904 2838 
11433 1427 2430 2691 2869 
11434 2481 2494 2327 2827 
11435 1101 411 2459 2837 
11436 412 1101 2459 2837 
11437 2470 2471 365 2912 
11438 2332 2446 2428 2703 
11439 1031 2665 343 2731 
11440 2284 2252 2599 2744 
11441 865 2512 2381 2634 
11442 2561 2569 2350 2830 
11443 1046 2657 358 2671 
11444 2291 2547 2316 2819 
11445 2300 2652 2327 2781 
11446 406 2714 1095 2730 
11447 2427 2588 1139 2810 
11448 2290 2431 2358 2769 
11449 2314 2268 2680 2900 
11450 787 2646 111 2781 
11451 863 2483 182 2786 
11452 2316 2317 2432 2474 
11453 340 2445 1043 2657 
11454 2230 2504 2377 2824 
11455 1069 2465 384 2740 
11456 2374 2443 2292 2764 
11457 1339 2618 2667 2798 
11458 2242 2593 2405 2741 
11459 755 2287 2482 2502 
11460 851 2419 2679 2738 
11461 208 886 207 2567 
11462 2316 2331 2252 2332 
11463 241 259 915 2788 
11464 260 242 915 2788 
11465 2271 2651 2318 2780 
11466 99 81 773 2850 
11467 82 100 774 2850 
11468 500 1195 2668 2721 
11469 2383 2455 2258 2555 
11470 2333 2259 2355 2506 
11471 710 618 760 2568 
11472 980 2469 2410 2849 
11473 2261 2752 2497 2773 
11474 686 2244 2562 2645 
11475 2388 2448 2447 2772 
11476 2340 2550 2392 2731 
11477 774 2799 2431 2850 
11478 2258 2241 2612 2643 
11479 754 709 2377 2817 
11480 2497 2500 2294 2728 
11481 2322 2297 2470 2471 
11482 1317 1328 2350 2847 
11483 1149 2585 2575 2909 
11484 2227 2574 2544 2825 
11485 2261 2510 2340 2763 
11486 1280 2399 1275 2759 
11487 435 436 1109 2492 
11488 1404 1402 2453 2784 
11489 1326 2667 1316 2798 
11490 2544 2598 2458 2851 
11491 1511 2531 1477 2736 
11492 677 752 2567 2861 
11493 155 2457 836 2846 
11494 1474 2342 1523 2814 
11495 1300 1299 2370 2653 
11496 667 2635 2406 2765 
11497 681 70 614 2798 
11498 1348 2639 2387 2648 
11499 975 309 291 2908 
11500 290 308 975 2908 
11501 2453 2779 2626 2784 
11502 1513 1470 2346 2559 
11503 105 796 2480 2864 
11504 1525 2598 2516 2784 
11505 1498 1448 1397 2754 
11506 680 618 79 2568 
11507 2275 2478 2426 2848 
11508 2313 2360 2339 2583 
11509 2249 2680 2599 2897 
11510 2525 2531 2238 2719 
11511 137 831 155 2846 
11512 154 831 136 2846 
11513 857 2686 187 2848 
11514 677 2567 2354 2861 
11515 485 484 1198 2501 
11516 1328 1323 1324 2541 
11517 2402 2522 883 2682 
11518 601 1172 26 459 
11519 1104 1394 47 422 
11520 23 405 629 1115 
11521 504 486 1189 2831 
11522 1189 485 503 2831 
11523 2400 2666 2299 2670 
11524 51 1384 494 1180 
11525 27 1191 477 619 
11526 350 1009 2466 2559 
11527 2389 2416 2306 2517 
11528 1061 375 357 2898 
11529 1065 358 376 2898 
11530 1500 1422 1426 2691 
11531 637 2640 636 2841 
11532 118 2451 793 2799 
11533 2261 2487 2752 2773 
11534 177 872 2417 2738 
11535 195 2417 872 2738 
11536 116 115 2578 2886 
11537 683 2287 733 2542 
11538 2321 2275 2426 2848 
11539 149 2455 807 2687 
11540 807 2455 131 2687 
11541 2541 2601 1382 2649 
11542 2289 2467 1388 2836 
11543 383 384 2632 2740 
11544 170 819 152 2890 
11545 169 151 823 2890 
11546 1104 48 1394 440 
11547 629 423 24 1115 
11548 327 2490 997 2903 
11549 2262 2339 2312 2711 
11550 2539 2668 498 2674 
11551 1173 478 2460 2760 
11552 2237 2574 2476 2733 
11553 1443 516 1272 2399 
11554 424 2677 2502 2906 
11555 2243 2307 2339 2711 
11556 2294 2500 2456 2802 
11557 130 2505 2477 2687 
11558 2309 2382 2278 2480 
11559 772 100 82 2850 
11560 772 81 99 2850 
11561 99 606 792 2735 
11562 2249 2384 2302 2633 
11563 926 244 2442 2876 
11564 628 2737 712 2897 
11565 1090 2690 2548 2818 
11566 351 1039 687 2859 
11567 1105 2822 2584 2896 
11568 2359 2284 2498 2710 
11569 1296 1299 1304 2653 
11570 197 2534 885 2785 
11571 198 885 2534 2785 
11572 2339 2313 2583 2783 
11573 1145 2693 471 2745 
11574 759 2602 2513 2651 
11575 2267 2280 2400 2662 
11576 2263 2274 2709 2830 
11577 1138 2710 429 2911 
11578 755 684 733 2502 
11579 1315 1307 2526 2538 
11580 2550 2671 2392 2731 
11581 2384 2423 2315 2744 
11582 2563 2715 2254 2807 
11583 611 64 1292 2737 
11584 1370 224 36 895 
11585 605 906 12 207 
11586 865 2381 2512 2762 
11587 1196 2433 501 2721 
11588 1196 500 2433 2721 
11589 88 780 89 2494 
11590 2273 2509 2232 2702 
11591 2274 2393 2522 2682 
11592 1016 328 327 2490 
11593 160 161 2517 2696 
11594 2476 2227 2551 2825 
11595 2256 2529 2233 2561 
11596 1215 498 84 2854 
11597 497 1211 83 2854 
11598 2277 2412 2322 2763 
11599 2456 2459 2380 2821 
11600 1279 2797 2605 2825 
11601 2743 2753 2405 2844 
11602 421 2462 1085 2822 
11603 818 143 2600 2820 
11604 2434 2640 637 2841 
11605 2308 2577 2566 2597 
11606 1105 421 2822 2896 
11607 2426 2686 857 2848 
11608 1374 2426 1464 2686 
11609 2439 2724 669 2817 
11610 217 2533 2534 2838 
11611 736 635 637 2434 
11612 2284 2428 2332 2446 
11613 734 2440 614 2581 
11614 650 741 701 2307 
11615 2240 2292 2329 2742 
11616 245 926 2442 2776 
11617 207 2567 605 2881 
11618 1474 2571 2342 2814 
11619 2423 2446 465 2498 
11620 112 2477 2395 2800 
11621 313 2553 312 2683 
11622 2262 2609 2572 2656 
11623 167 2383 2555 2726 
11624 451 2558 2650 2855 
11625 2323 2422 2701 2822 
11626 2388 2583 2313 2783 
11627 1211 2431 83 2854 
11628 2404 1163 2693 2748 
11629 2743 2843 2255 2844 
11630 1504 1424 1432 2649 
11631 1484 1480 1440 2493 
11632 1271 2544 2458 2851 
11633 2243 2557 2844 2902 
11634 214 910 2750 2857 
11635 2279 2234 2608 2802 
11636 2409 2484 2445 2877 
11637 1062 376 358 2898 
11638 375 1062 357 2898 
11639 936 2638 259 2782 
11640 1412 990 42 332 
11641 1001 647 18 315 
11642 660 734 761 2513 
11643 105 2480 777 2864 
11644 215 2534 894 2857 
11645 169 820 151 2890 
11646 152 820 170 2890 
11647 212 890 194 2552 
11648 212 194 889 2552 
11649 2374 2389 2352 2615 
11650 2307 2595 2312 2833 
11651 1116 2628 406 2730 
11652 2307 2312 2436 2833 
11653 755 691 684 2502 
11654 351 600 1058 2627 
11655 349 1036 2756 2761 
11656 1368 48 1123 440 
11657 24 423 603 1134 
11658 1325 1379 1476 2705 
11659 1127 439 2584 2585 
11660 1127 2584 438 2585 
11661 2521 2675 2635 2828 
11662 661 735 699 2354 
11663 759 662 664 2651 
11664 2256 2561 2233 2830 
11665 1129 2492 2366 2745 
11666 1526 2438 2691 2705 
11667 1187 2432 2748 2878 
11668 2228 2843 2405 2844 
11669 2253 2473 2309 2747 
11670 730 2495 732 2557 
11671 2596 2713 2334 2893 
11672 1146 2403 471 2720 
11673 842 187 2686 2739 
11674 2593 2648 2231 2678 
11675 732 731 666 2557 
11676 226 225 924 2496 
11677 1385 1480 1388 2836 
11678 280 962 2436 2833 
11679 2313 2484 2409 2758 
11680 621 2482 2302 2580 
11681 737 2436 704 2511 
11682 1161 2467 1364 2757 
11683 755 2482 691 2502 
11684 2380 2596 1080 2713 
11685 2257 2416 2344 2778 
11686 181 2604 2786 2871 
11687 2263 2418 2524 2534 
11688 1207 2545 90 2815 
11689 2449 257 2782 2856 
11690 2314 2680 2461 2900 
11691 2301 2347 689 2627 
11692 990 1412 314 2546 
11693 396 1088 397 2549 
11694 1302 1315 1295 2341 
11695 2237 2476 2619 2733 
11696 2269 2337 2242 2741 
11697 2240 2530 2705 2709 
11698 938 252 2523 2659 
11699 938 2523 253 2659 
11700 601 1172 459 2580 
11701 2284 2331 2252 2744 
11702 1029 1452 350 2756 
11703 2226 2438 2606 2661 
11704 1299 1294 1300 2370 
11705 1216 84 498 2854 
11706 1216 497 83 2854 
11707 1154 443 2677 2882 
11708 2359 2459 2333 2616 
11709 2378 2433 2331 2501 
11710 2380 2444 2334 2713 
11711 2389 2517 2306 2600 
11712 2342 2586 1523 2814 
11713 2278 2365 2415 2780 
11714 680 760 618 2568 
11715 2234 2272 2542 2792 
11716 67 1293 1306 2590 
11717 497 2813 1211 2854 
11718 746 2737 628 2897 
11719 261 243 944 2876 
11720 1131 2676 2492 2745 
11721 2305 2491 2435 2647 
11722 1384 52 512 1180 
11723 495 1191 28 619 
11724 351 333 1039 2859 
11725 352 1040 334 2859 
11726 658 2681 761 2839 
11727 665 750 702 2724 
11728 2356 2271 2457 2846 
11729 489 1184 507 2532 
11730 2295 2409 2296 2718 
11731 1436 1437 2265 2814 
11732 962 2511 2436 2833 
11733 489 507 1185 2532 
11734 2286 2348 1520 2610 
11735 2340 2351 2261 2763 
11736 319 1025 337 2905 
11737 1022 320 338 2905 
11738 2531 2610 2266 2875 
11739 739 2406 667 2557 
11740 2499 2503 2299 2666 
11741 904 2534 215 2750 
11742 100 2799 774 2850 
11743 2228 2406 2635 2828 
11744 774 2799 2637 2854 
11745 230 2515 909 2698 
11746 2289 2603 2586 2694 
11747 2321 2634 2275 2848 
11748 612 1340 2495 2635 
11749 1439 98 29 763 
11750 773 81 5 674 
11751 754 2590 709 2817 
11752 2254 2352 2371 2589 
11753 1215 2853 2539 2854 
11754 2245 2569 2303 2729 
11755 264 2441 950 2777 
11756 2268 2331 2378 2433 
11757 387 1095 388 2621 
11758 2604 2696 180 2785 
11759 607 1210 2540 2850 
11760 521 1296 1301 1438 
11761 2285 2416 2257 2778 
11762 307 2623 974 2849 
11763 1380 516 1443 2399 
11764 2628 2714 406 2730 
11765 2304 2407 2323 2422 
11766 305 304 2536 2716 
11767 882 2533 2402 2786 
11768 212 909 2515 2698 
11769 2233 2601 2541 2649 
11770 2455 2555 149 2692 
11771 328 1016 346 2912 
11772 329 347 1011 2912 
11773 449 2506 2428 2558 
11774 2339 2583 2360 2816 
11775 2249 2520 2680 2897 
11776 1519 2342 1474 2571 
11777 2378 2494 2327 2819 
11778 1399 1448 2624 2754 
11779 1468 1456 1368 2514 
11780 1343 680 2568 2771 
11781 316 1002 2560 2808 
11782 2237 2662 2304 2664 
11783 2253 2291 2327 2819 
11784 2260 2608 2728 2802 
11785 200 878 2533 2786 
11786 199 2533 878 2786 
11787 2242 2308 2368 2631 
11788 2284 2498 2446 2744 
11789 2406 2557 2228 2635 
11790 516 1275 1272 2399 
11791 2400 2407 2280 2690 
11792 2274 2522 2402 2682 
11793 1422 2275 2530 2691 
11794 638 636 2640 2841 
11795 107 2767 799 2826 
11796 460 2580 1173 2882 
11797 280 2436 981 2874 
11798 2314 2680 2331 2744 
11799 2240 2530 2275 2691 
11800 2422 2701 1106 2818 
11801 809 2654 126 2826 
11802 523 1381 1444 1299 
11803 1051 2632 385 2793 
11804 1516 1443 1272 2733 
11805 353 2528 335 2791 
11806 744 2562 713 2792 
11807 310 977 2622 2801 
11808 2255 2313 2572 2656 
11809 749 2590 2439 2817 
11810 419 2701 1093 2818 
11811 2295 2445 2409 2718 
11812 2249 2461 2314 2680 
11813 521 1301 1376 1438 
11814 214 891 213 2857 
11815 196 195 891 2857 
11816 289 2469 974 2623 
11817 442 2482 1152 2882 
11818 2281 2374 2292 2620 
11819 2264 2346 2322 2414 
11820 2265 2395 2390 2543 
11821 484 2501 1178 2863 
11822 2229 2473 2377 2504 
11823 340 2391 2445 2671 
11824 1280 2733 2399 2797 
11825 1031 361 2503 2731 
11826 2491 2566 2337 2647 
11827 2381 202 2682 2762 
11828 2559 2683 331 2761 
11829 2338 2599 2520 2897 
11830 943 243 261 2876 
11831 442 443 1135 2677 
11832 2230 2520 2377 2774 
11833 1279 2605 2551 2825 
11834 2234 2605 2562 2797 
11835 1038 333 351 2859 
11836 334 1038 352 2859 
11837 2287 2302 2482 2677 
11838 1147 2575 454 2745 
11839 58 682 1268 613 
11840 2476 2608 2234 2728 
11841 2265 2643 2612 2814 
11842 494 1180 1384 2836 
11843 2281 2615 2454 2862 
11844 319 337 1023 2905 
11845 320 1023 338 2905 
11846 304 2536 2716 2877 
11847 223 898 2636 2790 
11848 673 721 611 2774 
11849 794 103 121 2872 
11850 493 1162 475 2909 
11851 1164 492 474 2909 
11852 750 697 702 2641 
11853 2234 2591 2279 2608 
11854 2381 2512 2478 2634 
11855 679 616 67 2590 
11856 469 2474 2404 2558 
11857 1037 2671 360 2731 
11858 924 2496 225 2876 
11859 924 226 2496 2876 
11860 2256 2319 2413 2631 
11861 918 2582 2659 2842 
11862 1276 2479 1290 2594 
11863 2563 2564 2254 2715 
11864 1445 535 1383 1341 
11865 2313 2409 2360 2758 
11866 2380 2456 2279 2459 
11867 264 968 2697 2777 
11868 123 2480 2452 2820 
11869 881 2533 2524 2534 
11870 2696 2732 179 2785 
11871 329 1017 347 2912 
11872 346 1017 328 2912 
11873 1293 754 1305 2870 
11874 1496 1497 1431 2629 
11875 435 2492 1109 2548 
11876 436 1109 2492 2548 
11877 140 2452 2415 2519 
11878 2511 2833 962 2901 
11879 507 93 1205 2892 
11880 506 1201 92 2892 
11881 2624 2662 2607 2754 
11882 2409 2296 2489 2809 
11883 2450 2365 2852 2873 
11884 172 850 154 2485 
11885 154 848 172 2485 
11886 363 2666 2470 2883 
11887 2248 2611 2702 2875 
11888 2250 2513 2440 2602 
11889 966 285 267 2887 
11890 286 970 268 2887 
11891 2309 2473 2278 2747 
11892 2453 2626 2246 2784 
11893 2270 2310 2308 2529 
11894 1415 1506 1416 2305 
11895 167 2512 2383 2726 
11896 673 65 1305 2774 
11897 1385 1388 1387 2467 
11898 838 33 170 1450 
11899 685 9 153 849 
11900 1277 2574 1272 2733 
11901 274 960 275 2566 
11902 1434 1433 1514 2612 
11903 816 2450 138 2700 
11904 2253 2747 2504 2824 
11905 2434 2500 2497 2728 
11906 420 1092 402 2888 
11907 419 401 1093 2888 
11908 2293 2263 2357 2534 
11909 2421 2529 2233 2649 
11910 661 662 660 2681 
11911 165 2443 825 2862 
11912 825 2443 147 2862 
11913 1270 2684 2479 2736 
11914 662 661 663 2651 
11915 1478 2611 2399 2624 
11916 1168 471 2693 2720 
11917 215 894 214 2857 
11918 197 196 894 2857 
11919 232 910 2515 2750 
11920 2236 2609 2568 2639 
11921 1084 2385 2734 2795 
11922 1367 819 170 2890 
11923 1345 1362 1355 2765 
11924 1436 1467 1430 2612 
11925 446 2498 2588 2829 
11926 1276 1275 1270 2759 
11927 2369 2602 2440 2798 
11928 2254 2747 2278 2811 
11929 1117 2587 427 2588 
11930 2612 2643 2241 2814 
11931 2234 2608 2476 2619 
11932 1303 1302 1301 2535 
11933 2265 2579 2643 2814 
11934 652 651 2283 2708 
11935 775 2630 103 2655 
11936 608 405 1096 2621 
11937 812 2641 136 2846 
11938 1380 1275 516 2399 
11939 2314 2673 2668 2674 
11940 832 139 157 2700 
11941 325 2488 1014 2665 
11942 1343 79 1346 2568 
11943 1320 1327 1325 2606 
11944 1443 2399 1272 2733 
11945 489 2693 2532 2720 
11946 963 261 15 704 
11947 1469 39 953 278 
11948 1375 2435 314 2546 
11949 1022 2722 339 2877 
11950 2258 2612 2324 2643 
11951 177 2707 176 2738 
11952 2619 2624 2399 2702 
11953 333 19 687 1020 
11954 43 1452 1010 350 
11955 2311 2435 1465 2546 
11956 1287 1273 1298 2526 
11957 1430 2612 2258 2868 
11958 477 619 1191 2760 
11959 646 741 731 2708 
11960 475 1165 493 2909 
11961 474 492 1165 2909 
11962 1307 64 694 2737 
11963 2233 2601 2530 2709 
11964 2253 2300 2291 2579 
11965 761 2681 2581 2839 
11966 102 779 2637 2853 
11967 303 2484 1005 2716 
11968 2476 2605 2234 2797 
11969 319 1023 2409 2905 
11970 1327 2581 1316 2606 
11971 2233 2421 2541 2828 
11972 121 103 797 2872 
11973 102 120 797 2872 
11974 2521 2541 2421 2828 
11975 2308 2270 2449 2464 
11976 2291 2253 2547 2819 
11977 91 92 1201 2815 
11978 1183 2474 486 2878 
11979 1381 2571 1493 2803 
11980 128 129 2646 2910 
11981 110 109 2646 2781 
11982 479 2460 1192 2813 
11983 1192 2460 478 2813 
11984 1391 1390 2531 2610 
11985 401 2407 1093 2888 
11986 1019 2424 315 2859 
11987 887 676 207 2567 
11988 139 835 157 2700 
11989 1457 1512 2516 2712 
11990 2380 2587 1098 2821 
11991 107 771 2767 2827 
11992 392 2380 2456 2596 
11993 926 2442 2496 2876 
11994 1130 436 435 2492 
11995 1184 2748 506 2892 
11996 1301 1296 1303 2535 
11997 2415 2655 794 2852 
11998 1374 1442 1464 2426 
11999 1320 1325 1476 2705 
12000 865 185 184 2512 
12001 1043 2445 339 2722 
12002 89 2545 2494 2827 
12003 2453 2607 2574 2642 
12004 1204 506 92 2892 
12005 507 1204 93 2892 
12006 2288 2536 2484 2716 
12007 2504 2653 1304 2870 
12008 267 285 967 2887 
12009 967 286 268 2887 
12010 257 2449 2787 2880 
12011 2304 2408 2379 2664 
12012 2232 2531 2525 2719 
12013 1487 1522 2472 2803 
12014 2243 2844 2282 2902 
12015 65 673 611 2774 
12016 91 2652 764 2815 
12017 2333 2509 2259 2591 
12018 1483 1521 1404 2598 
12019 1187 487 505 2878 
12020 1402 1403 2779 2784 
12021 1374 858 35 206 
12022 868 11 189 609 
12023 419 1087 401 2888 
12024 1087 420 402 2888 
12025 2232 2479 2736 2759 
12026 2391 2445 2288 2877 
12027 2368 2269 2469 2623 
12028 2288 2488 2391 2536 
12029 395 2734 2385 2823 
12030 2564 2625 2254 2811 
12031 405 629 1115 2730 
12032 2243 2557 2495 2844 
12033 2340 2392 2351 2731 
12034 331 991 2546 2559 
12035 332 2546 991 2559 
12036 2346 2683 2471 2775 
12037 2227 2510 2497 2773 
12038 2278 2415 2365 2655 
12039 1193 2669 2805 2863 
12040 1316 614 70 2798 
12041 2266 2603 2289 2694 
12042 2401 2447 2282 2448 
12043 615 2562 1269 2594 
12044 634 2542 632 2792 
12045 248 2685 247 2704 
12046 1214 501 87 2688 
12047 1484 2289 1480 2493 
12048 1485 2289 2586 2694 
12049 662 2513 660 2681 
12050 1352 77 1340 706 
12051 493 2467 1162 2909 
12052 1092 2701 420 2822 
12053 2234 2562 2398 2797 
12054 2432 2474 2317 2748 
12055 1271 2458 1291 2851 
12056 175 854 174 2679 
12057 2409 2484 2313 2718 
12058 643 645 2609 2711 
12059 2600 2615 144 2654 
12060 2385 394 2823 2837 
12061 634 2640 635 2792 
12062 1357 1274 1286 2771 
12063 2357 2749 2310 2830 
12064 731 732 646 2711 
12065 2506 2558 450 2855 
12066 2630 2668 2326 2688 
12067 2423 2314 2673 2721 
12068 1292 1307 2538 2737 
12069 230 231 2515 2685 
12070 744 751 2605 2792 
12071 1420 2321 1494 2508 
12072 2251 2769 2724 2817 
12073 2374 2483 2329 2604 
12074 801 31 134 1453 
12075 352 2791 1040 2859 
12076 2280 2343 2408 2664 
12077 1340 612 76 2635 
12078 882 2522 2402 2533 
12079 2435 2491 295 2553 
12080 1183 505 487 2878 
12081 328 997 327 2490 
12082 532 1350 1460 1377 
12083 2254 2306 2715 2811 
12084 2339 2360 2312 2595 
12085 612 695 76 2635 
12086 403 1067 385 2907 
12087 1069 402 384 2907 
12088 693 1282 2526 2594 
12089 396 1088 2549 2734 
12090 1183 487 2474 2878 
12091 1417 1416 1418 2629 
12092 1348 2387 1353 2648 
12093 1480 2289 1388 2836 
12094 304 984 303 2716 
12095 809 2600 144 2654 
12096 500 501 2433 2688 
12097 1307 1292 64 2737 
12098 2457 2679 156 2700 
12099 431 2506 1113 2556 
12100 432 1113 2506 2556 
12101 194 195 2738 2804 
12102 526 1379 1325 1446 
12103 2409 2445 2722 2877 
12104 756 760 680 2771 
12105 1213 87 501 2688 
12106 2288 2445 2295 2718 
12107 2282 2243 2325 2783 
12108 1200 511 97 2493 
12109 240 2636 898 2865 
12110 2228 2405 2753 2844 
12111 97 511 1203 2493 
12112 1362 2635 1355 2765 
12113 224 1441 2426 2508 
12114 2388 2583 2448 2887 
12115 86 2630 775 2864 
12116 776 2688 86 2864 
12117 1336 1487 1319 2472 
12118 638 2247 2592 2841 
12119 2326 2433 2358 2900 
12120 1091 397 415 2746 
12121 817 2450 120 2873 
12122 2587 2713 409 2834 
12123 496 1190 495 2540 
12124 2315 2423 2498 2744 
12125 2288 2295 2445 2879 
12126 2587 409 2810 2834 
12127 2371 2646 109 2652 
12128 2450 2700 816 2852 
12129 2429 2456 2845 2898 
12130 1504 1432 2421 2649 
12131 2429 2657 2392 2898 
12132 2281 2620 2563 2807 
12133 2532 2891 2437 2892 
12134 2290 2540 2431 2769 
12135 2283 2442 2307 2708 
12136 2269 2364 2277 2614 
12137 957 271 270 2523 
12138 2485 2840 154 2846 
12139 2300 2327 2437 2781 
12140 888 2567 2565 2768 
12141 380 2503 2499 2666 
12142 2277 2412 2665 2903 
12143 721 720 690 2461 
12144 2294 2385 2260 2802 
12145 1441 1374 206 2426 
12146 626 2633 2645 2897 
12147 2226 2715 2563 2807 
12148 397 1071 396 2549 
12149 1375 971 41 314 
12150 982 610 17 297 
12151 385 2793 2632 2907 
12152 791 100 99 2576 
12153 2232 2509 2398 2702 
12154 109 2646 2371 2654 
12155 2398 2619 2399 2702 
12156 1161 494 51 1364 
12157 250 251 2689 2695 
12158 2327 2545 2378 2819 
12159 432 1113 431 2506 
12160 742 671 723 2328 
12161 424 2628 2502 2677 
12162 171 10 868 609 
12163 995 2488 325 2849 
12164 324 2488 995 2849 
12165 694 2526 1307 2737 
12166 1366 368 1047 2793 
12167 2431 2358 2637 2854 
12168 1193 2669 502 2805 
12169 1088 415 397 2746 
12170 2415 2450 2365 2852 
12171 2758 2809 2360 2816 
12172 1102 2444 389 2834 
12173 2574 2607 2237 2642 
12174 390 2444 1102 2834 
12175 232 2515 231 2689 
12176 2495 2743 2656 2844 
12177 162 2389 2604 2615 
12178 485 1178 2501 2703 
12179 2358 2433 2314 2900 
12180 2417 2552 2363 2738 
12181 58 682 1283 1268 
12182 897 235 236 2582 
12183 2462 1085 2822 2907 
12184 2363 2417 2303 2552 
12185 2262 2572 2313 2656 
12186 402 1070 384 2907 
12187 403 385 1070 2907 
12188 2455 2687 149 2726 
12189 1030 2471 347 2912 
12190 2310 2533 2522 2582 
12191 1390 1393 2531 2694 
12192 2473 2747 2229 2811 
12193 2446 2498 2284 2710 
12194 1064 354 353 2528 
12195 2272 2500 2434 2792 
12196 347 2471 1011 2912 
12197 2459 2616 1119 2823 
12198 2345 2272 2380 2444 
12199 2297 2375 2367 2779 
12200 2381 2275 2478 2512 
12201 2313 2572 2262 2718 
12202 1310 1287 1298 2526 
12203 1346 79 618 2568 
12204 2286 2585 2336 2676 
12205 1389 1520 1456 2348 
12206 506 2815 1201 2892 
12207 2469 2523 288 2537 
12208 1066 1472 386 2570 
12209 2259 2619 2591 2702 
12210 2338 2538 2526 2737 
12211 1317 1324 1330 2406 
12212 2230 2680 2547 2824 
12213 2296 2425 2424 2808 
12214 131 2505 130 2687 
12215 264 2697 265 2704 
12216 623 2290 620 2723 
12217 1375 1469 296 2435 
12218 2254 2563 2589 2625 
12219 2234 2398 2591 2619 
12220 535 1445 1354 1341 
12221 2259 2608 2619 2664 
12222 879 2682 221 2865 
12223 663 750 665 2651 
12224 2722 2758 2409 2877 
12225 1463 2367 2466 2756 
12226 147 2443 826 2726 
12227 826 2443 165 2726 
12228 485 2805 1198 2831 
12229 2611 2624 2248 2702 
12230 1403 2644 2779 2784 
12231 67 616 1293 2590 
12232 2577 2597 273 2856 
12233 1193 2721 2669 2863 
12234 2336 2585 2575 2676 
12235 2234 2605 2434 2792 
12236 506 2815 2432 2878 
12237 2231 2648 2405 2743 
12238 254 2812 2582 2842 
12239 300 2360 2489 2809 
12240 635 2640 2434 2792 
12241 2251 2473 2326 2900 
12242 1364 494 1384 2467 
12243 2305 2308 2242 2629 
12244 351 1057 352 2527 
12245 1517 1494 1420 2321 
12246 131 2692 132 2866 
12247 2242 2647 2593 2741 
12248 2254 2564 2563 2625 
12249 1397 1395 1498 2462 
12250 685 602 716 2485 
12251 2572 2609 2262 2718 
12252 2464 2522 2393 2880 
12253 879 222 2790 2865 
12254 2246 2516 2644 2884 
12255 242 914 37 1413 
12256 225 648 13 925 
12257 2331 2433 2423 2721 
12258 1391 2610 2531 2611 
12259 940 255 273 2577 
12260 939 273 255 2577 
12261 2491 2566 2305 2782 
12262 2277 2364 2288 2614 
12263 2240 2329 2709 2742 
12264 2226 2440 2606 2667 
12265 2596 1060 2893 2899 
12266 2250 2564 2715 2811 
12267 1469 40 296 953 
12268 16 963 704 279 
12269 498 1197 497 2539 
12270 2322 2644 2264 2884 
12271 471 2403 1146 2745 
12272 375 2456 1079 2898 
12273 1338 1324 1318 2541 
12274 91 2815 90 2827 
12275 438 2585 2584 2676 
12276 2336 2422 2286 2676 
12277 2247 2500 2434 2640 
12278 1286 1361 1357 2771 
12279 1171 2580 477 2760 
12280 478 2580 1171 2760 
12281 2409 2489 2360 2809 
12282 734 662 759 2513 
12283 410 2587 1117 2911 
12284 1405 1463 1518 2297 
12285 978 289 2623 2766 
12286 265 2697 266 2704 
12287 2319 2349 2282 2843 
12288 1084 2734 2550 2795 
12289 1182 510 2751 2770 
12290 895 1370 224 2508 
12291 2486 2661 2240 2742 
12292 2556 2823 1122 2835 
12293 2433 2326 2668 2688 
12294 2235 2513 2681 2839 
12295 619 607 495 2540 
12296 295 2491 2435 2518 
12297 712 2737 2520 2897 
12298 2344 2257 2374 2389 
12299 284 302 986 2583 
12300 284 985 302 2583 
12301 2262 2243 2711 2783 
12302 1522 1503 1446 2472 
12303 2312 2711 644 2794 
12304 1044 355 2672 2899 
12305 2229 2747 2625 2811 
12306 2283 2442 2496 2660 
12307 1378 1516 1277 2574 
12308 1484 1437 1485 2586 
12309 328 2490 1016 2883 
12310 2244 2599 2633 2744 
12311 2487 2763 2277 2884 
12312 623 2290 720 2769 
12313 2348 2411 2266 2575 
12314 1291 1278 1283 2551 
12315 2365 2328 2637 2873 
12316 100 2576 791 2799 
12317 2498 2359 2710 2911 
12318 606 2576 723 2735 
12319 2530 2601 1423 2705 
12320 427 1120 426 2810 
12321 656 2613 2245 2839 
12322 1294 523 1444 1299 
12323 133 132 2692 2866 
12324 197 875 2732 2785 
12325 38 914 260 1413 
12326 2260 2343 2608 2802 
12327 2526 2538 1307 2737 
12328 736 2434 637 2841 
12329 755 733 2287 2502 
12330 1425 2691 1499 2869 
12331 1339 1333 1319 2472 
12332 368 1452 44 1029 
12333 687 351 20 1039 
12334 723 675 742 2576 
12335 683 713 686 2542 
12336 2235 2661 2486 2742 
12337 2304 2548 2492 2663 
12338 2249 2384 2315 2744 
12339 1081 2456 375 2845 
12340 1272 2399 1280 2733 
12341 2476 2234 2619 2797 
12342 1373 1086 47 422 
12343 23 1096 608 405 
12344 2359 2459 2616 2911 
12345 2298 2303 2515 2698 
12346 727 2613 659 2617 
12347 2375 2470 2297 2471 
12348 614 738 681 2798 
12349 1054 2666 381 2670 
12350 2368 2372 2269 2623 
12351 97 762 98 2886 
12352 2344 2524 2418 2785 
12353 1194 481 480 2674 
12354 683 733 632 2542 
12355 114 2725 113 2866 
12356 2409 2420 2296 2809 
12357 2255 2282 2388 2783 
12358 2623 2755 308 2903 
12359 1277 1272 1516 515 
12360 861 2478 186 2848 
12361 187 2478 861 2848 
12362 2437 2699 2477 2781 
12363 2331 2501 2433 2863 
12364 742 672 671 2769 
12365 2399 2733 2619 2797 
12366 749 728 668 2590 
12367 2479 2684 2341 2736 
12368 2374 2389 2257 2807 
12369 2278 2452 2415 2480 
12370 695 2635 667 2765 
12371 2444 2334 2713 2893 
12372 2546 2553 313 2683 
12373 112 2395 2477 2505 
12374 812 2451 2846 2873 
12375 699 2485 2354 2768 
12376 644 2312 701 2711 
12377 115 785 133 2578 
12378 133 782 115 2578 
12379 846 184 185 2512 
12380 1016 2490 327 2903 
12381 704 610 279 2436 
12382 657 658 656 2681 
12383 1071 2550 2549 2796 
12384 870 2417 195 2732 
12385 870 177 2417 2732 
12386 2279 2608 2459 2802 
12387 1019 334 2808 2859 
12388 2229 2473 2504 2747 
12389 65 1292 1305 2774 
12390 605 2496 225 2881 
12391 419 1093 2701 2888 
12392 420 2701 1092 2888 
12393 689 2301 753 2640 
12394 1481 1426 1428 2867 
12395 2367 2570 2465 2793 
12396 2239 2293 2561 2902 
12397 2487 2763 2261 2879 
12398 277 2518 934 2638 
12399 278 934 2518 2638 
12400 2464 2577 2310 2812 
12401 414 1088 2734 2746 
12402 2356 2485 154 2846 
12403 2337 2553 2414 2801 
12404 793 101 2799 2873 
12405 1193 483 2721 2863 
12406 2242 2529 2308 2631 
12407 2523 2766 271 2842 
12408 65 611 1292 2774 
12409 2392 2671 2550 2795 
12410 2404 2474 469 2748 
12411 933 39 1365 278 
12412 15 261 944 599 
12413 120 2450 816 2852 
12414 2445 2657 340 2671 
12415 1485 1388 1484 2289 
12416 138 835 139 2700 
12417 2284 2359 2333 2428 
12418 2272 2353 2345 2542 
12419 2486 2240 2705 2709 
12420 1466 2647 2311 2717 
12421 351 1057 2527 2627 
12422 2303 2552 2515 2698 
12423 2312 2424 2560 2808 
12424 2484 2583 303 2758 
12425 624 627 626 2633 
12426 283 2697 282 2816 
12427 2391 2488 324 2536 
12428 839 170 169 2573 
12429 2367 2297 2471 2632 
12430 2330 2245 2376 2565 
12431 957 2469 289 2766 
12432 672 2724 671 2769 
12433 1499 2438 1503 2869 
12434 1517 1420 1422 2530 
12435 616 754 1293 2870 
12436 2265 2289 2543 2603 
12437 790 2481 107 2826 
12438 108 2481 790 2826 
12439 810 2641 118 2735 
12440 283 284 2697 2816 
12441 2226 2564 2563 2715 
12442 1416 1506 1496 2629 
12443 114 115 2725 2866 
12444 1340 2495 2635 2753 
12445 2236 2572 2609 2639 
12446 1054 363 381 2666 
12447 671 702 2328 2724 
12448 2277 2322 2412 2490 
12449 2636 2638 2386 2782 
12450 2318 2457 2450 2700 
12451 601 1172 2580 2760 
12452 1301 1302 1295 2341 
12453 1459 520 1301 1376 
12454 1319 1326 1339 2667 
12455 2278 2452 2306 2780 
12456 303 1004 2484 2758 
12457 1004 321 2484 2758 
12458 1148 2650 2404 2693 
12459 1044 2899 2672 2905 
12460 1177 481 2673 2674 
12461 2494 2545 2327 2827 
12462 81 674 773 2850 
12463 1488 2578 2396 2886 
12464 150 168 823 2555 
12465 822 168 150 2555 
12466 363 1053 381 2666 
12467 1098 2587 2380 2713 
12468 2233 2529 2270 2649 
12469 2255 2631 2319 2843 
12470 2256 2561 2293 2902 
12471 2346 2546 2311 2895 
12472 2515 910 2804 2857 
12473 162 2604 2389 2696 
12474 2267 2465 2407 2740 
12475 189 2567 886 2768 
12476 331 1009 2559 2761 
12477 761 2513 734 2581 
12478 2581 2681 2513 2839 
12479 2274 2530 2240 2709 
12480 1064 2528 353 2791 
12481 877 2790 2426 2848 
12482 2312 2808 2560 2874 
12483 651 741 2307 2708 
12484 281 299 988 2874 
12485 1446 1319 1487 2472 
12486 880 2790 205 2848 
12487 204 2790 880 2848 
12488 1056 377 378 2550 
12489 423 2502 629 2906 
12490 2345 2272 2444 2834 
12491 877 2508 2426 2790 
12492 1513 2546 2346 2895 
12493 469 2558 2404 2650 
12494 879 2634 203 2682 
12495 2364 2288 2410 2536 
12496 2245 2303 2376 2729 
12497 2265 2579 2300 2643 
12498 2483 2512 2292 2762 
12499 2292 2443 2383 2764 
12500 495 1209 496 2540 
12501 1350 1460 1342 532 
12502 1352 745 706 2858 
12503 312 311 2683 2801 
12504 2376 2552 211 2658 
12505 36 224 1441 876 
12506 887 676 12 207 
12507 1199 98 29 1372 
12508 385 1067 2793 2907 
12509 2320 2555 2258 2867 
12510 102 2637 798 2873 
12511 101 798 2637 2873 
12512 464 446 1155 2498 
12513 2387 2656 2495 2743 
12514 1156 446 464 2498 
12515 1207 504 90 2545 
12516 504 1208 90 2545 
12517 503 1198 2805 2831 
12518 2309 2327 2481 2494 
12519 1031 2503 2665 2731 
12520 1107 2746 2556 2855 
12521 1352 2858 2387 2894 
12522 261 962 262 2511 
12523 634 683 632 2542 
12524 2270 2449 2393 2636 
12525 868 609 189 2768 
12526 2308 2449 2305 2566 
12527 1334 1322 1331 2798 
12528 1436 2612 1434 2814 
12529 163 164 2862 2871 
12530 1378 1483 1501 2574 
12531 165 2862 164 2871 
12532 2316 2432 2545 2878 
12533 464 463 2673 2829 
12534 111 768 110 2781 
12535 2537 2772 970 2887 
12536 160 142 834 2517 
12537 938 270 271 2523 
12538 837 142 160 2517 
12539 2279 2333 2459 2608 
12540 188 34 838 1450 
12541 171 10 685 849 
12542 2290 2314 2539 2674 
12543 772 99 100 2576 
12544 2291 2390 2362 2603 
12545 462 2673 463 2829 
12546 879 204 2634 2790 
12547 496 1190 2540 2813 
12548 1001 297 647 2560 
12549 1057 352 2527 2791 
12550 1086 46 404 1373 
12551 608 1096 22 387 
12552 2258 2455 2397 2555 
12553 2242 2337 2566 2647 
12554 2484 1005 2716 2877 
12555 1132 432 431 2506 
12556 303 2583 2484 2716 
12557 2504 2747 2473 2824 
12558 2300 2371 2327 2652 
12559 2263 2418 2344 2524 
12560 484 1198 2501 2805 
12561 485 2501 1198 2805 
12562 1458 2684 1270 2736 
12563 1365 260 933 2638 
12564 403 1085 2570 2907 
12565 357 2657 1043 2722 
12566 2420 2706 2489 2809 
12567 93 2699 1205 2891 
12568 1205 2699 94 2891 
12569 983 299 281 2874 
12570 2281 2352 2374 2807 
12571 498 480 1197 2674 
12572 1463 2756 1366 2793 
12573 2374 2620 2257 2742 
12574 713 686 2542 2562 
12575 2537 2695 268 2772 
12576 1348 2568 1346 2894 
12577 1424 2421 1432 2649 
12578 1469 296 2435 2518 
12579 1400 1398 1399 2607 
12580 2376 2658 211 2904 
12581 2307 2441 2339 2777 
12582 2512 2762 2483 2764 
12583 232 214 910 2750 
12584 1457 2516 2678 2712 
12585 688 135 811 2641 
12586 1398 1401 1454 2779 
12587 147 146 2862 2910 
12588 1212 85 2630 2668 
12589 1212 2630 86 2668 
12590 612 730 695 2635 
12591 730 732 666 2557 
12592 2371 2654 2481 2827 
12593 1488 1371 2578 2886 
12594 2332 2703 2558 2806 
12595 2229 2817 2590 2870 
12596 689 633 2347 2640 
12597 2264 2644 2346 2895 
12598 2439 2780 2278 2811 
12599 1040 2425 334 2859 
12600 41 990 1412 314 
12601 17 647 1001 297 
12602 918 236 235 2582 
12603 353 354 1045 2528 
12604 2380 2334 2596 2713 
12605 2303 2569 2263 2778 
12606 511 2751 2493 2836 
12607 2437 2652 2327 2815 
12608 2278 2382 2306 2452 
12609 115 2725 2396 2886 
12610 1056 2550 378 2796 
12611 1194 480 498 2674 
12612 1378 1277 2544 2574 
12613 1295 1459 520 1301 
12614 2234 2434 2500 2792 
12615 1114 423 2502 2730 
12616 1114 2502 424 2730 
12617 2315 2498 2284 2744 
12618 1521 1483 1447 2544 
12619 2352 2600 2382 2654 
12620 301 2758 302 2816 
12621 899 2865 221 2880 
12622 1380 517 1275 1458 
12623 2238 2603 2266 2694 
12624 1461 1509 1516 2574 
12625 2269 2319 2368 2469 
12626 2236 2487 2572 2639 
12627 2318 2450 2415 2700 
12628 1290 2479 1270 2684 
12629 354 2528 1064 2899 
12630 147 2726 148 2910 
12631 2377 2504 2230 2774 
12632 2471 2683 2346 2761 
12633 1393 2531 1511 2736 
12634 2232 2736 2611 2759 
12635 2509 2591 2398 2702 
12636 266 2697 2448 2704 
12637 2243 2495 2656 2844 
12638 2245 2376 2363 2729 
12639 1204 2437 93 2892 
12640 1204 92 2437 2892 
12641 793 2799 2451 2873 
12642 232 912 214 2750 
12643 1285 1291 2458 2851 
12644 1057 2627 370 2791 
12645 684 630 733 2502 
12646 2538 2737 2520 2774 
12647 2405 2421 2228 2675 
12648 2408 2548 2304 2663 
12649 1061 357 2845 2898 
12650 2231 2487 2614 2884 
12651 336 1026 2706 2809 
12652 2348 2514 1456 2757 
12653 966 267 2772 2887 
12654 970 2772 268 2887 
12655 759 664 2602 2651 
12656 2367 2375 2267 2779 
12657 1121 426 408 2810 
12658 1296 1519 522 1299 
12659 1340 77 612 706 
12660 351 352 1038 2527 
12661 2277 2351 2665 2763 
12662 468 450 1151 2558 
12663 450 468 1144 2558 
12664 2514 2584 2462 2896 
12665 1446 1325 526 1319 
12666 1060 2596 374 2845 
12667 2437 2532 2390 2891 
12668 723 671 702 2328 
12669 1173 2580 2760 2882 
12670 329 1011 2775 2912 
12671 1025 2809 2420 2905 
12672 1378 2544 1483 2574 
12673 1106 2701 419 2818 
12674 2420 2899 1044 2905 
12675 2390 2543 2362 2603 
12676 2241 2589 2563 2625 
12677 473 2575 472 2720 
12678 1504 2421 1432 2541 
12679 211 2698 2376 2904 
12680 2346 2414 2683 2775 
12681 298 2560 1002 2874 
12682 209 191 888 2565 
12683 776 87 2688 2864 
12684 191 209 893 2565 
12685 650 649 651 2511 
12686 2498 2588 2359 2911 
12687 2296 2301 2425 2528 
12688 498 497 1216 2539 
12689 2249 2314 2384 2744 
12690 426 1120 408 2810 
12691 2445 2657 2429 2722 
12692 395 1094 2734 2823 
12693 2255 2572 2288 2614 
12694 2408 2499 2280 2690 
12695 1362 2521 1342 2675 
12696 1079 2456 393 2837 
12697 667 695 730 2635 
12698 337 2672 1041 2905 
12699 2264 2311 2346 2414 
12700 650 2436 737 2511 
12701 2357 2533 2310 2582 
12702 2353 2444 2272 2834 
12703 957 2523 2469 2766 
12704 165 166 2726 2764 
12705 2250 2306 2780 2811 
12706 159 158 2707 2832 
12707 1197 497 2539 2813 
12708 2288 2364 2488 2536 
12709 2312 2489 2808 2874 
12710 2507 2677 443 2882 
12711 739 617 708 2406 
12712 371 2554 1064 2791 
12713 275 2566 2491 2782 
12714 2596 2672 1060 2899 
12715 2492 2548 435 2663 
12716 1475 2516 2644 2784 
12717 422 1104 1394 2896 
12718 2343 2408 2379 2746 
12719 1466 1465 1409 2311 
12720 1468 50 476 1143 
12721 703 26 1153 459 
12722 2234 2591 2608 2619 
12723 2228 2635 2495 2753 
12724 162 2600 2389 2615 
12725 625 2633 626 2897 
12726 2246 2644 2322 2884 
12727 615 2594 714 2645 
12728 2264 2311 2337 2741 
12729 1104 440 1394 2896 
12730 615 2562 2594 2645 
12731 2259 2343 2333 2608 
12732 110 2646 787 2781 
12733 1047 386 45 1366 
12734 1058 600 21 369 
12735 794 121 2852 2872 
12736 2229 2625 2504 2653 
12737 2232 2702 2611 2875 
12738 1379 2438 1526 2705 
12739 2238 2525 2535 2789 
12740 2281 2374 2620 2807 
12741 2288 2313 2484 2718 
12742 494 512 1180 2836 
12743 2325 2401 2282 2448 
12744 194 2552 890 2804 
12745 890 2552 212 2804 
12746 2524 2604 862 2785 
12747 61 693 615 2594 
12748 2491 2518 277 2782 
12749 2381 2274 2402 2682 
12750 2479 2594 1276 2759 
12751 2300 2371 2652 2781 
12752 2395 2477 2505 2643 
12753 2273 2403 2366 2875 
12754 2427 2507 444 2829 
12755 1098 2587 410 2821 
12756 2236 2639 2568 2752 
12757 346 2470 1035 2912 
12758 13 225 906 605 
12759 2231 2593 2712 2741 
12760 2266 2336 2403 2875 
12761 1447 2544 1271 2851 
12762 2407 2304 2548 2818 
12763 2270 2529 2308 2629 
12764 2375 2471 2297 2632 
12765 1353 2648 2387 2753 
12766 708 617 73 1317 
12767 2332 2428 2558 2703 
12768 2381 2292 2512 2762 
12769 1421 1420 1419 2530 
12770 1270 1275 517 1458 
12771 1478 2399 1443 2624 
12772 1010 1369 332 2559 
12773 1034 2470 346 2883 
12774 2316 2501 2332 2806 
12775 2326 2494 2480 2688 
12776 1069 384 2465 2907 
12777 2237 2662 2624 2754 
12778 1411 1410 2593 2717 
12779 149 2687 148 2726 
12780 1182 2543 510 2770 
12781 234 2659 917 2838 
12782 235 917 2659 2838 
12783 1365 260 38 933 
12784 944 14 599 243 
12785 466 1178 2703 2863 
12786 708 2406 1330 2765 
12787 678 1281 60 1269 
12788 1060 373 374 2596 
12789 2260 2608 2343 2664 
12790 398 1072 380 2499 
12791 1068 398 380 2499 
12792 656 2681 658 2839 
12793 2368 2842 2577 2908 
12794 2400 2499 381 2690 
12795 978 2623 308 2908 
12796 512 494 1181 2836 
12797 413 2556 1094 2823 
12798 229 2685 230 2698 
12799 2475 2776 2660 2904 
12800 1512 1475 2516 2644 
12801 257 2464 2449 2880 
12802 76 1355 1340 2635 
12803 862 2524 199 2786 
12804 2263 2524 2357 2534 
12805 2236 2609 2572 2718 
12806 1468 49 1143 458 
12807 441 25 1153 703 
12808 2354 2485 172 2768 
12809 838 188 1450 2686 
12810 263 964 2833 2901 
12811 262 2833 964 2901 
12812 2268 2378 2326 2433 
12813 159 2707 160 2832 
12814 2417 2732 2416 2778 
12815 635 636 637 2640 
12816 335 2706 1026 2808 
12817 183 2764 844 2871 
12818 844 2764 165 2871 
12819 619 2540 495 2760 
12820 2242 2566 2308 2647 
12821 744 696 751 2792 
12822 1381 1493 1444 2803 
12823 624 2302 621 2482 
12824 918 2582 235 2659 
12825 2262 2656 2313 2783 
12826 423 629 2502 2730 
12827 325 2665 1012 2755 
12828 976 292 291 2597 
12829 437 2676 2422 2818 
12830 2398 2619 2234 2797 
12831 914 1413 242 2788 
12832 2364 2469 2269 2623 
12833 2257 2389 2344 2416 
12834 655 717 729 2330 
12835 156 2679 2457 2840 
12836 1190 495 2540 2760 
12837 2232 2611 2531 2875 
12838 719 2290 623 2769 
12839 1331 2667 1326 2798 
12840 650 737 704 2511 
12841 178 2707 177 2732 
12842 2300 2589 2361 2643 
12843 602 2356 716 2485 
12844 2268 2314 2433 2900 
12845 193 2658 2552 2738 
12846 2379 2663 2650 2855 
12847 2434 2640 2272 2792 
12848 1430 1429 1433 2868 
12849 2382 2306 2517 2600 
12850 2420 2489 2296 2809 
12851 372 1064 2554 2899 
12852 350 2466 1028 2756 
12853 1028 2466 349 2756 
12854 1407 1513 1470 2346 
12855 2392 2657 2445 2671 
12856 2377 2817 2229 2870 
12857 2636 2393 2790 2865 
12858 969 281 2595 2833 
12859 603 1134 423 2906 
12860 292 2597 976 2622 
12861 2281 2374 2615 2862 
12862 2572 2718 2288 2879 
12863 2516 2246 2644 2784 
12864 2240 2661 2620 2742 
12865 758 672 2769 2817 
12866 610 297 2436 2560 
12867 2246 2763 2487 2884 
12868 170 820 169 2573 
12869 2535 2586 2238 2789 
12870 1026 2489 317 2808 
12871 316 1000 2424 2560 
12872 1000 315 2424 2560 
12873 1268 613 2551 2605 
12874 2232 2531 2611 2736 
12875 387 707 2621 2627 
12876 910 213 231 2515 
12877 213 909 231 2515 
12878 76 695 1355 2635 
12879 278 934 277 2518 
12880 1181 2467 493 2836 
12881 1437 2586 2265 2814 
12882 2489 2706 2425 2808 
12883 688 135 8 811 
12884 1016 345 2883 2903 
12885 257 2449 916 2787 
12886 916 2449 258 2787 
12887 2363 2419 2417 2738 
12888 698 640 753 2301 
12889 472 2720 2575 2745 
12890 1488 2396 1440 2886 
12891 2240 2530 2691 2705 
12892 1184 2532 2748 2892 
12893 151 2692 2555 2890 
12894 712 611 2520 2737 
12895 1350 2753 2675 2889 
12896 1125 451 2650 2855 
12897 2397 2455 2324 2692 
12898 2355 2379 2650 2855 
12899 718 736 637 2841 
12900 839 170 2573 2686 
12901 169 839 2573 2686 
12902 969 2777 263 2833 
12903 211 2552 2376 2698 
12904 238 2464 921 2880 
12905 2275 2634 2478 2848 
12906 754 66 1293 1305 
12907 381 2499 2400 2666 
12908 2295 2722 2672 2905 
12909 2501 2806 2316 2831 
12910 686 626 2633 2645 
12911 2247 2334 2500 2640 
12912 2647 2717 2593 2741 
12913 240 922 2636 2787 
12914 1060 2672 2596 2845 
12915 324 2536 2488 2849 
12916 1056 377 2550 2795 
12917 1355 2635 695 2765 
12918 1136 2710 448 2835 
12919 378 377 1075 2550 
12920 1330 708 73 1317 
12921 2422 2584 2286 2676 
12922 405 1095 2621 2730 
12923 180 862 181 2604 
12924 2531 2611 2610 2875 
12925 969 281 282 2595 
12926 2508 2636 896 2788 
12927 697 750 663 2356 
12928 985 2583 284 2816 
12929 302 2583 985 2816 
12930 2421 2629 2529 2649 
12931 169 2686 2573 2739 
12932 2247 2640 2434 2841 
12933 60 615 678 1269 
12934 2249 2599 2680 2744 
12935 2475 2704 2441 2776 
12936 2431 2813 1211 2850 
12937 506 2432 2815 2892 
12938 1106 420 2701 2822 
12939 52 1199 1372 2885 
12940 2227 2497 2752 2773 
12941 2290 2461 2769 2900 
12942 2523 2537 2349 2695 
12943 1143 476 1468 2757 
12944 261 262 943 2511 
12945 616 2590 754 2870 
12946 98 763 1439 2886 
12947 1279 2733 2797 2825 
12948 1094 2556 414 2734 
12949 1353 2387 1352 2753 
12950 2281 2454 2443 2862 
12951 328 2883 1016 2912 
12952 287 961 269 2537 
12953 287 269 970 2537 
12954 1054 363 2666 2670 
12955 1066 404 46 1472 
12956 22 1077 707 387 
12957 462 1158 444 2507 
12958 462 444 1159 2507 
12959 2271 2451 2450 2846 
12960 478 2760 1190 2813 
12961 973 312 294 2553 
12962 294 312 979 2553 
12963 2348 2585 2514 2757 
12964 509 2543 1182 2770 
12965 1199 98 1372 2885 
12966 282 2697 2595 2816 
12967 111 2477 2699 2781 
12968 2470 2666 363 2670 
12969 2248 2336 2286 2610 
12970 241 2636 922 2788 
12971 1098 409 410 2587 
12972 2555 2573 823 2890 
12973 2449 2464 257 2856 
12974 690 712 2520 2897 
12975 2483 2786 2604 2871 
12976 2315 2384 2302 2507 
12977 2288 2484 2536 2877 
12978 1339 1331 2618 2798 
12979 791 2576 99 2735 
12980 270 2537 2523 2695 
12981 1322 2618 1331 2798 
12982 1275 1280 1272 2399 
12983 178 179 2696 2732 
12984 748 700 644 2312 
12985 2412 2490 2883 2903 
12986 983 2833 280 2874 
12987 2522 2533 236 2582 
12988 2475 228 2776 2904 
12989 2398 2702 2399 2759 
12990 2234 2728 2608 2802 
12991 1136 430 2616 2835 
12992 677 609 699 2768 
12993 2407 2818 1093 2888 
12994 808 2687 130 2910 
12995 148 2687 808 2910 
12996 2313 2360 2583 2758 
12997 2382 2820 2767 2826 
12998 780 2494 88 2767 
12999 89 2494 780 2767 
13000 779 2853 84 2854 
13001 1005 2484 321 2877 
13002 1479 1380 2611 2736 
13003 950 2777 2776 2901 
13004 734 660 662 2513 
13005 2263 2486 2709 2742 
13006 2550 2731 2340 2796 
13007 25 1134 603 2906 
13008 331 2559 2546 2683 
13009 2228 2256 2843 2902 
13010 2305 2629 2242 2647 
13011 528 1382 1323 2601 
13012 1367 152 32 819 
13013 1428 1515 2867 2868 
13014 2284 2446 2331 2744 
13015 2351 2392 2671 2731 
13016 400 2407 401 2740 
13017 228 2475 229 2904 
13018 1276 1269 1280 2594 
13019 2331 2446 2332 2703 
13020 638 637 636 2841 
13021 2315 2423 2384 2673 
13022 387 608 1096 2621 
13023 2410 2469 288 2537 
13024 1118 411 2821 2911 
13025 410 1118 2821 2911 
13026 999 305 323 2536 
13027 323 305 1008 2536 
13028 2530 1423 2691 2705 
13029 904 2468 2534 2750 
13030 1485 1508 1388 2694 
13031 183 182 2483 2871 
13032 475 2757 1150 2909 
13033 2407 2422 2304 2818 
13034 312 2553 973 2801 
13035 973 2553 294 2801 
13036 1339 2667 1331 2798 
13037 2607 2624 2237 2662 
13038 59 751 613 2605 
13039 1065 2795 358 2898 
13040 862 2604 2524 2786 
13041 2250 2780 2439 2811 
13042 1518 2297 2367 2779 
13043 256 2464 920 2812 
13044 920 2464 238 2812 
13045 600 369 1058 2627 
13046 2480 2481 2382 2767 
13047 1012 2665 344 2903 
13048 133 2692 2578 2866 
13049 93 2891 1205 2892 
13050 616 749 709 2590 
13051 1439 116 781 1371 
13052 99 606 674 792 
13053 291 976 2597 2908 
13054 1338 1318 1332 2521 
13055 371 2791 1059 2860 
13056 370 1059 2791 2860 
13057 2354 2567 2565 2861 
13058 360 1052 2731 2796 
13059 361 2731 1052 2796 
13060 1352 745 2858 2894 
13061 2522 2812 238 2880 
13062 218 217 897 2533 
13063 2447 2537 2388 2772 
13064 2387 2648 2639 2743 
13065 2248 2610 2611 2875 
13066 118 791 2735 2799 
13067 2516 2231 2712 2884 
13068 440 439 2514 2896 
13069 2263 2709 2329 2742 
13070 945 245 2442 2901 
13071 244 945 2442 2901 
13072 2351 2665 2503 2731 
13073 1183 2831 504 2878 
13074 2256 2529 2310 2749 
13075 169 2573 2555 2739 
13076 498 1197 2539 2674 
13077 2494 2767 89 2827 
13078 1269 61 615 2594 
13079 1268 2551 1279 2605 
13080 417 418 1090 2548 
13081 2252 2680 2599 2744 
13082 1393 1477 2531 2789 
13083 1427 2691 1425 2869 
13084 1173 2760 2460 2882 
13085 1136 2616 429 2710 
13086 607 2540 675 2850 
13087 340 1024 2445 2877 
13088 1024 339 2445 2877 
13089 1492 2530 1421 2649 
13090 1356 1342 1362 2521 
13091 708 667 2406 2765 
13092 2271 2451 2356 2641 
13093 1352 1353 1348 2387 
13094 2268 2819 2547 2824 
13095 2295 2672 2420 2905 
13096 1389 1520 2348 2610 
13097 509 491 1186 2770 
13098 2248 2286 2336 2754 
13099 2253 2327 2309 2819 
13100 264 2697 2704 2777 
13101 2303 2417 2363 2729 
13102 1508 1390 1387 2694 
13103 111 2646 2477 2781 
13104 1181 494 2467 2836 
13105 2528 2706 335 2791 
13106 298 981 2560 2874 
13107 2228 2675 2635 2753 
13108 2359 2616 2428 2710 
13109 2384 2423 2314 2673 
13110 383 401 1069 2740 
13111 313 314 972 2546 
13112 1287 724 1282 2526 
13113 1041 2672 356 2722 
13114 2296 2489 2425 2808 
13115 2314 2668 2539 2674 
13116 1088 397 2549 2746 
13117 428 1117 2588 2911 
13118 462 2507 2384 2673 
13119 415 2379 2663 2746 
13120 1310 1307 724 2526 
13121 2301 2334 2247 2640 
13122 103 2853 778 2872 
13123 102 778 2853 2872 
13124 2473 2253 2819 2824 
13125 1334 1331 69 2798 
13126 1384 2467 494 2836 
13127 212 2552 2515 2804 
13128 700 701 644 2312 
13129 2303 2293 2515 2750 
13130 1215 84 2853 2854 
13131 390 2713 1082 2893 
13132 1082 2713 391 2893 
13133 767 109 2652 2827 
13134 767 2652 91 2827 
13135 2441 2442 2283 2776 
13136 1476 528 1320 2601 
13137 115 2578 2396 2725 
13138 897 235 2582 2838 
13139 1378 1277 514 2544 
13140 401 383 1074 2740 
13141 491 509 1182 2770 
13142 732 2711 2495 2858 
13143 1526 1379 1499 2438 
13144 2280 2304 2407 2662 
13145 904 2534 2468 2838 
13146 899 239 2787 2880 
13147 739 727 617 2613 
13148 628 746 712 2737 
13149 126 2654 786 2826 
13150 1450 1481 2573 2686 
13151 61 1282 693 2594 
13152 2345 2353 2272 2834 
13153 449 2428 2506 2835 
13154 2656 2743 2255 2844 
13155 45 386 1066 1472 
13156 1112 2584 439 2822 
13157 438 2584 1112 2822 
13158 444 2507 2427 2677 
13159 1304 2653 1300 2870 
13160 1175 2721 483 2863 
13161 1062 2657 357 2898 
13162 1062 358 2657 2898 
13163 2484 2409 2758 2877 
13164 2263 2344 2329 2524 
13165 2455 2555 2383 2726 
13166 309 2622 976 2908 
13167 1314 1297 1306 2618 
13168 625 624 626 2633 
13169 687 705 2527 2859 
13170 2236 2487 2752 2879 
13171 2311 2414 2337 2553 
13172 2288 2536 2391 2877 
13173 1366 44 1047 368 
13174 600 20 351 1058 
13175 1080 374 373 2596 
13176 2502 2628 424 2730 
13177 1200 511 2493 2885 
13178 1200 2493 97 2885 
13179 86 1212 85 2630 
13180 2270 2386 2449 2636 
13181 2449 2636 2386 2782 
13182 2477 2699 2395 2800 
13183 1121 2810 408 2834 
13184 1339 1331 1322 2618 
13185 688 2641 811 2735 
13186 2495 2753 2743 2844 
13187 2312 700 2436 2560 
13188 277 2518 2638 2782 
13189 903 2682 220 2880 
13190 221 2682 903 2880 
13191 2443 2454 2361 2910 
13192 2281 2374 2352 2615 
13193 2276 2463 2457 2679 
13194 727 659 654 2617 
13195 2298 2401 2325 2685 
13196 143 828 144 2600 
13197 1352 2387 1348 2894 
13198 1067 2570 386 2793 
13199 338 1041 2722 2905 
13200 1061 2845 375 2898 
13201 1365 2518 1415 2638 
13202 2262 2711 2312 2794 
13203 2308 2310 2464 2577 
13204 350 2466 1369 2559 
13205 1487 1444 1522 2803 
13206 2251 2431 2328 2769 
13207 758 721 673 2377 
13208 2381 2478 2275 2634 
13209 2466 2559 1009 2761 
13210 2279 2459 2456 2802 
13211 2302 2580 2460 2723 
13212 2609 2656 2262 2858 
13213 291 292 959 2597 
13214 1331 1326 1316 2798 
13215 464 2673 2498 2829 
13216 860 2634 204 2848 
13217 2438 2240 2691 2705 
13218 2451 2641 812 2846 
13219 2440 2513 2235 2581 
13220 607 495 28 619 
13221 216 215 904 2534 
13222 455 1147 473 2575 
13223 1149 455 473 2575 
13224 2609 2262 2711 2858 
13225 759 670 738 2602 
13226 694 724 1307 2526 
13227 2405 2648 2593 2889 
13228 2578 2725 115 2866 
13229 2382 2452 2278 2480 
13230 600 2527 698 2627 
13231 2335 2752 2487 2773 
13232 2268 2378 2316 2819 
13233 282 969 2595 2777 
13234 2378 2494 2805 2831 
13235 2257 2344 2742 2778 
13236 643 747 641 2609 
13237 186 2478 187 2739 
13238 675 2431 719 2769 
13239 2238 2531 2525 2789 
13240 464 2423 2498 2673 
13241 618 2568 2609 2894 
13242 912 215 214 2750 
13243 388 2621 1095 2714 
13244 693 1282 724 2526 
13245 325 2755 993 2849 
13246 1211 2813 2431 2854 
13247 2267 2642 2280 2662 
13248 2397 2578 133 2692 
13249 390 408 1100 2834 
13250 85 775 2630 2853 
13251 2374 2292 2483 2764 
13252 507 1205 2891 2892 
13253 108 107 2481 2827 
13254 895 1370 2508 2788 
13255 1423 1422 2530 2691 
13256 775 2655 104 2864 
13257 219 237 902 2522 
13258 219 901 237 2522 
13259 92 93 2437 2781 
13260 1351 2635 1362 2675 
13261 1423 1425 1422 2691 
13262 252 2523 2659 2695 
13263 2583 2697 284 2816 
13264 1471 1497 2593 2889 
13265 2240 2430 2292 2620 
13266 278 277 952 2518 
13267 131 784 113 2505 
13268 113 789 131 2505 
13269 1320 1476 2601 2705 
13270 1367 33 170 819 
13271 830 9 153 602 
13272 2256 2349 2319 2843 
13273 183 2483 2762 2764 
13274 222 898 2790 2865 
13275 1278 1291 1271 2544 
13276 1182 2751 492 2770 
13277 1380 2399 1478 2611 
13278 336 2706 2528 2899 
13279 2257 2620 2374 2807 
13280 993 308 2623 2755 
13281 638 2592 639 2841 
13282 2393 2449 2270 2464 
13283 109 2652 2646 2781 
13284 294 2553 2491 2801 
13285 1414 1413 2638 2788 
13286 2352 2454 2371 2589 
13287 891 2804 213 2857 
13288 195 2804 891 2857 
13289 1476 1505 528 2601 
13290 407 2714 2628 2834 
13291 1371 1467 1488 2578 
13292 1063 372 2893 2899 
13293 1063 2893 373 2899 
13294 408 390 1102 2834 
13295 2398 2594 2562 2645 
13296 52 1384 512 2885 
13297 2577 2597 2368 2908 
13298 833 140 158 2519 
13299 2572 2656 2609 2858 
13300 832 158 140 2519 
13301 1094 413 414 2556 
13302 2286 2584 2585 2676 
13303 145 2615 821 2862 
13304 821 2615 163 2862 
13305 240 899 2787 2865 
13306 2267 2323 2407 2465 
13307 2656 2711 2262 2858 
13308 1509 2607 1399 2624 
13309 1074 383 382 2740 
13310 2298 2325 2475 2685 
13311 2400 2280 2499 2690 
13312 2259 2608 2591 2619 
13313 1214 2669 501 2688 
13314 2228 2557 2495 2635 
13315 1312 519 1295 2684 
13316 2361 2646 2477 2910 
13317 616 1293 2590 2870 
13318 2379 2746 415 2855 
13319 2346 2466 2297 2761 
13320 2724 2769 672 2817 
13321 1029 368 1452 2756 
13322 2234 2500 2728 2802 
13323 423 424 2502 2906 
13324 181 843 180 2604 
13325 988 282 281 2595 
13326 2362 2543 2390 2727 
13327 1286 1283 726 2771 
13328 2251 2358 2769 2900 
13329 993 2623 307 2849 
13330 2430 2867 2258 2868 
13331 1378 514 1447 2544 
13332 2281 2352 2454 2615 
13333 2347 2301 2554 2860 
13334 2280 2408 2304 2664 
13335 2316 2332 2474 2806 
13336 2251 2358 2431 2769 
13337 2601 2705 2530 2709 
13338 2333 2428 2359 2616 
13339 2297 2626 2375 2779 
13340 713 744 678 2562 
13341 1078 2714 389 2860 
13342 388 2714 1078 2860 
13343 1334 69 722 2798 
13344 2595 2697 282 2777 
13345 2452 2519 140 2832 
13346 2366 2693 2650 2745 
13347 256 2812 255 2856 
13348 2251 2326 2358 2900 
13349 2429 2657 357 2722 
13350 410 409 1117 2587 
13351 2565 2567 2354 2768 
13352 2422 2676 2492 2818 
13353 1455 2694 2586 2789 
13354 2259 2379 2343 2664 
13355 2326 2309 2480 2494 
13356 1506 1466 1411 2647 
13357 751 59 678 2605 
13358 528 1505 1382 2601 
13359 2409 2445 2295 2722 
13360 785 2578 115 2866 
13361 133 2578 785 2866 
13362 2387 2609 2572 2639 
13363 2379 2408 2343 2664 
13364 1406 1405 1403 2644 
13365 747 2592 641 2609 
13366 2286 2323 2422 2754 
13367 255 2812 254 2842 
13368 1150 2757 2585 2909 
13369 1136 430 429 2616 
13370 2249 2633 2302 2723 
13371 311 2414 2683 2801 
13372 1335 1321 1345 2765 
13373 1505 2530 1492 2601 
13374 2254 2715 2306 2807 
13375 2431 2540 719 2769 
13376 2361 2505 2477 2643 
13377 1384 1180 512 2836 
13378 2258 2324 2397 2455 
13379 2346 2297 2471 2761 
13380 1348 1347 1346 2568 
13381 1270 518 1289 2684 
13382 486 2806 1189 2831 
13383 1189 2806 485 2831 
13384 1323 1382 2541 2601 
13385 675 2576 674 2850 
13386 2377 2504 2473 2824 
13387 913 2660 227 2904 
13388 209 2660 913 2904 
13389 2432 506 2748 2892 
13390 815 123 2452 2820 
13391 815 2452 141 2820 
13392 2364 2372 2277 2755 
13393 2344 2416 2732 2778 
13394 897 2582 2533 2838 
13395 1466 2311 1409 2717 
13396 2282 2448 2388 2783 
13397 2304 2422 2323 2754 
13398 1273 1282 1290 2526 
13399 163 2862 2615 2871 
13400 1452 1010 350 1369 
13401 974 2623 2469 2849 
13402 2236 2487 2639 2752 
13403 1323 1320 528 2601 
13404 1298 1315 1307 2526 
13405 2331 2446 2423 2744 
13406 2409 2758 2722 2905 
13407 1093 2818 2701 2888 
13408 2394 2430 2868 2869 
13409 2434 2234 2500 2728 
13410 655 2617 2330 2861 
13411 752 655 729 2861 
13412 2396 2578 115 2886 
13413 2355 2506 2379 2855 
13414 2390 2543 2395 2800 
13415 319 2809 1025 2905 
13416 233 2689 2468 2750 
13417 2235 2569 2729 2778 
13418 121 797 2852 2872 
13419 120 2852 797 2872 
13420 241 240 922 2636 
13421 154 2485 850 2840 
13422 850 2485 172 2840 
13423 1083 372 2554 2893 
13424 315 604 18 1020 
13425 1369 42 1010 332 
13426 1393 1479 2531 2736 
13427 2332 2558 2474 2806 
13428 30 116 1439 763 
13429 773 6 99 674 
13430 292 2597 2622 2801 
13431 1512 1406 1475 2644 
13432 2250 2318 2651 2780 
13433 1327 1329 1316 2581 
13434 2293 2689 2401 2750 
13435 878 217 218 2533 
13436 1109 418 417 2548 
13437 1525 1383 1475 2516 
13438 2262 2711 2656 2783 
13439 1274 1283 1286 2771 
13440 2256 2282 2349 2843 
13441 2359 2428 2284 2710 
13442 370 2627 1076 2860 
13443 726 1283 682 2771 
13444 2266 2610 2336 2875 
13445 1517 1442 1494 2426 
13446 438 1127 439 2584 
13447 313 991 314 2546 
13448 776 87 86 2688 
13449 2291 2437 2432 2892 
13450 2279 2456 2380 2802 
13451 2281 2443 2374 2862 
13452 2398 2232 2702 2759 
13453 615 693 714 2594 
13454 2283 2496 2330 2660 
13455 2543 2725 2395 2800 
13456 1185 2532 507 2891 
13457 116 1371 1439 2886 
13458 2315 2498 2673 2829 
13459 664 668 670 2602 
13460 2422 2407 2701 2818 
13461 798 102 101 2637 
13462 1475 2644 1406 2784 
13463 655 2330 729 2861 
13464 1340 2635 1351 2753 
13465 2303 2729 2569 2778 
13466 2306 2318 2250 2780 
13467 1303 1302 2538 2774 
13468 675 715 719 2540 
13469 2311 2647 2337 2741 
13470 1419 1421 2530 2649 
13471 2295 2420 2409 2905 
13472 1502 1465 1466 2435 
13473 2316 2831 2806 2878 
13474 630 2502 629 2730 
13475 2229 2625 2564 2811 
13476 113 2725 2505 2866 
13477 2312 2424 2489 2794 
13478 2447 2689 2349 2695 
13479 2317 2291 2432 2532 
13480 2383 2726 2512 2764 
13481 2262 2360 2313 2718 
13482 2255 2319 2282 2843 
13483 1288 513 1271 2851 
13484 2317 2403 2362 2720 
13485 1187 2748 487 2878 
13486 418 2548 1109 2818 
13487 176 2707 2419 2738 
13488 2382 2600 2517 2820 
13489 263 2777 950 2901 
13490 1016 2883 346 2912 
13491 163 821 145 2615 
13492 145 824 163 2615 
13493 310 2622 2490 2775 
13494 2475 2685 2325 2704 
13495 350 1452 1369 2466 
13496 2449 2782 2566 2856 
13497 1505 1421 1492 2530 
13498 2456 2459 2385 2802 
13499 696 2605 751 2792 
13500 355 1060 2672 2899 
13501 1066 404 1472 2570 
13502 1455 2531 2694 2789 
13503 1083 2554 371 2860 
13504 442 2482 2677 2906 
13505 113 2505 784 2866 
13506 784 2505 131 2866 
13507 1407 1405 1406 2644 
13508 775 86 85 2630 
13509 622 624 625 2723 
13510 460 1152 2580 2882 
13511 1043 2657 2445 2722 
13512 2263 2329 2357 2524 
13513 326 2755 1012 2903 
13514 599 944 243 2876 
13515 2483 2762 2402 2786 
13516 2337 2553 2491 2647 
13517 1412 1375 314 2546 
13518 2361 2477 2300 2643 
13519 943 244 2876 2901 
13520 1463 2367 2756 2793 
13521 1359 1354 536 2851 
13522 2347 2621 707 2627 
13523 1414 1416 1417 2386 
13524 1206 2727 508 2800 
13525 1206 509 2727 2800 
13526 1412 2546 332 2559 
13527 2441 2776 950 2777 
13528 2228 2753 2495 2844 
13529 2514 2584 439 2585 
13530 2309 2481 2480 2767 
13531 2242 2308 2305 2647 
13532 464 2498 1155 2829 
13533 1155 2498 446 2829 
13534 2363 2417 2285 2729 
13535 144 809 143 2600 
13536 259 2638 915 2788 
13537 260 915 2638 2788 
13538 2331 2332 2501 2703 
13539 1132 2506 431 2835 
13540 2454 2862 146 2910 
13541 2329 2344 2263 2742 
13542 618 1346 2568 2894 
13543 142 2820 141 2832 
13544 2543 2751 510 2770 
13545 2421 2675 2521 2828 
13546 422 1373 2462 2896 
13547 2316 2545 2831 2878 
13548 645 643 644 2711 
13549 1462 2397 1453 2890 
13550 2455 2324 2692 2866 
13551 1353 2753 1350 2889 
13552 48 1368 1394 440 
13553 24 423 629 603 
13554 2483 182 2786 2871 
13555 2499 2549 2340 2796 
13556 2475 2685 229 2698 
13557 2290 2539 2460 2674 
13558 2574 2733 1277 2825 
13559 2243 2783 2282 2844 
13560 2501 2703 1178 2863 
13561 1479 1391 2531 2611 
13562 404 2462 1373 2570 
13563 422 2462 421 2896 
13564 2343 2549 2408 2746 
13565 1455 2531 1393 2694 
13566 2421 2228 2675 2828 
13567 2522 2682 2393 2880 
13568 414 1107 415 2746 
13569 482 2423 2673 2721 
13570 1164 2411 2751 2909 
13571 2565 2567 2330 2861 
13572 1270 1290 1276 2479 
13573 2330 2245 2565 2861 
13574 368 2756 1048 2793 
13575 1048 2756 367 2793 
13576 216 885 215 2534 
13577 1331 1316 70 2798 
13578 1457 1512 1383 2516 
13579 1335 1345 1358 2765 
13580 2367 2375 2297 2632 
13581 2571 2625 2370 2653 
13582 2583 2758 2360 2816 
13583 2291 2432 2532 2892 
13584 2305 2386 2638 2782 
13585 2318 2415 2519 2700 
13586 258 2449 257 2782 
13587 436 2548 2492 2818 
13588 1432 1424 1431 2421 
13589 1414 2638 2386 2788 
13590 2291 2532 2437 2892 
13591 1446 1487 1522 2472 
13592 61 1269 1282 2594 
13593 1368 440 2514 2896 
13594 2507 2673 462 2829 
13595 907 2660 209 2881 
13596 227 2660 907 2881 
13597 2356 2641 2451 2846 
13598 439 2584 2514 2896 
13599 700 737 701 2436 
13600 1331 681 69 2798 
13601 165 2764 2862 2871 
13602 2656 2711 2243 2783 
13603 207 676 605 2567 
13604 2314 2249 2680 2744 
13605 605 2567 2496 2881 
13606 1328 1320 1323 2601 
13607 967 268 2772 2887 
13608 267 967 2772 2887 
13609 1280 1275 1276 2759 
13610 624 621 691 2482 
13611 2273 2403 2317 2404 
13612 2340 2503 2499 2796 
13613 413 1113 414 2556 
13614 2566 274 2597 2856 
13615 1320 527 1476 1325 
13616 834 2517 142 2832 
13617 834 160 2517 2832 
13618 1164 2751 2411 2770 
13619 2766 2842 2368 2908 
13620 2378 2316 2545 2831 
13621 1355 725 1358 2765 
13622 690 628 712 2897 
13623 2344 2416 2389 2696 
13624 2483 2604 2374 2871 
13625 2441 2475 2325 2704 
13626 1512 2644 2516 2712 
13627 1450 2573 170 2686 
13628 1083 2554 2444 2893 
13629 2250 2715 2306 2811 
13630 2486 2240 2709 2742 
13631 2419 2679 2318 2700 
13632 978 290 2766 2908 
13633 174 173 2463 2840 
13634 781 134 31 1371 
13635 606 117 7 792 
13636 1315 1309 1295 2684 
13637 2331 2433 2721 2863 
13638 601 2580 620 2760 
13639 1478 1451 2611 2624 
13640 2308 2529 2242 2629 
13641 1469 2435 1502 2518 
13642 2411 2467 2289 2751 
13643 1282 1276 1290 2594 
13644 638 710 639 2592 
13645 128 2646 2454 2910 
13646 632 630 631 2621 
13647 2274 2233 2709 2830 
13648 2490 2622 309 2903 
13649 189 609 676 2768 
13650 629 405 608 2730 
13651 2328 2799 2637 2873 
13652 2317 2404 2403 2693 
13653 730 612 732 2495 
13654 155 156 2457 2840 
13655 2443 2764 2374 2871 
13656 260 2638 1413 2788 
13657 2268 2473 2819 2824 
13658 2462 2570 1085 2907 
13659 2522 2582 236 2812 
13660 668 665 669 2724 
13661 250 2689 2447 2695 
13662 2395 2396 2324 2725 
13663 2236 2295 2718 2879 
13664 1325 527 1476 1379 
13665 2302 2460 2384 2723 
13666 1318 529 1473 2541 
13667 196 2732 195 2857 
13668 2302 2677 2507 2882 
13669 430 1119 429 2616 
13670 2245 2729 2681 2839 
13671 1366 1047 386 2793 
13672 2294 2392 2795 2898 
13673 1065 376 2795 2898 
13674 459 2482 703 2580 
13675 504 2545 1207 2878 
13676 2286 2514 2348 2585 
13677 316 2424 1019 2808 
13678 2652 2781 92 2815 
13679 699 685 716 2485 
13680 529 1323 1382 2541 
13681 2254 2715 2564 2811 
13682 1438 1523 1474 2342 
13683 459 460 1152 2580 
13684 1482 2386 2508 2788 
13685 2267 2375 2626 2779 
13686 1323 529 1318 2541 
13687 147 2862 2443 2910 
13688 195 2417 2738 2804 
13689 2560 2808 1002 2874 
13690 1083 372 371 2554 
13691 677 699 2354 2768 
13692 722 69 681 2798 
13693 2525 2531 2341 2789 
13694 1474 1514 2571 2814 
13695 1040 2791 2425 2859 
13696 396 2549 2550 2734 
13697 1290 1270 1284 2684 
13698 1450 1464 1481 2686 
13699 2480 2767 2382 2820 
13700 2240 2620 2292 2742 
13701 2395 2505 2324 2643 
13702 2255 2388 2313 2783 
13703 117 792 606 2735 
13704 898 240 241 2636 
13705 494 1384 51 1364 
13706 92 2815 2437 2892 
13707 177 2417 2707 2738 
13708 1083 2444 2554 2860 
13709 1447 514 1271 2544 
13710 2609 2639 2387 2894 
13711 2532 2727 2390 2891 
13712 1016 2883 2490 2903 
13713 438 439 1112 2584 
13714 2336 2492 2422 2676 
13715 1469 296 40 1375 
13716 704 610 16 279 
13717 1310 724 1287 2526 
13718 281 988 2595 2874 
13719 1518 1405 2297 2779 
13720 606 723 702 2735 
13721 278 1469 1365 2518 
13722 273 2577 939 2842 
13723 939 2577 255 2842 
13724 1499 1379 1503 2438 
13725 329 2775 1017 2912 
13726 1017 2775 328 2912 
13727 2323 2407 2304 2662 
13728 2568 2639 2609 2894 
13729 1367 152 819 2890 
13730 1322 1311 543 1297 
13731 1298 1287 540 1273 
13732 1335 546 1345 1321 
13733 2346 2311 2546 2683 
13734 2378 2501 2316 2831 
13735 2257 2306 2715 2807 
13736 2322 2775 2471 2912 
13737 2437 92 2781 2815 
13738 1351 2675 1350 2753 
13739 428 1117 427 2588 
13740 197 2732 196 2857 
13741 1312 1309 1284 2684 
13742 529 1382 1473 2541 
13743 943 2511 262 2901 
13744 779 101 102 2637 
13745 2269 2368 2319 2631 
13746 496 2813 2540 2850 
13747 1165 2751 493 2909 
13748 492 2751 1165 2909 
13749 1277 1271 514 2544 
13750 1511 2684 1489 2736 
13751 2383 2443 2726 2764 
13752 2600 2654 809 2826 
13753 2315 2673 2507 2829 
13754 690 611 721 2520 
13755 356 2672 2429 2722 
13756 1076 370 369 2627 
13757 160 2517 2416 2696 
13758 704 261 599 2511 
13759 1489 519 1312 2684 
13760 779 2637 2853 2854 
13761 687 1039 333 2859 
13762 2420 2528 2425 2706 
13763 1289 518 1489 2684 
13764 2312 2360 2262 2794 
13765 1524 1499 1503 2869 
13766 2578 2692 2324 2866 
13767 940 2577 273 2856 
13768 940 255 2577 2856 
13769 1474 1434 1514 2814 
13770 683 2542 634 2792 
13771 2454 2646 2361 2910 
13772 253 2659 2523 2842 
13773 656 658 2613 2839 
13774 758 673 709 2377 
13775 515 1516 1277 1378 
13776 2228 2405 2675 2753 
13777 278 2518 1365 2638 
13778 2443 2862 2764 2871 
13779 225 2496 648 2876 
13780 429 2616 1119 2911 
13781 2267 2375 2465 2740 
13782 1087 2701 420 2888 
13783 419 2701 1087 2888 
13784 2333 2591 2259 2608 
13785 432 2506 1132 2855 
13786 2300 2477 2437 2699 
13787 1501 1461 2574 2607 
13788 336 2706 2420 2809 
13789 1445 1521 1491 2851 
13790 2483 2329 2604 2786 
13791 2277 2665 2488 2755 
13792 103 2630 2853 2872 
13793 881 2534 2524 2785 
13794 2529 2629 2270 2649 
13795 2292 2383 2512 2764 
13796 745 77 1352 706 
13797 2544 2574 1277 2825 
13798 2253 2473 2747 2824 
13799 1356 1332 548 1360 
13800 1349 1510 534 2678 
13801 2475 2698 229 2904 
13802 542 1309 1284 1312 
13803 1336 545 1308 1333 
13804 1279 2551 1278 2825 
13805 2296 2489 2424 2794 
13806 308 307 993 2623 
13807 1390 1455 1393 2694 
13808 640 641 638 2592 
13809 1357 537 1286 1274 
13810 2229 2504 2377 2870 
13811 197 2785 2732 2857 
13812 1374 35 1441 206 
13813 676 189 11 609 
13814 373 1080 2596 2893 
13815 1158 2507 462 2829 
13816 444 2507 1158 2829 
13817 2362 2411 2289 2770 
13818 1344 1363 1354 2851 
13819 357 2657 2429 2845 
13820 2369 2667 2618 2798 
13821 1436 1434 1437 2814 
13822 1184 507 2532 2892 
13823 2351 2503 2340 2731 
13824 1050 384 366 2632 
13825 384 1051 366 2632 
13826 1445 1491 1354 2851 
13827 512 1181 511 2836 
13828 1339 1326 1331 2667 
13829 2447 268 2695 2772 
13830 607 715 675 2540 
13831 2363 2552 2376 2658 
13832 2579 2586 2265 2603 
13833 1351 2635 2675 2753 
13834 442 441 2482 2906 
13835 1022 338 2722 2905 
13836 1164 491 492 2770 
13837 2657 2845 357 2898 
13838 390 2444 2713 2893 
13839 224 1370 1441 2508 
13840 2289 2362 2543 2603 
13841 751 678 744 2605 
13842 2268 2326 2473 2900 
13843 1510 2678 1349 2889 
13844 1489 1459 1295 2684 
13845 673 754 709 2377 
13846 2648 2678 2593 2889 
13847 2263 2742 2344 2778 
13848 648 225 605 2496 
13849 305 2536 2410 2716 
13850 1381 1514 1493 2571 
13851 1432 1431 1495 2421 
13852 136 135 829 2641 
13853 2258 2555 2397 2867 
13854 2398 2591 2619 2702 
13855 2310 2577 2413 2812 
13856 1359 536 1491 2851 
13857 2572 2387 2656 2858 
13858 2358 2539 2314 2668 
13859 2323 2422 2407 2701 
13860 2432 2815 2545 2878 
13861 2279 2587 2380 2821 
13862 2524 2534 2418 2785 
13863 1447 1271 1491 2851 
13864 2290 719 2540 2769 
13865 2279 2380 2500 2802 
13866 746 2526 724 2737 
13867 2465 2632 384 2740 
13868 1423 2530 1505 2601 
13869 2295 2409 2722 2905 
13870 2300 2646 2371 2781 
13871 674 606 99 2576 
13872 116 1439 763 2886 
13873 772 99 2576 2850 
13874 772 2576 100 2850 
13875 724 2526 694 2737 
13876 1438 1474 1519 2342 
13877 767 109 91 2652 
13878 1285 1271 1291 2851 
13879 764 91 109 2652 
13880 725 1355 695 2765 
13881 2235 2581 2513 2839 
13882 711 658 761 2839 
13883 110 783 128 2646 
13884 128 787 110 2646 
13885 2429 2596 2334 2672 
13886 1521 1445 1525 2598 
13887 1349 534 1341 2678 
13888 2515 2750 910 2857 
13889 1391 1393 1479 2531 
13890 501 2669 2433 2688 
13891 2387 2639 2572 2743 
13892 2279 2380 2459 2821 
13893 2495 2557 2228 2844 
13894 297 298 981 2560 
13895 2305 2449 2386 2782 
13896 2317 2474 2404 2748 
13897 246 2441 2704 2776 
13898 2349 2689 2468 2695 
13899 97 98 2885 2886 
13900 601 459 703 2580 
13901 165 2764 2443 2862 
13902 2333 2823 2556 2835 
13903 456 1150 457 2585 
13904 1121 408 407 2834 
13905 2271 2356 2451 2846 
13906 2268 2433 2326 2900 
13907 2261 2763 2487 2773 
13908 441 703 2482 2906 
13909 1288 1491 513 2851 
13910 466 2703 2446 2863 
13911 2495 2387 2743 2753 
13912 2272 2353 2347 2444 
13913 147 2443 2726 2910 
13914 2460 2674 2539 2813 
13915 455 437 1131 2676 
13916 437 455 1126 2676 
13917 1116 425 407 2628 
13918 425 1121 407 2628 
13919 331 332 991 2559 
13920 2320 2383 2555 2739 
13921 2281 2454 2352 2589 
13922 2568 2639 2335 2752 
13923 2405 2675 2753 2889 
13924 2367 2465 2375 2632 
13925 2563 2589 2281 2807 
13926 1458 1489 1270 2684 
13927 1088 2549 2734 2746 
13928 736 696 635 2434 
13929 1311 1322 543 1334 
13930 1287 1298 540 1310 
13931 2291 2390 2437 2532 
13932 1452 43 1029 350 
13933 333 687 19 1039 
13934 174 2463 2679 2840 
13935 1358 1335 546 1345 
13936 155 2840 2457 2846 
13937 2539 2668 2358 2853 
13938 2307 2339 2595 2777 
13939 1407 2644 1406 2895 
13940 2364 2277 2488 2755 
13941 1289 1312 1284 2684 
13942 915 259 260 2638 
13943 1385 1387 1386 2467 
13944 1095 2714 2621 2730 
13945 2264 2644 2712 2884 
13946 2443 2374 2862 2871 
13947 2346 2414 2311 2683 
13948 1216 498 2539 2854 
13949 1216 2539 497 2854 
13950 1381 522 1519 1299 
13951 735 677 699 2354 
13952 879 2634 2682 2865 
13953 412 2459 2823 2837 
13954 1488 1507 1440 2396 
13955 747 692 618 2609 
13956 2251 2724 2439 2817 
13957 2423 2433 2314 2721 
13958 230 2685 2515 2698 
13959 227 209 907 2660 
13960 227 913 209 2660 
13961 1372 98 29 1439 
13962 2433 2668 2314 2721 
13963 2374 2764 2483 2871 
13964 1485 2586 1455 2694 
13965 1162 2757 475 2909 
13966 2414 2622 2337 2801 
13967 2468 2659 923 2838 
13968 1322 1333 1339 2618 
13969 59 613 1268 2605 
13970 140 2519 833 2832 
13971 833 2519 158 2832 
13972 1473 1504 1432 2541 
13973 1308 1297 1314 2618 
13974 786 126 127 2654 
13975 2486 2705 2601 2709 
13976 2382 2767 2481 2826 
13977 2230 2538 2520 2774 
13978 1457 2516 1383 2678 
13979 2307 2442 2777 2901 
13980 1479 2611 2531 2736 
13981 1424 1418 2629 2649 
13982 2455 2505 131 2687 
13983 2364 2269 2372 2623 
13984 2611 2702 2232 2759 
13985 1337 548 1332 1360 
13986 879 2790 2634 2865 
13987 2382 2480 2309 2481 
13988 686 2562 615 2645 
13989 209 2565 2660 2904 
13990 1313 1336 545 1308 
13991 1312 1284 542 1289 
13992 671 672 669 2724 
13993 2516 2712 2644 2884 
13994 647 2424 315 2560 
13995 2315 2498 2423 2673 
13996 178 2416 2707 2732 
13997 606 99 2576 2735 
13998 1455 2586 1486 2789 
13999 411 2821 2459 2837 
14000 459 1171 460 2580 
14001 2265 2586 2579 2814 
14002 645 2609 2711 2858 
14003 708 1330 74 2765 
14004 2358 2853 2637 2854 
14005 644 748 2312 2794 
14006 2246 2487 2763 2773 
14007 1286 1361 537 1357 
14008 729 677 752 2567 
14009 2413 2577 2368 2842 
14010 2324 2505 2725 2866 
14011 371 372 1064 2554 
14012 403 1085 404 2570 
14013 389 2714 2444 2860 
14014 735 2681 657 2861 
14015 1428 1430 1515 2868 
14016 87 1213 86 2688 
14017 2572 2609 2387 2858 
14018 2545 90 2815 2827 
14019 2480 2326 2688 2864 
14020 2401 2515 231 2685 
14021 2333 2616 2823 2835 
14022 2699 2891 93 2892 
14023 2555 2867 2573 2890 
14024 1394 1373 47 422 
14025 405 608 23 629 
14026 2347 2444 2353 2714 
14027 189 676 2567 2768 
14028 2440 2667 2369 2798 
14029 2259 2343 2608 2664 
14030 642 643 641 2794 
14031 1396 1395 1397 2462 
14032 2457 2318 2679 2700 
14033 442 2677 2482 2882 
14034 707 2347 631 2621 
14035 427 1137 428 2588 
14036 2415 2450 2318 2780 
14037 2484 2716 2536 2877 
14038 732 645 2711 2858 
14039 1069 2888 402 2907 
14040 207 208 2567 2881 
14041 1346 1347 1343 2568 
14042 2575 2585 2348 2909 
14043 2344 2732 2696 2785 
14044 94 2800 508 2891 
14045 504 1207 505 2878 
14046 1403 1406 2644 2784 
14047 2267 2607 2642 2662 
14048 369 370 1057 2627 
14049 2293 2401 2515 2750 
14050 2271 2318 2450 2780 
14051 1521 1447 1491 2851 
14052 505 1207 2815 2878 
14053 2419 2318 2519 2700 
14054 25 703 441 2906 
14055 616 709 754 2590 
14056 203 204 860 2634 
14057 1393 1391 1390 2531 
14058 693 724 746 2526 
14059 2636 2790 898 2865 
14060 358 2657 2392 2671 
14061 2324 2395 2265 2396 
14062 629 630 684 2502 
14063 1427 1425 1499 2869 
14064 675 719 742 2769 
14065 427 2588 2587 2810 
14066 1278 2544 1277 2825 
14067 1491 1271 513 2851 
14068 2371 2454 2352 2654 
14069 614 1316 71 2581 
14070 2425 2706 335 2808 
14071 1410 1497 1411 2593 
14072 1441 1442 1374 2426 
14073 91 2652 2815 2827 
14074 308 978 307 2623 
14075 2372 2364 2623 2755 
14076 212 2515 2552 2698 
14077 1336 1487 525 1319 
14078 2411 2751 2289 2770 
14079 1478 1380 1443 2399 
14080 696 635 2434 2792 
14081 1353 2648 2753 2889 
14082 1092 402 2888 2907 
14083 1286 57 726 1283 
14084 412 2823 394 2837 
14085 1148 452 451 2650 
14086 667 666 659 2557 
14087 1489 1295 519 2684 
14088 655 654 652 2617 
14089 607 675 674 2850 
14090 1311 68 1306 722 
14091 636 689 753 2640 
14092 1482 1420 1494 2508 
14093 1331 70 681 2798 
14094 2395 2505 113 2725 
14095 623 620 622 2723 
14096 2338 2520 2538 2737 
14097 2515 2689 232 2750 
14098 2348 2467 2411 2757 
14099 616 66 1293 754 
14100 1484 1388 1480 2289 
14101 1038 351 2527 2859 
14102 1038 2527 352 2859 
14103 415 1088 414 2746 
14104 2378 2545 2494 2831 
14105 1458 1489 2684 2736 
14106 610 647 297 2560 
14107 231 2515 2401 2689 
14108 2252 2331 2680 2744 
14109 2646 2652 2371 2781 
14110 2249 2315 2633 2744 
14111 2477 2687 2361 2910 
14112 2586 2694 2238 2789 
14113 665 664 663 2651 
14114 1375 1502 1469 2435 
14115 2366 2404 2355 2650 
14116 2244 2633 2599 2645 
14117 1378 1447 1483 2544 
14118 2267 2375 2367 2465 
14119 2392 2657 358 2795 
14120 1281 678 59 2605 
14121 169 2573 820 2890 
14122 820 2573 170 2890 
14123 309 997 310 2622 
14124 178 2696 2416 2732 
14125 136 810 135 2641 
14126 1465 1409 2311 2895 
14127 775 2630 2655 2864 
14128 2242 2631 2269 2741 
14129 99 674 2576 2850 
14130 1478 1443 1509 2624 
14131 602 697 2356 2641 
14132 2489 2706 1026 2809 
14133 2433 2668 500 2688 
14134 652 653 651 2708 
14135 2622 2623 2372 2908 
14136 209 2660 2565 2881 
14137 2399 2624 2611 2702 
14138 2347 2627 2301 2860 
14139 794 2852 2655 2872 
14140 165 2726 2443 2764 
14141 2254 2589 2563 2807 
14142 1162 2467 2757 2909 
14143 49 1468 1368 458 
14144 1458 1511 1489 2736 
14145 647 604 315 2424 
14146 674 606 6 792 
14147 1439 781 30 1371 
14148 698 753 689 2301 
14149 1407 1406 1408 2895 
14150 536 1354 1491 2851 
14151 943 261 2511 2876 
14152 1313 524 1487 1294 
14153 1487 1446 525 1319 
14154 1408 2644 2712 2895 
14155 1492 1382 1505 2601 
14156 1343 1363 1357 2771 
14157 2465 2740 1069 2888 
14158 384 2632 2465 2907 
14159 1406 1512 1408 2644 
14160 148 2726 2687 2910 
14161 2328 2431 2637 2799 
14162 358 2795 2657 2898 
14163 2619 2733 2476 2797 
14164 2503 2731 361 2796 
14165 2324 2725 2578 2866 
14166 2627 2791 2301 2860 
14167 739 708 667 2406 
14168 2437 2477 2300 2781 
14169 2681 2729 2235 2839 
14170 698 687 705 2527 
14171 2576 2735 791 2799 
14172 1479 1458 1380 2736 
14173 223 2636 2508 2790 
14174 2378 2545 2316 2819 
14175 1272 1516 515 1443 
14176 1270 1489 518 2684 
14177 2436 2560 981 2874 
14178 2451 2799 2328 2873 
14179 1287 62 1282 724 
14180 1441 224 36 1370 
14181 676 605 12 207 
14182 194 2738 2552 2804 
14183 680 1343 80 2771 
14184 2556 2734 1094 2823 
14185 312 2683 2553 2801 
14186 456 457 1127 2585 
14187 1310 1307 63 724 
14188 2401 2515 2685 2698 
14189 2267 2407 2323 2662 
14190 689 636 633 2640 
14191 2482 2580 1152 2882 
14192 2337 2566 2491 2801 
14193 2231 2678 2516 2712 
14194 297 1000 298 2560 
14195 1316 1329 71 2581 
14196 536 1445 1491 1354 
14197 1404 2598 1525 2784 
14198 2287 2502 2353 2628 
14199 356 2429 2672 2845 
14200 735 661 657 2681 
14201 1009 332 331 2559 
14202 448 2710 2428 2835 
14203 758 672 720 2769 
14204 629 2502 684 2906 
14205 2358 2365 2637 2853 
14206 2587 2588 1117 2911 
14207 611 690 712 2520 
14208 2513 2602 2250 2651 
14209 775 103 104 2655 
14210 2273 2366 2403 2404 
14211 1280 1269 1281 2797 
14212 259 934 260 2638 
14213 1351 1350 1353 2753 
14214 1358 75 725 1355 
14215 2279 2345 2380 2587 
14216 628 625 626 2897 
14217 2281 2589 2352 2807 
14218 744 683 634 2792 
14219 2411 2575 2348 2909 
14220 794 2655 103 2872 
14221 2294 2429 2392 2898 
14222 604 315 2424 2859 
14223 2433 2669 501 2721 
14224 2235 2729 2285 2778 
14225 381 2666 2400 2670 
14226 2282 2447 2388 2448 
14227 2339 2441 2697 2777 
14228 1441 1494 1442 2426 
14229 1386 2348 1456 2757 
14230 1193 501 502 2669 
14231 2307 2777 2595 2833 
14232 126 805 127 2654 
14233 676 609 677 2768 
14234 226 225 2496 2881 
14235 2319 2349 2523 2537 
14236 1026 2706 2489 2808 
14237 97 2885 2493 2886 
14238 1190 2760 2540 2813 
14239 1424 1418 1431 2629 
14240 676 677 2567 2768 
14241 711 2839 2581 2847 
14242 2386 2636 2508 2788 
14243 280 2833 2436 2874 
14244 1062 358 357 2657 
14245 1293 1304 1300 2870 
14246 1057 2527 2627 2791 
14247 703 601 26 459 
14248 704 737 610 2436 
14249 1349 533 1510 2889 
14250 1447 513 1491 1271 
14251 2304 2662 2280 2664 
14252 2293 2468 2689 2750 
14253 264 2704 2441 2777 
14254 1422 1425 1426 2691 
14255 66 754 673 1305 
14256 505 1207 91 2815 
14257 697 663 716 2356 
14258 604 687 19 1020 
14259 1010 1452 43 1369 
14260 281 2833 983 2874 
14261 193 873 192 2658 
14262 2405 2753 2648 2889 
14263 679 1306 68 722 
14264 2365 2853 2630 2872 
14265 1407 1513 2346 2895 
14266 351 2527 600 2627 
14267 260 1365 1413 2638 
14268 2554 2301 2791 2860 
14269 2401 2685 2298 2698 
14270 1471 2678 2593 2712 
14271 2277 2665 2412 2763 
14272 682 726 57 1283 
14273 1481 2573 2320 2867 
14274 1064 2554 2528 2791 
14275 1201 505 91 2815 
14276 195 2732 2417 2804 
14277 1452 2466 350 2756 
14278 2337 2311 2553 2647 
14279 120 2872 102 2873 
14280 403 404 1067 2570 
14281 2288 2718 2295 2879 
14282 1361 80 1343 2771 
14283 2418 2732 2417 2778 
14284 2264 2712 2644 2895 
14285 1482 1413 1414 2788 
14286 2532 2693 2317 2720 
14287 2254 2352 2589 2807 
14288 390 1100 2713 2834 
14289 2344 2732 2418 2778 
14290 2468 2293 2534 2750 
14291 177 2707 2417 2732 
14292 531 1342 1360 1490 
14293 1426 1425 1427 2691 
14294 1368 1394 440 2896 
14295 2378 2805 2501 2831 
14296 2360 2312 2595 2874 
14297 423 629 603 2906 
14298 2637 2799 2431 2854 
14299 2528 2554 1064 2899 
14300 899 2787 2865 2880 
14301 2339 2360 2595 2816 
14302 203 879 204 2634 
14303 1386 1456 1468 2757 
14304 2321 2636 2393 2790 
14305 702 2641 688 2735 
14306 1365 1415 1414 2638 
14307 2238 2694 2531 2789 
14308 1300 1304 1299 2653 
14309 2294 2456 2429 2898 
14310 2470 2666 2412 2883 
14311 2336 2403 2366 2745 
14312 629 684 603 2906 
14313 1511 1459 1489 2684 
14314 524 1444 1487 1294 
14315 401 1069 2740 2888 
14316 2265 2395 2324 2643 
14317 2285 2417 2363 2419 
14318 2390 2532 2362 2727 
14319 1451 2610 1391 2611 
14320 2455 2505 2324 2866 
14321 717 2496 605 2567 
14322 416 1111 434 2663 
14323 416 434 1108 2663 
14324 2425 2808 334 2859 
14325 519 1295 1489 1459 
14326 1125 451 452 2650 
14327 1287 1282 1273 2526 
14328 2543 2727 509 2800 
14329 1415 1469 1502 2518 
14330 2658 2679 2363 2738 
14331 761 734 614 2581 
14332 1408 2644 1512 2712 
14333 2264 2346 2311 2895 
14334 1310 1298 1307 2526 
14335 2420 2296 2489 2706 
14336 1471 1510 533 2889 
14337 1069 2465 2888 2907 
14338 2236 2718 2572 2879 
14339 183 2483 2764 2871 
14340 2329 2357 2524 2533 
14341 1344 539 1285 2851 
14342 302 2758 2583 2816 
14343 2329 2483 2402 2786 
14344 694 63 1307 724 
14345 1340 1353 1352 2753 
14346 2296 2425 2420 2528 
14347 1519 1438 1296 522 
14348 2358 2630 2365 2853 
14349 2335 2639 2487 2752 
14350 2325 2685 2448 2704 
14351 619 715 607 2540 
14352 1372 1384 52 2885 
14353 2732 2804 195 2857 
14354 2280 2642 2237 2662 
14355 2334 2301 2528 2554 
14356 693 1282 62 724 
14357 1326 1327 1316 2606 
14358 470 471 1145 2693 
14359 1079 2456 2837 2898 
14360 1315 1302 1307 2538 
14361 230 248 929 2685 
14362 230 928 248 2685 
14363 711 2581 1329 2847 
14364 2285 2417 2416 2778 
14365 976 309 310 2622 
14366 2584 2822 2462 2896 
14367 1469 1365 39 278 
14368 261 15 704 599 
14369 1279 1268 1278 2551 
14370 1208 2545 504 2831 
14371 2491 2553 2337 2801 
14372 2350 2569 2613 2839 
14373 2263 2293 2357 2830 
14374 2525 2341 2535 2789 
14375 2356 2840 2485 2846 
14376 969 2595 2777 2833 
14377 2415 2700 2450 2852 
14378 1335 74 1330 2765 
14379 2281 2361 2454 2589 
14380 2495 2711 2656 2858 
14381 968 283 265 2697 
14382 965 265 283 2697 
14383 2361 2443 2281 2454 
14384 2395 2699 2390 2800 
14385 1182 492 491 2770 
14386 1406 2644 1408 2895 
14387 2339 2697 2583 2816 
14388 319 2409 2758 2809 
14389 938 253 252 2659 
14390 2368 2766 2523 2842 
14391 2331 2703 2501 2863 
14392 1485 1437 1523 2586 
14393 431 2506 2556 2835 
14394 2293 2349 2468 2749 
14395 1412 1375 41 314 
14396 647 17 610 297 
14397 672 669 2724 2817 
14398 518 1489 1270 1458 
14399 2330 2617 2245 2861 
14400 2314 2384 2673 2674 
14401 2322 2412 2490 2883 
14402 2361 2477 2505 2687 
14403 2263 2418 2303 2778 
14404 1437 1523 2586 2814 
14405 485 2703 2501 2806 
14406 118 2641 2451 2735 
14407 344 343 1031 2665 
14408 2436 2511 2307 2833 
14409 2474 2806 486 2878 
14410 2457 2840 2356 2846 
14411 2520 2737 2338 2897 
14412 1279 1281 2605 2797 
14413 1214 502 501 2669 
14414 1509 1399 1448 2624 
14415 794 104 103 2655 
14416 2566 2597 2577 2856 
14417 2360 2489 2312 2874 
14418 1440 1480 1372 2885 
14419 2416 2417 2285 2419 
14420 1510 1471 2678 2889 
14421 1518 2367 1454 2779 
14422 2555 2397 2867 2890 
14423 725 695 667 2765 
14424 92 764 110 2781 
14425 1183 504 505 2878 
14426 1476 1379 1526 2705 
14427 1494 2426 1441 2508 
14428 2425 2489 2296 2706 
14429 358 1043 357 2657 
14430 705 748 642 2424 
14431 2473 2824 2268 2900 
14432 1424 1419 1418 2649 
14433 1286 726 1361 2771 
14434 110 768 92 2781 
14435 1412 332 1369 2559 
14436 2418 2804 2732 2857 
14437 85 2630 2668 2853 
14438 1329 711 71 2581 
14439 1466 1411 2647 2717 
14440 509 1186 2727 2770 
14441 2450 2846 2451 2873 
14442 86 2688 2630 2864 
14443 1102 407 408 2834 
14444 1474 1514 1381 2571 
14445 93 2699 2437 2781 
14446 405 2621 608 2730 
14447 1410 1471 2593 2712 
14448 1136 2616 2710 2835 
14449 718 637 639 2841 
14450 1450 1367 170 2573 
14451 692 2609 2858 2894 
14452 103 2655 2630 2872 
14453 729 717 605 2567 
14454 2604 2615 2374 2871 
14455 1368 1449 1394 2896 
14456 484 2805 2501 2863 
14457 193 192 892 2658 
14458 1465 2435 1375 2546 
14459 2427 2315 2507 2829 
14460 2249 2633 2599 2744 
14461 1471 1377 1497 2889 
14462 689 633 631 2347 
14463 1338 1321 1330 2765 
14464 1427 1429 2868 2869 
14465 1277 1278 1271 2544 
14466 2459 2333 2616 2823 
14467 707 689 2347 2627 
14468 2428 2506 2355 2558 
14469 2404 2474 2332 2558 
14470 674 675 723 2576 
14471 2669 2721 2433 2863 
14472 2245 2569 2729 2839 
14473 725 708 74 2765 
14474 463 481 1174 2673 
14475 1177 481 463 2673 
14476 690 625 628 2897 
14477 2393 2321 2790 2865 
14478 1515 2397 1462 2867 
14479 716 602 697 2356 
14480 629 608 630 2730 
14481 1434 1430 1433 2612 
14482 927 250 232 2689 
14483 2305 2638 2518 2782 
14484 932 232 250 2689 
14485 621 703 2482 2580 
14486 2476 2733 2574 2825 
14487 2469 2623 289 2766 
14488 2362 2289 2543 2770 
14489 2307 2442 2441 2777 
14490 2412 2470 2299 2666 
14491 335 1045 336 2706 
14492 1318 1324 1323 2541 
14493 2237 2280 2662 2664 
14494 319 2409 2809 2905 
14495 2231 2593 2678 2712 
14496 2403 2404 2366 2693 
14497 2384 2302 2507 2882 
14498 2423 2446 2331 2863 
14499 2323 2822 2701 2907 
14500 2546 2559 2346 2683 
14501 355 1060 356 2672 
14502 695 725 75 1355 
14503 330 312 992 2683 
14504 680 80 726 2771 
14505 330 994 312 2683 
14506 2323 2462 2822 2907 
14507 1427 1524 1429 2869 
14508 2256 2413 2349 2749 
14509 274 2566 275 2856 
14510 1482 1414 2386 2788 
14511 500 2668 2433 2721 
14512 978 2766 2623 2908 
14513 2545 2815 1207 2878 
14514 2257 2620 2661 2742 
14515 600 351 687 2527 
14516 719 623 720 2769 
14517 171 10 609 685 
14518 2328 2576 2431 2799 
14519 2469 2523 2368 2766 
14520 692 643 645 2609 
14521 118 2735 2451 2799 
14522 2303 2417 2729 2778 
14523 1355 1358 1345 2765 
14524 2329 2402 2533 2786 
14525 471 470 1167 2693 
14526 2502 2677 2482 2906 
14527 1393 2531 1455 2789 
14528 686 615 714 2645 
14529 1525 1404 1521 2598 
14530 2292 2512 2483 2764 
14531 730 666 667 2557 
14532 432 2556 2506 2855 
14533 1386 1364 2467 2757 
14534 1471 1457 2678 2712 
14535 107 2767 2481 2827 
14536 2437 2699 93 2892 
14537 976 2622 2597 2908 
14538 2496 2567 2330 2881 
14539 601 620 619 2760 
14540 1205 93 94 2699 
14541 2423 2331 2721 2863 
14542 599 2511 261 2876 
14543 2795 2837 2385 2898 
14544 2308 2449 2566 2856 
14545 1292 1307 1302 2538 
14546 614 71 711 2581 
14547 2381 2682 2402 2762 
14548 1372 1480 1384 2885 
14549 1283 1278 1268 2551 
14550 512 1384 2836 2885 
14551 2478 2686 187 2739 
14552 2777 2833 2307 2901 
14553 1351 1355 1362 2635 
14554 2315 2384 2507 2673 
14555 1454 1472 2570 2793 
14556 1121 407 2628 2834 
14557 2464 238 2812 2880 
14558 1393 1511 1479 2736 
14559 2322 2471 2470 2912 
14560 2477 2646 2300 2781 
14561 2355 2650 2558 2855 
14562 1501 1400 1461 2607 
14563 2488 2665 325 2755 
14564 2355 2366 2273 2404 
14565 493 2751 2467 2909 
14566 2344 2416 2696 2732 
14567 2245 2613 2569 2839 
14568 1340 1355 1351 2635 
14569 1342 531 1460 1490 
14570 2331 2446 2703 2863 
14571 1448 1451 1478 2624 
14572 2403 2693 471 2720 
14573 485 2806 2805 2831 
14574 2540 2760 2290 2813 
14575 917 252 253 2659 
14576 1106 420 419 2701 
14577 2399 2702 2611 2759 
14578 2316 2806 2474 2878 
14579 1361 726 80 2771 
14580 708 725 667 2765 
14581 225 13 648 605 
14582 116 763 98 2886 
14583 2401 2448 2325 2685 
14584 2454 2615 2352 2654 
14585 530 1337 1318 1490 
14586 2317 2693 2532 2748 
14587 400 2690 2407 2740 
14588 711 761 2581 2839 
14589 2248 2336 2610 2875 
14590 2413 2812 2577 2842 
14591 1012 343 344 2665 
14592 1292 2538 1302 2774 
14593 2437 2781 2652 2815 
14594 2303 2418 2750 2857 
14595 636 635 633 2640 
14596 1344 1359 539 2851 
14597 621 620 601 2580 
14598 351 687 2527 2859 
14599 98 762 116 2886 
14600 2565 2658 2376 2904 
14601 2510 2763 2261 2773 
14602 2345 2713 2587 2834 
14603 2386 2638 2636 2788 
14604 1456 1520 1449 2514 
14605 1364 1384 1385 2467 
14606 1019 2808 2424 2859 
14607 1288 1285 539 2851 
14608 2317 2404 2693 2748 
14609 96 765 114 2725 
14610 114 766 96 2725 
14611 2361 2505 2455 2687 
14612 662 663 664 2651 
14613 422 1394 1373 2896 
14614 1368 2514 1449 2896 
14615 1195 499 500 2668 
14616 2378 2669 2501 2805 
14617 1505 1423 1421 2530 
14618 993 2755 2623 2849 
14619 321 2484 2758 2877 
14620 665 702 671 2724 
14621 2326 2655 2630 2864 
14622 2493 2543 2289 2751 
14623 2460 2760 478 2813 
14624 2481 2767 107 2826 
14625 2672 2722 1041 2905 
14626 1012 2755 2665 2903 
14627 328 2775 2490 2883 
14628 2401 2298 2515 2698 
14629 1380 1478 1451 2611 
14630 2467 2411 2757 2909 
14631 2311 2264 2717 2741 
14632 2450 2852 120 2873 
14633 2355 2558 2506 2855 
14634 1082 390 391 2713 
14635 1121 2628 2810 2834 
14636 161 856 179 2696 
14637 179 847 161 2696 
14638 1404 1403 1402 2784 
14639 1413 260 38 1365 
14640 2413 2582 2812 2842 
14641 221 220 903 2682 
14642 2462 2822 421 2896 
14643 187 2686 2478 2848 
14644 2482 2502 2287 2677 
14645 2495 2656 2387 2858 
14646 2632 2793 2465 2907 
14647 759 664 670 2602 
14648 2255 2572 2614 2743 
14649 101 2637 2799 2873 
14650 2481 2767 2494 2827 
14651 852 177 159 2707 
14652 853 159 177 2707 
14653 644 701 646 2711 
14654 732 2495 706 2858 
14655 223 222 898 2790 
14656 641 747 710 2592 
14657 1353 1349 2648 2889 
14658 2501 2805 2669 2863 
14659 102 2853 2637 2872 
14660 2511 2307 2833 2901 
14661 335 336 1026 2706 
14662 2460 2539 2290 2813 
14663 1456 1386 1389 2348 
14664 1410 1457 1471 2712 
14665 883 202 201 2762 
14666 299 298 1002 2874 
14667 194 872 176 2738 
14668 176 871 194 2738 
14669 2452 2480 2382 2820 
14670 2362 2720 2411 2770 
14671 2783 2843 2282 2844 
14672 1467 1462 1515 2397 
14673 355 356 1041 2672 
14674 2475 2298 2685 2698 
14675 2374 2604 2389 2615 
14676 603 684 691 2906 
14677 265 247 949 2704 
14678 2255 2783 2656 2844 
14679 946 247 265 2704 
14680 2323 2662 2304 2754 
14681 707 608 387 2621 
14682 410 2821 2587 2911 
14683 401 2740 2407 2888 
14684 2412 2503 2299 2763 
14685 1268 1281 59 2605 
14686 728 616 679 2590 
14687 2372 2755 2623 2903 
14688 2429 2445 2295 2657 
14689 2359 2588 2587 2911 
14690 475 1162 476 2757 
14691 2229 2653 2504 2870 
14692 2255 2843 2783 2844 
14693 93 769 94 2699 
14694 656 2617 655 2861 
14695 2285 2729 2417 2778 
14696 86 2668 2630 2688 
14697 132 803 150 2692 
14698 150 804 132 2692 
14699 2295 2429 2672 2722 
14700 403 2570 1067 2907 
14701 2302 2482 2677 2882 
14702 359 341 1046 2671 
14703 359 1037 341 2671 
14704 732 645 646 2711 
14705 951 269 251 2695 
14706 269 942 251 2695 
14707 2488 2755 325 2849 
14708 1393 1455 1477 2789 
14709 1423 2601 1505 2705 
14710 2501 2703 2332 2806 
14711 2448 2772 2388 2887 
14712 2376 2660 2565 2904 
14713 1078 388 389 2714 
14714 2443 2862 2454 2910 
14715 1054 382 364 2670 
14716 382 1055 364 2670 
14717 471 2693 2403 2745 
14718 2345 2587 2588 2810 
14719 717 652 649 2496 
14720 2593 2678 1471 2889 
14721 1351 1362 1342 2675 
14722 1488 1439 1371 2886 
14723 1485 1486 1455 2586 
14724 600 698 689 2627 
14725 2493 2751 2289 2836 
14726 2344 2696 2604 2785 
14727 2444 2714 389 2834 
14728 2344 2329 2524 2604 
14729 399 1090 400 2690 
14730 2337 2597 2566 2801 
14731 2353 2714 2628 2730 
14732 1366 2756 368 2793 
14733 618 78 1346 2894 
14734 245 2776 2442 2901 
14735 404 1373 1472 2570 
14736 419 420 1087 2701 
14737 2360 2758 2409 2809 
14738 2368 2523 2413 2842 
14739 2311 2553 2546 2683 
14740 2414 2553 2311 2683 
14741 692 618 2609 2894 
14742 1303 1292 1302 2774 
14743 1160 466 467 2703 
14744 712 694 611 2737 
14745 1390 1391 1389 2610 
14746 1268 1279 1281 2605 
14747 2447 2695 2537 2772 
14748 1374 1464 1450 2686 
14749 2501 2805 485 2806 
14750 2570 2793 1067 2907 
14751 2452 2306 2519 2832 
14752 2255 2656 2572 2743 
14753 375 2845 2456 2898 
14754 2282 2783 2255 2843 
14755 256 2464 2812 2856 
14756 240 2787 2636 2865 
14757 2294 2456 2385 2802 
14758 2353 2345 2628 2834 
14759 1470 1463 1405 2466 
14760 2388 2716 2583 2887 
14761 2306 2382 2517 2820 
14762 2552 2658 2363 2738 
14763 487 2748 2474 2878 
14764 1412 42 1369 332 
14765 647 604 18 315 
14766 1329 72 711 2847 
14767 2347 2714 2627 2860 
14768 499 1212 500 2668 
14769 2397 2324 2578 2692 
14770 2365 2637 2853 2872 
14771 2478 2686 2426 2848 
14772 2403 2317 2693 2720 
14773 429 2710 2616 2911 
14774 1100 391 390 2713 
14775 2350 2839 2613 2847 
14776 2317 2362 2532 2720 
14777 190 189 886 2768 
14778 1157 448 447 2710 
14779 2465 2570 2323 2907 
14780 2323 2570 2462 2907 
14781 221 884 220 2682 
14782 414 2734 2556 2746 
14783 2365 2630 2655 2872 
14784 1372 1440 2885 2886 
14785 349 2756 2466 2761 
14786 2404 2650 2366 2693 
14787 2334 2672 2596 2899 
14788 681 738 757 2798 
14789 2460 2290 2760 2813 
14790 223 880 222 2790 
14791 201 202 864 2762 
14792 2311 2717 2647 2741 
14793 1367 170 33 1450 
14794 685 153 9 602 
14795 2396 2578 2324 2725 
14796 1512 1475 1383 2516 
14797 1465 1513 1409 2895 
14798 1367 170 2573 2890 
14799 2699 2800 94 2891 
14800 1434 1436 1430 2612 
14801 2456 2385 2837 2898 
14802 608 2621 630 2730 
14803 348 1036 349 2761 
14804 1373 46 404 1472 
14805 608 22 707 387 
14806 2395 2324 2505 2725 
14807 2648 2743 2387 2753 
14808 2357 2582 2310 2749 
14809 1480 1385 1384 2836 
14810 686 714 626 2645 
14811 2524 2604 2329 2786 
14812 2634 2790 2321 2865 
14813 731 653 666 2708 
14814 1305 1292 1303 2774 
14815 2478 2320 2686 2739 
14816 746 724 694 2737 
14817 2263 2344 2418 2778 
14818 490 472 1168 2720 
14819 490 1169 472 2720 
14820 1318 530 1490 1473 
14821 2384 2460 2302 2882 
14822 1394 1449 1395 2896 
14823 1288 539 1359 2851 
14824 476 1142 475 2757 
14825 1402 1403 1401 2779 
14826 1097 389 388 2714 
14827 2573 2686 2320 2739 
14828 1462 1367 2573 2890 
14829 386 2570 1472 2793 
14830 732 612 706 2495 
14831 390 2713 2444 2834 
14832 520 1301 1376 521 
14833 2293 2357 2468 2534 
14834 2548 2690 2407 2818 
14835 204 2634 2790 2848 
14836 2494 2669 2378 2805 
14837 102 2872 2637 2873 
14838 385 1067 386 2793 
14839 255 2812 2577 2856 
14840 2308 2464 2449 2856 
14841 2577 2812 255 2842 
14842 2295 2445 2429 2722 
14843 25 603 703 2906 
14844 2238 2586 2603 2694 
14845 2517 2820 142 2832 
14846 399 400 1073 2690 
14847 2431 2799 2576 2850 
14848 610 2436 700 2560 
14849 2547 2819 2253 2824 
14850 2380 2587 2345 2713 
14851 1412 1513 2546 2559 
14852 1414 1417 1482 2386 
14853 2441 2704 2697 2777 
14854 2237 2642 2607 2662 
14855 2347 2353 2621 2714 
14856 466 1178 467 2703 
14857 2452 141 2820 2832 
14858 1279 1277 2733 2825 
14859 1366 1452 368 2756 
14860 1375 1465 1502 2435 
14861 2321 2790 2634 2848 
14862 1480 2836 1384 2885 
14863 2376 2330 2565 2660 
14864 2343 2379 2556 2746 
14865 1427 1429 1428 2868 
14866 79 78 1346 618 
14867 2365 2872 2852 2873 
14868 1518 1454 1401 2779 
14869 2333 2556 2506 2835 
14870 2411 2348 2757 2909 
14871 748 642 2424 2794 
14872 2357 2582 2749 2838 
14873 454 1130 453 2745 
14874 2573 2867 1462 2890 
14875 1322 544 1297 543 
14876 1273 1298 541 540 
14877 547 1345 546 1321 
14878 1377 533 1350 2889 
14879 857 188 187 2686 
14880 361 360 1052 2731 
14881 1403 1475 1406 2784 
14882 1394 1395 1373 2896 
14883 2346 2683 2559 2761 
14884 1396 1373 2462 2570 
14885 752 657 655 2861 
14886 611 64 65 1292 
14887 1520 1389 1392 2610 
14888 641 710 638 2592 
14889 950 246 245 2776 
14890 711 740 658 2839 
14891 2323 2701 2888 2907 
14892 2553 2683 2414 2801 
14893 649 2511 599 2876 
14894 1385 2467 1384 2836 
14895 2347 2554 2444 2860 
14896 2467 2751 493 2836 
14897 2289 2751 2543 2770 
14898 483 1175 482 2721 
14899 447 448 1136 2710 
14900 2467 2289 2751 2836 
14901 190 867 189 2768 
14902 983 298 299 2874 
14903 2389 2604 2344 2696 
14904 316 2560 2424 2808 
14905 2397 1462 2867 2890 
14906 1165 492 493 2751 
14907 215 214 2750 2857 
14908 2490 2622 2414 2775 
14909 534 1383 535 1341 
14910 2256 2282 2843 2902 
14911 807 130 148 2687 
14912 130 808 148 2687 
14913 703 691 621 2482 
14914 2532 2720 2362 2727 
14915 1380 517 516 1275 
14916 2312 2833 2595 2874 
14917 44 1366 1452 368 
14918 600 351 20 687 
14919 2387 2572 2656 2743 
14920 488 1163 487 2748 
14921 2317 2532 2432 2748 
14922 2322 2883 2775 2912 
14923 689 631 707 2347 
14924 1269 1276 1282 2594 
14925 2316 2474 2432 2878 
14926 2775 2883 328 2912 
14927 348 349 1013 2761 
14928 658 740 2613 2839 
14929 2352 2615 2600 2654 
14930 198 197 885 2785 
14931 948 267 268 2772 
14932 2576 2799 100 2850 
14933 2345 2587 2810 2834 
14934 2457 2485 2356 2840 
14935 678 615 713 2562 
14936 235 2659 2582 2838 
14937 2555 2692 2397 2890 
14938 1344 539 538 1285 
14939 1476 1505 2601 2705 
14940 1357 538 537 1274 
14941 2575 2720 2403 2745 
14942 1335 725 74 2765 
14943 1386 1468 1364 2757 
14944 737 700 610 2436 
14945 2437 2815 2432 2892 
14946 2298 2475 2376 2698 
14947 2282 2844 2843 2902 
14948 1317 1329 1328 2847 
14949 2376 2698 2475 2904 
14950 1461 1399 1509 2607 
14951 65 66 673 1305 
14952 2417 2732 2418 2804 
14953 943 2876 2511 2901 
14954 725 1335 1358 2765 
14955 656 658 740 2613 
14956 370 2791 2627 2860 
14957 478 1171 477 2760 
14958 165 844 183 2764 
14959 183 845 165 2764 
14960 2428 2703 2446 2710 
14961 1467 1453 1462 2397 
14962 1342 1350 1351 2675 
14963 339 2722 2445 2877 
14964 2388 2313 2583 2716 
14965 998 328 329 2775 
14966 2354 2485 2463 2840 
14967 2579 2586 2342 2814 
14968 120 2852 2872 2873 
14969 2319 2368 2469 2523 
14970 2428 2446 2284 2710 
14971 1455 1486 1376 2789 
14972 1293 1305 1304 2870 
14973 371 2554 2791 2860 
14974 60 61 615 1269 
14975 937 276 258 2782 
14976 617 727 740 2613 
14977 258 276 936 2782 
14978 657 661 660 2681 
14979 221 2865 2682 2880 
14980 2405 2743 2648 2753 
14981 1454 1472 1396 2570 
14982 2712 2717 1408 2895 
14983 346 2883 2470 2912 
14984 1438 521 1296 522 
14985 2387 2858 2609 2894 
14986 2287 2628 2427 2677 
14987 1412 1465 1375 2546 
14988 2554 2893 372 2899 
14989 386 1048 385 2793 
14990 686 713 615 2562 
14991 2357 2749 2468 2838 
14992 648 2496 649 2876 
14993 1469 1415 1365 2518 
14994 2621 2627 2347 2714 
14995 2264 2717 2712 2895 
14996 1381 1519 1474 2571 
14997 1486 1485 1523 2586 
14998 711 740 2839 2847 
14999 545 1308 1333 544 
15000 1284 1309 542 541 
15001 1356 1332 547 548 
15002 1325 1327 1326 2606 
15003 2312 2436 2833 2874 
15004 1022 338 339 2722 
15005 2496 2330 2660 2881 
15006 1471 1497 1410 2593 
15007 1277 515 1378 514 
15008 2468 2659 2349 2695 
15009 195 890 213 2804 
15010 2305 2518 2491 2782 
15011 195 213 891 2804 
15012 1479 1451 1391 2611 
15013 1279 1277 1272 2733 
15014 2364 2536 2410 2849 
15015 2363 2679 2419 2738 
15016 1475 1404 1525 2784 
15017 326 325 1012 2755 
15018 361 1033 360 2731 
15019 245 246 931 2776 
15020 1004 302 320 2758 
15021 1003 320 302 2758 
15022 839 187 188 2686 
15023 263 2833 2777 2901 
15024 978 290 289 2766 
15025 1395 2462 1373 2896 
15026 1371 134 31 1453 
15027 168 186 842 2739 
15028 186 168 840 2739 
15029 1518 1403 1405 2779 
15030 2228 2844 2557 2902 
15031 2464 2812 2522 2880 
15032 454 453 1146 2745 
15033 617 72 1317 2847 
15034 726 682 756 2771 
15035 2502 2628 2287 2677 
15036 1382 1504 1473 2541 
15037 1369 2466 1470 2559 
15038 2539 2813 497 2854 
15039 2313 2583 2484 2758 
15040 483 482 1196 2721 
15041 148 826 166 2726 
15042 148 166 827 2726 
15043 2506 2556 2379 2855 
15044 493 492 1188 2751 
15045 638 639 637 2841 
15046 729 676 677 2567 
15047 2306 2517 2452 2820 
15048 2599 2645 2633 2897 
15049 1510 1457 1383 2678 
15050 2249 2599 2633 2897 
15051 509 508 1206 2727 
15052 722 681 757 2798 
15053 488 487 1187 2748 
15054 268 267 967 2772 
15055 2435 2546 2311 2553 
15056 318 319 1006 2809 
15057 1373 1395 1396 2462 
15058 2403 2693 2366 2745 
15059 1346 1352 1348 2894 
15060 1501 1461 1378 2574 
15061 2322 2470 2412 2883 
15062 1268 59 58 613 
15063 197 198 866 2785 
15064 1353 1350 1349 2889 
15065 1289 1489 1312 2684 
15066 2457 2679 2463 2840 
15067 2550 2734 2385 2795 
15068 2463 2485 2276 2840 
15069 1170 485 486 2806 
15070 599 649 650 2511 
15071 604 705 687 2859 
15072 2457 2276 2485 2840 
15073 2353 2628 2502 2730 
15074 215 2750 2534 2857 
15075 508 2800 2727 2891 
15076 2599 2338 2645 2897 
15077 1280 1279 2733 2797 
15078 1377 1471 533 2889 
15079 329 328 1017 2775 
15080 1040 352 353 2791 
15081 2457 2463 2276 2840 
15082 352 2527 2791 2859 
15083 477 1190 478 2760 
15084 658 657 660 2681 
15085 2303 2804 2418 2857 
15086 2417 2418 2303 2804 
15087 2431 2539 2358 2854 
15088 1211 497 496 2813 
15089 1463 2466 1452 2756 
15090 2528 2706 2420 2899 
15091 704 599 650 2511 
15092 1381 523 522 1299 
15093 617 2613 740 2847 
15094 692 2858 745 2894 
15095 196 178 870 2732 
15096 1364 1385 1386 2467 
15097 875 178 196 2732 
15098 2356 2457 2276 2485 
15099 1472 45 386 1366 
15100 695 75 76 1355 
15101 2527 2301 2627 2791 
15102 2508 2636 2321 2790 
15103 2321 2426 2790 2848 
15104 2371 2646 2454 2654 
15105 2365 2637 2872 2873 
15106 688 702 697 2641 
15107 1048 368 367 2756 
15108 1368 1456 1449 2514 
15109 1379 1325 527 526 
15110 1493 1435 1522 2803 
15111 200 199 878 2786 
15112 2309 2494 2481 2767 
15113 2293 2749 2357 2830 
15114 67 66 1293 616 
15115 281 280 983 2833 
15116 511 2836 2493 2885 
15117 2425 2706 2528 2791 
15118 1217 503 502 2805 
15119 810 118 117 2735 
15120 120 816 121 2852 
15121 316 317 1002 2808 
15122 1042 339 338 2722 
15123 386 1472 1366 2793 
15124 235 234 917 2838 
15125 2354 2276 2463 2485 
15126 1281 60 59 678 
15127 2385 2823 2459 2837 
15128 1343 1357 1361 2771 
15129 2545 2815 2652 2827 
15130 1349 2678 2648 2889 
15131 993 325 326 2755 
15132 516 1272 515 1443 
15133 604 2424 705 2859 
15134 2372 2622 2490 2903 
15135 954 289 290 2766 
15136 379 378 1071 2796 
15137 2776 2777 2442 2901 
15138 1460 531 1342 532 
15139 2484 2583 2313 2716 
15140 2488 2536 2364 2849 
15141 255 920 237 2812 
15142 237 919 255 2812 
15143 2672 2899 2420 2905 
15144 601 703 621 2580 
15145 2515 2552 2303 2804 
15146 396 1075 395 2734 
15147 1372 1439 1440 2886 
15148 411 410 1118 2821 
15149 1316 71 70 614 
15150 2388 2537 2410 2887 
15151 2328 2735 2576 2799 
15152 1186 508 509 2727 
15153 2420 2425 2296 2706 
15154 318 1025 319 2809 
15155 263 264 950 2777 
15156 2310 2413 2582 2812 
15157 1081 375 374 2845 
15158 1409 2717 2311 2895 
15159 244 2442 2876 2901 
15160 1447 513 1271 514 
15161 405 406 1095 2730 
15162 486 485 1189 2806 
15163 2413 2659 2582 2842 
15164 2528 2554 2301 2791 
15165 2408 2663 2379 2746 
15166 155 850 173 2840 
15167 173 855 155 2840 
15168 2418 2732 2344 2785 
15169 2333 2428 2616 2835 
15170 353 352 1059 2791 
15171 1418 1416 1496 2629 
15172 682 57 58 1283 
15173 2256 2319 2631 2843 
15174 1428 1429 1430 2868 
15175 412 1122 413 2823 
15176 496 497 1192 2813 
15177 2336 2366 2492 2745 
15178 2357 2534 2533 2838 
15179 2419 2707 2417 2738 
15180 2414 2322 2490 2775 
15181 2470 2883 2322 2912 
15182 1477 1455 1376 2789 
15183 1306 68 67 679 
15184 1349 1350 533 2889 
15185 2628 2345 2810 2834 
15186 345 1034 346 2883 
15187 1198 502 503 2805 
15188 774 100 101 2799 
15189 642 644 643 2794 
15190 1323 529 1382 528 
15191 2328 2451 2735 2799 
15192 509 2727 2543 2770 
15193 2404 2558 2355 2650 
15194 797 120 121 2852 
15195 964 280 281 2833 
15196 612 76 77 1340 
15197 2388 2410 2716 2887 
15198 367 368 1028 2756 
15199 523 1444 524 1294 
15200 200 859 199 2786 
15201 301 985 283 2816 
15202 987 301 283 2816 
15203 2410 2469 2364 2849 
15204 1122 430 431 2835 
15205 1279 1280 1281 2797 
15206 2552 2738 2417 2804 
15207 317 316 1021 2808 
15208 692 2609 645 2858 
15209 900 234 235 2838 
15210 791 117 118 2735 
15211 1459 519 1295 520 
15212 617 72 73 1317 
15213 1052 378 379 2796 
15214 73 74 708 1330 
15215 2320 2573 2555 2867 
15216 2569 2235 2729 2839 
15217 2251 2769 2461 2900 
15218 1329 72 71 711 
15219 1272 1280 1279 2733 
15220 2334 2596 2893 2899 
15221 410 411 1099 2821 
15222 1282 62 61 693 
15223 2556 2746 2379 2855 
15224 106 799 107 2767 
15225 396 395 1094 2734 
15226 2319 2469 2410 2537 
15227 2306 2452 2382 2820 
15228 1307 64 63 694 
15229 2363 2658 2463 2679 
15230 1419 1492 1421 2649 
15231 374 375 1061 2845 
15232 1473 1318 530 529 
15233 610 700 647 2560 
15234 603 691 703 2906 
15235 1485 1455 1508 2694 
15236 518 1270 517 1458 
15237 2460 2760 2580 2882 
15238 1420 1421 1422 2530 
15239 1491 1288 1359 2851 
15240 1370 1413 1482 2788 
15241 1492 1424 1504 2649 
15242 2293 2468 2357 2749 
15243 263 969 264 2777 
15244 405 1114 406 2730 
15245 1312 1295 1309 2684 
15246 680 79 80 1343 
15247 142 124 815 2820 
15248 818 124 142 2820 
15249 527 1476 528 1320 
15250 676 729 605 2567 
15251 2337 2647 2242 2741 
15252 1462 1453 1367 2890 
15253 376 1084 377 2795 
15254 606 702 688 2735 
15255 412 413 1103 2823 
15256 146 821 164 2862 
15257 2636 2787 2393 2865 
15258 164 825 146 2862 
15259 1377 532 1350 533 
15260 2310 2522 2464 2812 
15261 747 643 692 2609 
15262 1466 1409 1411 2717 
15263 85 1215 84 2853 
15264 1445 536 535 1354 
15265 101 100 793 2799 
15266 346 1016 345 2883 
15267 2339 2697 2595 2777 
15268 2303 2418 2417 2778 
15269 526 525 1446 1319 
15270 696 634 635 2792 
15271 1289 1284 1270 2684 
15272 2337 2622 2597 2801 
15273 394 1079 393 2837 
15274 1367 1481 1462 2573 
15275 2309 2480 2494 2767 
15276 2437 2390 2699 2891 
15277 1141 431 430 2835 
15278 669 665 671 2724 
15279 2490 2775 2322 2883 
15280 1331 70 69 681 
15281 114 784 132 2866 
15282 132 785 114 2866 
15283 740 711 72 2847 
15284 105 104 795 2864 
15285 2349 2413 2659 2749 
15286 1451 1392 1391 2610 
15287 2362 2727 2720 2770 
15288 419 1093 418 2818 
15289 2613 2839 740 2847 
15290 461 460 1173 2882 
15291 2416 2517 2389 2696 
15292 2339 2595 2697 2816 
15293 1360 1337 56 1490 
15294 107 780 106 2767 
15295 4 725 1335 1358 
15296 281 2595 2833 2874 
15297 2432 2748 2532 2892 
15298 2334 2554 2528 2899 
15299 1351 1353 1340 2753 
15300 1439 1488 1440 2886 
15301 1513 1369 1470 2559 
15302 2444 2554 2334 2893 
15303 644 642 748 2794 
15304 2319 2523 2469 2537 
15305 1418 1496 1431 2629 
15306 508 1185 507 2891 
15307 1063 372 373 2893 
15308 709 749 669 2817 
15309 2623 2755 2364 2849 
15310 2311 2717 2264 2895 
15311 432 433 1107 2855 
15312 322 1005 321 2877 
15313 204 880 205 2848 
15314 54 1312 1289 1489 
15315 2 1287 1310 724 
15316 1408 2717 1409 2895 
15317 1288 53 1491 1359 
15318 1286 726 1 1361 
15319 1336 55 1487 1313 
15320 778 85 84 2853 
15321 3 1311 1334 722 
15322 370 371 1059 2860 
15323 1138 429 428 2911 
15324 2628 2714 2353 2834 
15325 1065 376 377 2795 
15326 2549 2550 2340 2796 
15327 1481 1462 2573 2867 
15328 879 221 222 2865 
15329 306 307 974 2849 
15330 674 723 606 2576 
15331 2388 2772 2537 2887 
15332 507 2891 2532 2892 
15333 1193 484 483 2863 
15334 2596 2672 2429 2845 
15335 1465 1412 1513 2546 
15336 240 899 239 2787 
15337 2307 2511 2442 2901 
15338 1370 1482 2508 2788 
15339 393 1101 394 2837 
15340 2474 2748 2432 2878 
15341 2413 2523 2349 2659 
15342 293 311 973 2801 
15343 977 311 293 2801 
15344 1366 1463 1452 2756 
15345 1450 1481 1367 2573 
15346 2344 2604 2524 2785 
15347 1044 354 355 2899 
15348 239 238 921 2880 
15349 913 228 210 2904 
15350 911 210 228 2904 
15351 776 104 105 2864 
15352 732 706 645 2858 
15353 1518 1463 1454 2367 
15354 1510 533 1349 534 
15355 419 418 1110 2818 
15356 78 77 1352 745 
15357 2417 2303 2552 2804 
15358 2540 2813 2431 2850 
15359 1451 1479 1380 2611 
15360 2407 2701 2818 2888 
15361 896 241 242 2788 
15362 2442 2776 2441 2777 
15363 1154 460 461 2882 
15364 2286 2584 2514 2585 
15365 1205 508 507 2891 
15366 2437 2891 2699 2892 
15367 125 809 126 2826 
15368 2492 2676 2336 2745 
15369 1209 81 82 2850 
15370 691 2482 703 2906 
15371 2407 2323 2701 2888 
15372 2582 2659 2413 2749 
15373 1082 373 372 2893 
15374 1494 1441 1370 2508 
15375 2329 2533 2524 2786 
15376 2412 2299 2503 2666 
15377 2349 2659 2468 2749 
15378 205 861 204 2848 
15379 1448 1478 1509 2624 
15380 1128 433 432 2855 
15381 137 812 136 2846 
15382 1118 428 429 2911 
15383 2732 2785 2418 2857 
15384 321 1024 322 2877 
15385 78 1352 1346 2894 
15386 2615 2862 2374 2871 
15387 272 939 254 2842 
15388 370 1078 371 2860 
15389 272 254 935 2842 
15390 222 221 899 2865 
15391 2389 2600 2352 2615 
15392 1158 463 445 2829 
15393 463 1155 445 2829 
15394 2452 2517 2306 2832 
15395 306 995 307 2849 
15396 800 151 152 2890 
15397 651 731 741 2708 
15398 1349 1348 1353 2648 
15399 1176 483 484 2863 
15400 1422 1421 1423 2530 
15401 421 1092 420 2822 
15402 94 770 95 2800 
15403 182 844 164 2871 
15404 164 841 182 2871 
15405 239 903 238 2880 
15406 2429 2845 2657 2898 
15407 817 120 119 2873 
15408 2417 2707 2416 2732 
15409 240 239 916 2787 
15410 326 327 996 2903 
15411 1063 355 354 2899 
15412 833 159 141 2832 
15413 141 159 834 2832 
15414 2460 2580 2302 2882 
15415 274 941 256 2856 
15416 274 256 940 2856 
15417 726 756 680 2771 
15418 1404 1475 1403 2784 
15419 2555 2573 2320 2739 
15420 504 2831 2545 2878 
15421 208 226 907 2881 
15422 905 226 208 2881 
15423 263 262 964 2901 
15424 2349 2659 2523 2695 
15425 147 808 129 2910 
15426 2340 2731 2503 2796 
15427 129 806 147 2910 
15428 648 649 599 2876 
15429 2600 2820 2382 2826 
15430 656 655 657 2861 
15431 1470 1369 1452 2466 
15432 915 242 241 2788 
15433 1317 72 1329 2847 
15434 126 790 125 2826 
15435 1410 2712 2593 2717 
15436 82 81 772 2850 
15437 1463 1470 1452 2466 
15438 2365 2655 2415 2852 
15439 290 291 958 2908 
15440 767 90 108 2827 
15441 90 771 108 2827 
15442 1019 333 334 2859 
15443 1508 1455 1390 2694 
15444 136 831 137 2846 
15445 2407 2465 2323 2888 
15446 2330 2567 2565 2881 
15447 2301 2425 2528 2791 
15448 2336 2676 2575 2745 
15449 1288 1271 1285 2851 
15450 243 244 924 2876 
15451 2358 2668 2630 2853 
15452 2488 2364 2755 2849 
15453 2545 2652 2327 2827 
15454 2465 2632 2367 2793 
15455 798 119 120 2873 
15456 1412 1369 1513 2559 
15457 1112 421 420 2822 
15458 2301 2527 2425 2791 
15459 1206 94 95 2800 
15460 151 820 152 2890 
15461 2616 2710 2359 2911 
15462 748 2424 647 2560 
15463 327 326 1015 2903 
15464 749 616 728 2590 
15465 2657 2795 2392 2898 
15466 263 945 262 2901 
15467 2327 2652 2545 2815 
15468 422 440 1104 2896 
15469 422 1105 440 2896 
15470 2418 2785 2534 2857 
15471 1354 1359 1344 2851 
15472 78 745 1352 2894 
15473 2390 2727 2543 2800 
15474 654 656 727 2617 
15475 423 1134 441 2906 
15476 423 441 1133 2906 
15477 1399 1461 1400 2607 
15478 2533 2582 2357 2838 
15479 1199 512 98 2885 
15480 512 1200 98 2885 
15481 975 291 290 2908 
15482 2330 2565 2660 2881 
15483 748 647 700 2560 
15484 1038 334 333 2859 
15485 2375 2632 2465 2740 
15486 617 740 72 2847 
15487 2428 2710 2616 2835 
15488 779 84 83 2854 
15489 602 688 697 2641 
15490 1454 1366 1472 2793 
15491 1335 1330 1321 2765 
15492 1208 504 503 2831 
15493 2464 2308 2577 2856 
15494 244 243 943 2876 
15495 2336 2575 2403 2745 
15496 2465 2793 2570 2907 
15497 338 337 1041 2905 
15498 2577 2812 2464 2856 
15499 2326 2630 2688 2864 
15500 2375 2400 2670 2740 
15501 2452 2820 2517 2832 
15502 656 2613 727 2617 
15503 475 1150 474 2909 
15504 600 687 698 2527 
15505 376 375 1079 2898 
15506 1396 1472 1373 2570 
15507 2656 2783 2243 2844 
15508 743 622 625 2723 
15509 1413 1365 1414 2638 
15510 2805 2806 2501 2831 
15511 2333 2506 2428 2835 
15512 1378 1461 1516 2574 
15513 1479 1511 1458 2736 
15514 1189 503 504 2831 
15515 83 84 1216 2854 
15516 631 630 608 2621 
15517 622 743 623 2723 
15518 1476 1423 1505 2705 
15519 531 1360 56 1490 
15520 2310 2582 2522 2812 
15521 725 4 75 1358 
15522 1023 337 338 2905 
15523 2543 2727 2362 2770 
15524 2420 2809 2409 2905 
15525 603 25 24 1134 
15526 1368 48 49 1123 
15527 2468 2534 2357 2838 
15528 376 1062 375 2898 
15529 1427 1499 1524 2869 
15530 475 474 1165 2909 
15531 1510 1471 1457 2678 
15532 2444 2353 2714 2834 
15533 707 600 689 2627 
15534 347 346 1035 2912 
15535 2347 2444 2714 2860 
15536 2346 2559 2466 2761 
15537 2302 2580 2482 2882 
15538 2556 2734 2343 2746 
15539 401 402 1069 2888 
15540 2539 2853 2358 2854 
15541 1279 1278 1277 2825 
15542 618 745 78 2894 
15543 725 74 4 1335 
15544 102 103 778 2872 
15545 530 56 1337 1490 
15546 286 285 984 2887 
15547 1489 54 1312 519 
15548 1489 1289 54 518 
15549 1310 63 2 724 
15550 629 24 23 1115 
15551 1394 47 48 1104 
15552 1287 2 62 724 
15553 2465 2323 2888 2907 
15554 1184 506 507 2892 
15555 1491 513 53 1288 
15556 2228 2843 2844 2902 
15557 1 57 726 1286 
15558 524 1487 55 1313 
15559 1487 525 55 1336 
15560 1092 403 402 2907 
15561 1522 1444 1493 2803 
15562 726 80 1 1361 
15563 69 3 1334 722 
15564 1311 3 68 722 
15565 53 536 1491 1359 
15566 347 1017 346 2912 
15567 2290 2431 2540 2813 
15568 656 654 655 2617 
15569 1087 402 401 2888 
15570 2549 2343 2734 2746 
15571 648 717 649 2496 
15572 797 103 102 2872 
15573 2632 2756 2367 2793 
15574 967 285 286 2887 
15575 1408 2712 1410 2717 
15576 17 16 610 982 
15577 971 41 40 1375 
15578 214 196 891 2857 
15579 894 196 214 2857 
15580 2290 2539 2431 2813 
15581 506 1204 507 2892 
15582 2566 2577 2308 2856 
15583 711 761 614 2581 
15584 1476 1526 1423 2705 
15585 646 645 644 2711 
15586 2523 2659 2413 2842 
15587 648 605 717 2496 
15588 1070 402 403 2907 
15589 735 657 752 2861 
15590 2426 2508 2321 2790 
15591 27 28 1191 619 
15592 51 52 1384 1180 
15593 2524 2533 2357 2534 
15594 26 27 1172 601 
15595 51 50 1161 1364 
15596 2310 2582 2413 2749 
15597 2407 2690 2400 2740 
15598 656 740 727 2613 
15599 2621 2714 2353 2730 
15600 692 745 618 2894 
15601 2334 2893 2554 2899 
15602 2699 2390 2800 2891 
15603 18 17 647 1001 
15604 42 41 990 1412 
15605 1474 1437 1434 2814 
15606 672 709 669 2817 
15607 2424 2808 2425 2859 
15608 10 9 685 849 
15609 838 34 33 1450 
15610 868 10 11 609 
15611 858 35 34 1374 
15612 2431 2813 2539 2854 
15613 12 11 676 887 
15614 1441 35 36 876 
15615 39 40 1469 953 
15616 963 15 16 704 
15617 647 748 604 2424 
15618 12 13 906 605 
15619 1370 36 37 895 
15620 672 758 709 2817 
15621 2407 2740 2465 2888 
15622 2469 2623 2364 2849 
15623 5 28 607 1210 
15624 1199 29 52 1372 
15625 1513 1407 1409 2895 
15626 1401 1403 1518 2779 
15627 688 8 7 811 
15628 801 32 31 1453 
15629 707 631 608 2621 
15630 14 13 648 925 
15631 914 38 37 1413 
15632 2585 2757 2348 2909 
15633 1494 1370 1482 2508 
15634 1311 543 3 1334 
15635 1492 1419 1424 2649 
15636 1359 1288 53 539 
15637 1 1286 1361 537 
15638 1313 1336 55 545 
15639 1010 43 42 1369 
15640 19 18 604 1020 
15641 2425 2791 2527 2859 
15642 1408 1409 1407 2895 
15643 2312 2560 2436 2874 
15644 672 742 719 2769 
15645 2727 2800 2390 2891 
15646 1287 540 2 1310 
15647 542 54 1312 1289 
15648 14 15 944 599 
15649 1365 38 39 933 
15650 731 651 653 2708 
15651 694 712 746 2737 
15652 1392 1389 1391 2610 
15653 2655 2852 2365 2872 
15654 692 706 745 2858 
15655 1457 1408 1512 2712 
15656 22 23 1096 608 
15657 1086 47 46 1373 
15658 672 719 720 2769 
15659 1437 1474 1523 2814 
15660 705 604 748 2424 
15661 7 6 606 792 
15662 781 31 30 1371 
15663 21 20 600 1058 
15664 45 44 1047 1366 
15665 1358 1335 4 546 
15666 1337 56 548 1360 
15667 21 22 1077 707 
15668 1066 46 45 1472 
15669 2393 2865 2787 2880 
15670 1153 25 26 703 
15671 49 50 1468 1143 
15672 2467 2751 2411 2909 
15673 2534 2750 2418 2857 
15674 830 8 9 602 
15675 1367 32 33 819 
15676 1409 1408 1410 2717 
15677 2393 2682 2865 2880 
15678 1410 1408 1457 2712 
15679 634 696 744 2792 
15680 773 5 6 674 
15681 1439 29 30 763 
15682 1481 1428 1462 2867 
15683 1411 1409 1410 2717 
15684 687 20 19 1039 
15685 43 44 1452 1029 
15686 692 645 706 2858 
15687 2511 2876 2442 2901 
15688 1515 1462 1428 2867 
15689 2863 1175 2423 465 
15690 2863 2423 1175 2721 
15691 2618 1300 1306 1314 
15692 2618 1306 1300 2369 
15693 2726 2455 2361 2383 
15694 2726 2361 2455 2687 
15695 2338 2680 2525 2230 
15696 2525 2680 2338 2599 
15697 2493 2265 1484 2289 
15698 2493 1484 2265 2396 
15699 2811 2369 2590 2439 
15700 2811 2590 2369 2564 
15701 2875 2238 2317 2266 
15702 2875 2317 2238 2719 
15703 2402 2292 2274 2381 
15704 2402 2274 2292 2329 
15705 2743 2269 2255 2631 
15706 2743 2255 2269 2614 
15707 2590 2564 2653 2369 
15708 2590 2653 2564 2229 
15709 2726 2361 2910 2443 
15710 2726 2910 2361 2687 
15711 2511 279 261 962 
15712 2511 261 279 704 
15713 2320 2478 1426 2275 
15714 2320 1426 2478 1464 
15715 1500 1426 2478 2275 
15716 1500 2478 1426 1464 
15717 718 2841 756 2373 
15718 718 756 2841 639 
15719 760 756 2841 2373 
15720 760 2841 756 639 
15721 2905 1022 2758 2722 
15722 2905 2758 1022 320 
15723 2528 2296 2247 2420 
15724 2528 2247 2296 2301 
15725 2294 2510 2340 2261 
15726 2340 2510 2294 2260 
15727 2448 2887 2697 966 
15728 2448 2697 2887 2583 
15729 284 2697 2887 966 
15730 284 2887 2697 2583 
15731 2557 739 2613 659 
15732 2557 2613 739 2406 
15733 2868 1426 1428 1427 
15734 2868 1428 1426 2867 
15735 2518 1466 1502 1415 
15736 2518 1502 1466 2435 
15737 2516 2639 2487 2335 
15738 2487 2639 2516 2231 
15739 2880 257 239 2787 
15740 2880 239 257 921 
15741 2800 112 94 770 
15742 2800 94 112 2699 
15743 313 2553 2435 979 
15744 2435 2553 313 2546 
15745 2634 185 2739 860 
15746 2634 2739 185 2512 
15747 2759 2797 2594 1280 
15748 2594 2797 2759 2398 
15749 2770 1169 490 2720 
15750 2770 490 1169 491 
15751 2537 270 288 961 
15752 2537 288 270 2523 
15753 2798 1311 1306 722 
15754 2798 1306 1311 2618 
15755 2607 1402 2779 2453 
15756 2607 2779 1402 1400 
15757 2372 2884 2322 2264 
15758 2322 2884 2372 2277 
15759 2548 1089 2663 2408 
15760 2548 2663 1089 417 
15761 2585 1124 458 457 
15762 2585 458 1124 2514 
15763 2891 490 508 1185 
15764 2891 508 490 2727 
15765 2828 1338 2541 1324 
15766 2828 2541 1338 2521 
15767 2690 2304 2280 2408 
15768 2690 2280 2304 2407 
15769 2877 323 2391 1027 
15770 2877 2391 323 2536 
15771 2326 2864 2278 2655 
15772 2326 2278 2864 2480 
15773 2415 2278 2864 2655 
15774 2415 2864 2278 2480 
15775 2550 2343 2734 2549 
15776 2550 2734 2343 2385 
15777 2738 193 175 871 
15778 2738 175 193 2658 
15779 2869 1435 1429 2394 
15780 2869 1429 1435 1524 
15781 2768 191 2354 2565 
15782 2768 2354 191 869 
15783 2463 2354 191 2565 
15784 2463 191 2354 869 
15785 2509 2428 2332 2284 
15786 2509 2332 2428 2355 
15787 2682 2321 2865 2634 
15788 2682 2865 2321 2393 
15789 2354 2681 2463 2276 
15790 2463 2681 2354 2861 
15791 2903 308 2372 996 
15792 2903 2372 308 2623 
15793 2615 144 162 2600 
15794 2615 162 144 824 
15795 308 2903 326 996 
15796 326 2903 308 2755 
15797 2711 741 701 646 
15798 2711 701 741 2307 
15799 2646 127 109 783 
15800 2646 109 127 2654 
15801 2578 1436 2396 2324 
15802 2578 2396 1436 1488 
15803 140 2700 2415 813 
15804 2415 2700 140 2519 
15805 2693 452 2745 1145 
15806 2693 2745 452 2650 
15807 473 2909 2411 1164 
15808 2411 2909 473 2575 
15809 2581 2661 2486 2235 
15810 2486 2661 2581 2606 
15811 2810 425 2427 2628 
15812 2810 2427 425 1140 
15813 2677 2427 425 2628 
15814 2677 425 2427 1140 
15815 2827 2654 2652 2371 
15816 2827 2652 2654 786 
15817 109 2652 2654 2371 
15818 109 2654 2652 786 
15819 2600 837 2820 143 
15820 2600 2820 837 2517 
15821 272 2908 290 958 
15822 290 2908 272 2766 
15823 2268 2494 2819 2309 
15824 2819 2494 2268 2378 
15825 2525 2736 2479 2341 
15826 2479 2736 2525 2232 
15827 335 2791 2425 1040 
15828 2425 2791 335 2706 
15829 2818 400 2407 1093 
15830 2818 2407 400 2690 
15831 2899 336 2420 1044 
15832 2899 2420 336 2706 
15833 309 2903 2372 996 
15834 2372 2903 309 2622 
15835 2615 802 2654 2454 
15836 2615 2654 802 145 
15837 2260 2550 2294 2340 
15838 2294 2550 2260 2385 
15839 2775 2414 310 2622 
15840 2801 310 2414 2622 
15841 2801 955 2566 2491 
15842 2801 2566 955 293 
15843 2610 2624 2611 1451 
15844 2611 2624 2610 2248 
15845 2745 1129 2650 2366 
15846 2564 2667 2440 2226 
15847 2440 2667 2564 2369 
15848 2450 2700 2846 138 
15849 2450 2846 2700 2457 
15850 836 2846 2700 138 
15851 836 2700 2846 2457 
15852 2743 2269 2231 2614 
15853 2743 2231 2269 2405 
15854 2664 2702 2619 2259 
15855 2619 2702 2664 2237 
15856 2745 452 1129 453 
15857 2745 1129 452 2650 
15858 2757 1161 1468 1364 
15859 2757 1468 1161 476 
15860 50 1468 1161 1364 
15861 50 1161 1468 476 
15862 2864 122 104 795 
15863 2864 104 122 2655 
15864 2710 466 2446 1157 
15865 2710 2446 466 2703 
15866 218 2522 236 901 
15867 218 236 2522 2533 
15868 2710 1160 466 448 
15869 2710 466 1160 2703 
15870 2514 1498 1520 1449 
15871 2514 1520 1498 2286 
15872 2752 2592 2568 2236 
15873 2752 2568 2592 2373 
15874 137 2873 2450 817 
15875 2450 2873 137 2846 
15876 2450 138 137 817 
15877 137 138 2450 2846 
15878 154 2846 2641 2356 
15879 154 2485 2641 829 
15880 2641 2485 154 2356 
15881 1080 2713 2893 391 
15882 2893 2713 1080 2596 
15883 2451 2365 2271 2450 
15884 2451 2271 2365 2328 
15885 2558 451 469 1144 
15886 2558 469 451 2650 
15887 2661 2705 2606 2486 
15888 2606 2705 2661 2438 
15889 2591 2645 2562 2244 
15890 2562 2645 2591 2398 
15891 2718 2592 2295 2236 
15892 2718 2295 2592 2296 
15893 2760 1172 619 601 
15894 2760 619 1172 477 
15895 27 619 1172 601 
15896 27 1172 619 477 
15897 2857 197 2534 894 
15898 2857 2534 197 2785 
15899 2748 489 1184 488 
15900 2748 1184 489 2532 
15901 2683 329 2414 992 
15902 2683 2414 329 2775 
15903 311 2414 329 992 
15904 311 329 2414 2775 
15905 2830 2256 2293 2749 
15906 2830 2293 2256 2561 
15907 2758 319 301 1003 
15908 2758 301 319 2809 
15909 2803 1433 1435 2394 
15910 2803 1435 1433 1493 
15911 2627 1077 600 369 
15912 2627 600 1077 707 
15913 21 600 1077 369 
15914 21 1077 600 707 
15915 2658 174 2679 873 
15916 2658 2679 174 2463 
15917 2911 446 428 1138 
15918 2911 428 446 2588 
15919 2745 1131 2575 454 
15920 2745 2575 1131 2676 
15921 455 2575 1131 454 
15922 455 1131 2575 2676 
15923 1203 2725 2543 96 
15924 2543 2725 1203 2493 
15925 2330 717 652 655 
15926 2330 652 717 2496 
15927 2641 830 688 135 
15928 2641 688 830 602 
15929 8 688 830 135 
15930 8 830 688 602 
15931 685 2768 699 609 
15932 699 2768 685 2485 
15933 2682 2634 202 2381 
15934 2682 202 2634 203 
15935 865 202 2634 2381 
15936 865 2634 202 203 
15937 95 2725 2395 765 
15938 2395 2725 95 2800 
15939 2395 113 95 765 
15940 151 2692 133 804 
15941 858 2686 1450 188 
15942 1450 2686 858 1374 
15943 1450 34 858 188 
15944 858 34 1450 1374 
15945 2351 2879 2445 2261 
15946 2445 2879 2351 2391 
15947 2445 2392 2351 2261 
15948 2351 2392 2445 2391 
15949 2558 467 449 1151 
15950 2558 449 467 2703 
15951 2632 367 2793 1051 
15952 2632 2793 367 2756 
15953 2821 1119 2911 411 
15954 2530 1517 2275 1422 
15955 2530 2275 1517 2321 
15956 2850 1210 674 607 
15957 2850 674 1210 81 
15958 5 674 1210 607 
15959 5 1210 674 81 
15960 2585 1149 2676 456 
15961 2585 2676 1149 2575 
15962 455 2676 1149 456 
15963 455 1149 2676 2575 
15964 2663 433 2379 1111 
15965 2663 2379 433 2855 
15966 415 2379 433 1111 
15967 415 433 2379 2855 
15968 379 2499 2549 1068 
15969 379 2549 2499 2796 
15970 2887 986 284 285 
15971 2887 284 986 2583 
15972 2372 308 2622 309 
15973 2372 2622 308 2623 
15974 2908 2622 308 309 
15975 2908 308 2622 2623 
15976 2385 394 2795 1084 
15977 2385 2795 394 2837 
15978 2898 2795 394 1084 
15979 2898 394 2795 2837 
15980 2485 2641 602 2356 
15981 602 2641 2485 153 
15982 2397 800 2692 133 
15983 2397 2692 800 2890 
15984 151 2692 800 133 
15985 151 800 2692 2890 
15986 2904 893 2658 210 
15987 2904 2658 893 2565 
15988 2823 1122 430 412 
15989 430 1119 2823 412 
15990 2823 1119 430 2616 
15991 2485 661 2354 2276 
15992 2485 2354 661 699 
15993 2770 490 2727 2720 
15994 2770 2727 490 1186 
15995 2735 723 2328 2576 
15996 2735 2328 723 702 
15997 2845 392 374 1081 
15998 2845 374 392 2596 
15999 310 2775 2801 2414 
16000 310 2801 2775 998 
16001 311 2801 2775 2414 
16002 311 2775 2801 998 
16003 2903 2883 344 345 
16004 1032 344 2883 345 
16005 2678 1348 1349 2648 
16006 2678 1349 1348 1341 
16007 2680 2900 2824 2461 
16008 2824 2900 2680 2268 
16009 2881 888 2567 2565 
16010 2881 2567 888 208 
16011 2733 1516 2624 2574 
16012 2733 2624 1516 1443 
16013 2802 2343 2459 2385 
16014 2802 2459 2343 2608 
16015 328 2490 310 997 
16016 328 310 2490 2775 
16017 2852 794 122 121 
16018 122 794 2852 2415 
16019 122 813 2852 121 
16020 2852 813 122 2415 
16021 2727 2720 2891 2532 
16022 2727 2891 2720 490 
16023 1185 2891 2720 2532 
16024 1185 2720 2891 490 
16025 2820 125 2600 818 
16026 2820 2600 125 2826 
16027 2775 2346 2322 2471 
16028 2775 2322 2346 2414 
16029 2517 2696 2600 2389 
16030 2517 2600 2696 161 
16031 828 2600 2696 2389 
16032 828 2696 2600 161 
16033 984 2887 304 286 
16034 984 304 2887 2716 
16035 989 304 2887 286 
16036 989 2887 304 2716 
16037 2522 220 2880 902 
16038 2522 2880 220 2682 
16039 2700 140 832 139 
16040 2700 832 140 2519 
16041 2768 888 191 2565 
16042 2768 191 888 190 
16043 2424 2296 705 2425 
16044 2424 705 2296 2794 
16045 640 705 2296 2425 
16046 640 2296 705 2794 
16047 2740 2670 2690 2400 
16048 2740 2690 2670 382 
16049 1073 2690 2670 2400 
16050 1073 2670 2690 382 
16051 2743 2631 2843 2405 
16052 2743 2843 2631 2255 
16053 2455 2643 2505 2361 
16054 2505 2643 2455 2324 
16055 1011 2761 347 348 
16056 1011 347 2761 2471 
16057 1030 347 2761 348 
16058 1030 2761 347 2471 
16059 2724 2780 2651 2271 
16060 2651 2780 2724 2439 
16061 2877 1008 323 322 
16062 2877 323 1008 2536 
16063 883 2762 219 2402 
16064 883 219 2762 201 
16065 882 219 2762 2402 
16066 882 2762 219 201 
16067 2671 1065 2795 2392 
16068 2671 2795 1065 359 
16069 2788 895 1413 242 
16070 2788 1413 895 1370 
16071 37 1413 895 242 
16072 37 895 1413 1370 
16073 2452 2780 2318 2306 
16074 2318 2780 2452 2415 
16075 487 2474 469 1166 
16076 469 2474 487 2748 
16077 2624 2619 2733 2237 
16078 2624 2733 2619 2399 
16079 2810 425 1121 426 
16080 2810 1121 425 2628 
16081 966 2772 266 2448 
16082 966 266 2772 267 
16083 947 266 2772 2448 
16084 947 2772 266 267 
16085 2810 409 427 1120 
16086 2810 427 409 2587 
16087 925 2876 599 243 
16088 599 2876 925 648 
16089 599 14 925 243 
16090 925 14 599 648 
16091 2911 2459 1119 2821 
16092 2911 1119 2459 2616 
16093 2474 486 468 1166 
16094 2474 468 486 2806 
16095 2610 1520 1448 1392 
16096 2610 1448 1520 2286 
16097 1026 2809 317 2489 
16098 1026 317 2809 318 
16099 1007 317 2809 2489 
16100 1007 2809 317 318 
16101 862 2785 199 2524 
16102 862 199 2785 198 
16103 881 199 2785 2524 
16104 881 2785 199 198 
16105 2395 770 95 113 
16106 2395 95 770 2800 
16107 2874 1007 2808 299 
16108 2874 2808 1007 2489 
16109 2903 2665 2883 2412 
16110 2903 2883 2665 344 
16111 1032 2883 2665 2412 
16112 1032 2665 2883 344 
16113 1163 2693 469 2404 
16114 1163 469 2693 470 
16115 1148 469 2693 2404 
16116 1148 2693 469 470 
16117 2909 1149 473 2575 
16118 2909 473 1149 474 
16119 2578 1453 1467 2397 
16120 2578 1467 1453 1371 
16121 811 2735 606 688 
16122 606 2735 811 117 
16123 606 7 811 688 
16124 811 7 606 117 
16125 713 2792 683 744 
16126 683 2792 713 2542 
16127 2540 620 619 715 
16128 2540 619 620 2760 
16129 2794 2360 2296 2489 
16130 2794 2296 2360 2262 
16131 896 2788 224 2508 
16132 896 224 2788 242 
16133 895 224 2788 2508 
16134 895 2788 224 242 
16135 2895 2546 1465 1513 
16136 2895 1465 2546 2311 
16137 777 2767 105 106 
16138 777 105 2767 2480 
16139 796 105 2767 106 
16140 796 2767 105 2480 
16141 2758 1023 2905 2409 
16142 2758 2905 1023 320 
16143 2605 696 613 2434 
16144 2605 613 696 751 
16145 2670 2632 2740 383 
16146 2670 2740 2632 2375 
16147 2670 2470 2471 365 
16148 2471 2470 2670 2375 
16149 2471 2632 2670 365 
16150 2670 2632 2471 2375 
16151 2524 199 2533 881 
16152 2524 2533 199 2786 
16153 1099 2837 411 393 
16154 411 2837 1099 2821 
16155 2890 801 1367 152 
16156 2890 1367 801 1453 
16157 32 1367 801 152 
16158 32 801 1367 1453 
16159 2698 2303 2376 2298 
16160 2698 2376 2303 2552 
16161 1025 2905 336 337 
16162 1025 336 2905 2420 
16163 1044 336 2905 337 
16164 1044 2905 336 2420 
16165 2566 2242 2597 2337 
16166 2566 2597 2242 2308 
16167 2368 2597 2242 2337 
16168 2368 2242 2597 2308 
16169 2781 93 111 768 
16170 2781 111 93 2699 
16171 2720 1146 2745 472 
16172 2720 2745 1146 2403 
16173 2859 1020 687 604 
16174 2859 687 1020 333 
16175 774 2850 83 82 
16176 774 83 2850 2431 
16177 1211 83 2850 82 
16178 1211 2850 83 2431 
16179 2540 623 719 2290 
16180 2540 719 623 715 
16181 2832 2416 160 2517 
16182 2832 160 2416 2707 
16183 2606 2667 1325 2472 
16184 2606 1325 2667 1326 
16185 1319 1325 2667 2472 
16186 1319 2667 1325 1326 
16187 2754 2304 2492 2248 
16188 2492 2304 2754 2422 
16189 2492 2336 2754 2248 
16190 2754 2336 2492 2422 
16191 2723 621 620 622 
16192 2723 620 621 2580 
16193 2866 2455 131 2692 
16194 2866 131 2455 2505 
16195 486 2878 2831 1183 
16196 2831 2878 486 2806 
16197 904 2838 233 234 
16198 904 233 2838 2468 
16199 923 233 2838 234 
16200 923 2838 233 2468 
16201 2868 1515 2258 1430 
16202 2868 2258 1515 2867 
16203 2397 2258 1515 1430 
16204 2397 1515 2258 2867 
16205 2674 1177 2384 2673 
16206 2674 2384 1177 480 
16207 2832 2419 158 2707 
16208 2832 158 2419 2519 
16209 2861 677 735 2354 
16210 2861 735 677 752 
16211 493 2836 511 1181 
16212 511 2836 493 2751 
16213 2700 2419 157 2519 
16214 2700 157 2419 2679 
16215 2627 698 2301 2527 
16216 2627 2301 698 689 
16217 2670 383 382 1055 
16218 2670 382 383 2740 
16219 2740 400 382 1074 
16220 2740 382 400 2690 
16221 2725 2886 2493 2396 
16222 2493 2886 2725 97 
16223 500 2688 86 1213 
16224 86 2688 500 2668 
16225 2723 621 624 2302 
16226 2723 624 621 622 
16227 2691 1526 1423 1425 
16228 2691 1423 1526 2705 
16229 2818 2304 2492 2422 
16230 2818 2492 2304 2548 
16231 2823 2343 2734 2385 
16232 2823 2734 2343 2556 
16233 389 2834 407 1102 
16234 407 2834 389 2714 
16235 2762 2292 2402 2381 
16236 2762 2402 2292 2483 
16237 2312 2424 748 2560 
16238 748 2424 2312 2794 
16239 2712 2741 2717 2264 
16240 2717 2741 2712 2593 
16241 2678 534 1383 1510 
16242 2678 1383 534 1341 
16243 2822 2422 1106 2584 
16244 2822 1106 2422 2701 
16245 2718 2360 2296 2262 
16246 2718 2296 2360 2409 
16247 2827 2371 2327 2481 
16248 2827 2327 2371 2652 
16249 2897 714 626 628 
16250 2897 626 714 2645 
16251 2884 2763 2322 2246 
16252 2884 2322 2763 2277 
16253 2793 1463 1454 1366 
16254 2793 1454 1463 2367 
16255 2761 2297 2756 2466 
16256 2761 2756 2297 2471 
16257 2367 2756 2297 2466 
16258 2367 2297 2756 2471 
16259 2885 511 512 1200 
16260 2885 512 511 2836 
16261 2553 2647 2435 2491 
16262 2435 2647 2553 2311 
16263 2898 2385 2294 2456 
16264 2898 2294 2385 2795 
16265 2749 2838 2659 2468 
16266 2659 2838 2749 2582 
16267 2886 1372 98 2885 
16268 2886 98 1372 1439 
16269 2880 2449 2393 2464 
16270 2880 2393 2449 2787 
16271 2907 2701 1092 2822 
16272 2907 1092 2701 2888 
16273 2857 2515 2303 2804 
16274 2857 2303 2515 2750 
16275 810 2735 135 2641 
16276 810 135 2735 117 
16277 811 135 2735 2641 
16278 811 2735 135 117 
16279 2665 2763 2503 2412 
16280 2503 2763 2665 2351 
16281 2641 154 136 2846 
16282 136 154 2641 829 
16283 430 2823 2835 1122 
16284 2835 2823 430 2616 
$EndElements
